Invoice ID,Branch,City,Customer type,Gender,Product line,Unit price,Quantity,cogs,Tax 5%,selling price,profit,Date,Time,Payment,Rating
750-67-8428,A,Trichy,Member,Female,Health and beauty,74.69,7,522.83,26.1415,596.97,48.00,5/1/2019,13:08,Ewallet,9.1
226-31-3081,C,Chennai,Normal,Female,Electronic accessories,15.28,5,76.4,3.82,109.22,29.00,8/3/2019,10:29,Cash,9.6
631-41-3108,A,Trichy,Normal,Male,Home and lifestyle,46.33,7,324.31,16.2155,385.53,45.00,3/3/2019,13:23,Credit card,7.4
123-19-1176,A,Trichy,Member,Male,Health and beauty,58.22,8,465.76,23.288,504.05,15.00,1/27/2019,20:33,Ewallet,8.4
373-73-7910,A,Trichy,Normal,Male,Sports and travel,86.31,7,604.17,30.2085,646.38,12.00,8/2/2019,10:37,Ewallet,5.3
699-14-3026,C,Chennai,Normal,Male,Electronic accessories,85.39,7,597.73,29.8865,662.62,35.00,3/25/2019,18:30,Ewallet,4.1
355-53-5943,A,Trichy,Member,Female,Electronic accessories,68.84,6,413.04,20.652,466.69,33.00,2/25/2019,14:36,Ewallet,5.8
315-22-5665,C,Chennai,Normal,Female,Home and lifestyle,73.56,10,735.6,36.78,819.38,47.00,2/24/2019,11:38,Ewallet,8
665-32-9167,A,Trichy,Member,Female,Health and beauty,36.26,2,72.52,3.626,86.15,10.00,10/1/2019,17:15,Credit card,7.2
692-92-5582,B,karur,Member,Female,Food and beverages,54.84,3,164.52,8.226,211.75,39.00,2/20/2019,13:27,Credit card,5.9
351-62-0822,B,karur,Member,Female,Fashion accessories,14.48,4,57.92,2.896,83.82,23.00,6/2/2019,18:07,Ewallet,4.5
529-56-3974,B,karur,Member,Male,Electronic accessories,25.51,4,102.04,5.102,147.14,40.00,9/3/2019,17:03,Cash,6.8
365-64-0515,A,Trichy,Normal,Female,Electronic accessories,46.95,5,234.75,11.7375,259.49,13.00,12/2/2019,10:25,Ewallet,7.1
252-56-2699,A,Trichy,Normal,Male,Food and beverages,43.19,10,431.9,21.595,477.50,24.00,7/2/2019,16:48,Ewallet,8.2
829-34-3910,A,Trichy,Normal,Female,Health and beauty,71.38,10,713.8,35.69,799.49,50.00,3/29/2019,19:21,Cash,5.7
299-46-1805,B,karur,Member,Female,Sports and travel,93.72,6,562.32,28.116,633.44,43.00,1/15/2019,16:19,Cash,4.5
656-95-9349,A,Trichy,Member,Female,Health and beauty,68.93,7,482.51,24.1255,552.64,46.00,11/3/2019,11:03,Credit card,4.6
765-26-6951,A,Trichy,Normal,Male,Sports and travel,72.61,6,435.66,21.783,501.44,44.00,1/1/2019,10:39,Credit card,6.9
329-62-1586,A,Trichy,Normal,Male,Food and beverages,54.67,3,164.01,8.2005,194.21,22.00,1/21/2019,18:00,Credit card,8.6
319-50-3348,B,karur,Normal,Female,Home and lifestyle,40.3,2,80.6,4.03,133.63,49.00,11/3/2019,15:30,Ewallet,4.4
300-71-4605,C,Chennai,Member,Male,Electronic accessories,86.04,5,430.2,21.51,468.71,17.00,2/25/2019,11:24,Ewallet,4.8
371-85-5789,B,karur,Normal,Male,Health and beauty,87.98,3,263.94,13.197,303.14,26.00,5/3/2019,10:40,Ewallet,5.1
273-16-6619,B,karur,Normal,Male,Home and lifestyle,33.2,2,66.4,3.32,91.72,22.00,3/15/2019,12:20,Credit card,4.4
636-48-8204,A,Trichy,Normal,Male,Electronic accessories,34.56,5,172.8,8.64,219.44,38.00,2/17/2019,11:15,Ewallet,9.9
549-59-1358,A,Trichy,Member,Male,Sports and travel,88.63,3,265.89,13.2945,290.18,11.00,2/3/2019,17:36,Ewallet,6
227-03-5010,A,Trichy,Member,Female,Home and lifestyle,52.59,8,420.72,21.036,452.76,11.00,3/22/2019,19:20,Credit card,8.5
649-29-6775,B,karur,Normal,Male,Fashion accessories,33.52,1,33.52,1.676,64.20,29.00,8/2/2019,15:31,Cash,6.7
189-17-4241,A,Trichy,Normal,Female,Fashion accessories,87.67,2,175.34,8.767,218.11,34.00,10/3/2019,12:17,Credit card,7.7
145-94-9061,B,karur,Normal,Female,Food and beverages,88.36,5,441.8,22.09,493.89,30.00,1/25/2019,19:48,Cash,9.6
848-62-7243,A,Trichy,Normal,Male,Health and beauty,24.89,9,224.01,11.2005,266.21,31.00,3/15/2019,15:36,Cash,7.4
871-79-8483,B,karur,Normal,Male,Fashion accessories,94.13,5,470.65,23.5325,516.18,22.00,2/25/2019,19:39,Credit card,4.8
149-71-6266,B,karur,Member,Male,Sports and travel,78.07,9,702.63,35.1315,754.76,17.00,1/28/2019,12:43,Cash,4.5
640-49-2076,B,karur,Normal,Male,Sports and travel,83.78,8,670.24,33.512,743.75,40.00,10/1/2019,14:49,Cash,5.1
595-11-5460,A,Trichy,Normal,Male,Health and beauty,96.58,2,193.16,9.658,242.82,40.00,3/15/2019,10:12,Credit card,5.1
183-56-6882,C,Chennai,Member,Female,Food and beverages,99.42,4,397.68,19.884,444.56,27.00,6/2/2019,10:42,Ewallet,7.5
232-16-2483,C,Chennai,Member,Female,Sports and travel,68.12,1,68.12,3.406,115.53,44.00,7/1/2019,12:28,Ewallet,6.8
129-29-8530,A,Trichy,Member,Male,Sports and travel,62.62,5,313.1,15.655,353.76,25.00,10/3/2019,19:15,Ewallet,7
272-65-1806,A,Trichy,Normal,Female,Electronic accessories,60.88,9,547.92,27.396,610.32,35.00,1/15/2019,17:17,Ewallet,4.7
333-73-7901,C,Chennai,Normal,Female,Health and beauty,54.92,8,439.36,21.968,504.33,43.00,3/23/2019,13:24,Ewallet,7.6
777-82-7220,B,karur,Member,Male,Home and lifestyle,30.12,8,240.96,12.048,284.01,31.00,3/3/2019,13:01,Cash,7.7
280-35-5823,B,karur,Member,Female,Home and lifestyle,86.72,1,86.72,4.336,113.06,22.00,1/17/2019,18:45,Ewallet,7.9
554-53-8700,C,Chennai,Member,Male,Home and lifestyle,56.11,2,112.22,5.611,133.83,16.00,2/2/2019,10:11,Cash,6.3
354-25-5821,B,karur,Member,Female,Sports and travel,69.12,6,414.72,20.736,483.46,48.00,8/2/2019,13:03,Cash,5.6
228-96-1411,C,Chennai,Member,Female,Food and beverages,98.7,8,789.6,39.48,878.08,49.00,4/3/2019,20:39,Cash,7.6
617-15-4209,C,Chennai,Member,Male,Health and beauty,15.37,2,30.74,1.537,48.28,16.00,3/16/2019,19:47,Cash,7.2
132-32-9879,B,karur,Member,Female,Electronic accessories,93.96,4,375.84,18.792,434.63,40.00,9/3/2019,18:00,Cash,9.5
370-41-7321,B,karur,Member,Male,Health and beauty,56.69,9,510.21,25.5105,575.72,40.00,2/27/2019,17:24,Credit card,8.4
727-46-3608,B,karur,Member,Female,Food and beverages,20.01,9,180.09,9.0045,221.09,32.00,6/2/2019,15:47,Ewallet,4.1
669-54-1719,B,karur,Member,Male,Electronic accessories,18.93,6,113.58,5.679,160.26,41.00,10/2/2019,12:45,Credit card,8.1
574-22-5561,C,Chennai,Member,Female,Fashion accessories,82.63,10,826.3,41.315,913.62,46.00,3/19/2019,17:08,Ewallet,7.9
326-78-5178,C,Chennai,Member,Male,Food and beverages,91.4,7,639.8,31.99,694.79,23.00,3/2/2019,10:19,Cash,9.5
162-48-8011,A,Trichy,Member,Female,Food and beverages,44.59,5,222.95,11.1475,247.10,13.00,10/2/2019,15:10,Cash,8.5
616-24-2851,B,karur,Member,Female,Fashion accessories,17.87,4,71.48,3.574,85.05,10.00,3/22/2019,14:42,Ewallet,6.5
778-71-5554,C,Chennai,Member,Male,Fashion accessories,15.43,1,15.43,0.7715,57.20,41.00,1/25/2019,15:46,Credit card,6.1
242-55-6721,B,karur,Normal,Male,Home and lifestyle,16.16,2,32.32,1.616,52.94,19.00,7/3/2019,11:49,Ewallet,6.5
399-46-5918,C,Chennai,Normal,Female,Electronic accessories,85.98,8,687.84,34.392,740.23,18.00,2/28/2019,19:01,Cash,8.2
106-35-6779,A,Trichy,Member,Male,Home and lifestyle,44.34,2,88.68,4.434,142.11,49.00,3/27/2019,11:26,Cash,5.8
635-40-6220,A,Trichy,Normal,Male,Health and beauty,89.6,8,716.8,35.84,797.64,45.00,7/2/2019,11:28,Ewallet,6.6
817-48-8732,A,Trichy,Member,Female,Home and lifestyle,72.35,10,723.5,36.175,769.68,10.00,1/20/2019,15:55,Cash,5.4
120-06-4233,C,Chennai,Normal,Male,Electronic accessories,30.61,6,183.66,9.183,240.84,48.00,12/3/2019,20:36,Cash,9.3
285-68-5083,C,Chennai,Member,Female,Sports and travel,24.74,3,74.22,3.711,115.93,38.00,2/15/2019,17:47,Credit card,10
803-83-5989,C,Chennai,Normal,Male,Home and lifestyle,55.73,6,334.38,16.719,375.10,24.00,2/24/2019,10:55,Ewallet,7
347-34-2234,B,karur,Member,Female,Sports and travel,55.07,9,495.63,24.7815,556.41,36.00,3/2/2019,13:40,Ewallet,10
199-75-8169,A,Trichy,Member,Male,Sports and travel,15.81,10,158.1,7.905,183.01,17.00,6/3/2019,12:27,Credit card,8.6
853-23-2453,B,karur,Member,Male,Health and beauty,75.74,4,302.96,15.148,338.11,20.00,2/14/2019,14:35,Cash,7.6
877-22-3308,A,Trichy,Member,Male,Health and beauty,15.87,10,158.7,7.935,194.64,28.00,3/13/2019,16:40,Cash,5.8
838-78-4295,C,Chennai,Normal,Female,Health and beauty,33.47,2,66.94,3.347,105.29,35.00,10/2/2019,15:43,Ewallet,6.7
109-28-2512,B,karur,Member,Female,Fashion accessories,97.61,6,585.66,29.283,629.94,15.00,7/1/2019,15:01,Ewallet,9.9
232-11-3025,A,Trichy,Normal,Male,Sports and travel,78.77,10,787.7,39.385,865.09,38.00,1/24/2019,10:04,Cash,6.4
382-03-4532,A,Trichy,Member,Female,Health and beauty,18.33,1,18.33,0.9165,40.25,21.00,2/2/2019,18:50,Cash,4.3
393-65-2792,C,Chennai,Normal,Male,Food and beverages,89.48,10,894.8,44.74,950.54,11.00,6/1/2019,12:46,Credit card,9.6
796-12-2025,C,Chennai,Normal,Male,Fashion accessories,62.12,10,621.2,31.06,669.26,17.00,11/2/2019,16:19,Cash,5.9
510-95-6347,B,karur,Member,Female,Food and beverages,48.52,3,145.56,7.278,188.84,36.00,5/3/2019,18:17,Ewallet,4
841-35-6630,C,Chennai,Normal,Female,Electronic accessories,75.91,6,455.46,22.773,505.23,27.00,9/3/2019,18:21,Cash,8.7
287-21-9091,A,Trichy,Normal,Male,Home and lifestyle,74.67,9,672.03,33.6015,744.63,39.00,1/22/2019,10:55,Ewallet,9.4
732-94-0499,C,Chennai,Normal,Female,Electronic accessories,41.65,10,416.5,20.825,466.33,29.00,1/13/2019,17:04,Credit card,5.4
263-10-3913,C,Chennai,Member,Male,Fashion accessories,49.04,9,441.36,22.068,490.43,27.00,9/1/2019,14:20,Credit card,8.6
381-20-0914,A,Trichy,Member,Female,Fashion accessories,20.01,9,180.09,9.0045,213.09,24.00,12/1/2019,15:48,Credit card,5.7
829-49-1914,C,Chennai,Member,Female,Food and beverages,78.31,10,783.1,39.155,852.26,30.00,5/3/2019,16:24,Ewallet,6.6
756-01-7507,C,Chennai,Normal,Female,Health and beauty,20.38,5,101.9,5.095,143.00,36.00,1/22/2019,18:56,Cash,6
870-72-4431,C,Chennai,Normal,Female,Health and beauty,99.19,6,595.14,29.757,647.90,23.00,1/21/2019,14:42,Credit card,5.5
847-38-7188,B,karur,Normal,Female,Food and beverages,96.68,3,290.04,14.502,320.54,16.00,1/26/2019,19:56,Ewallet,6.4
480-63-2856,C,Chennai,Normal,Male,Food and beverages,19.25,8,154,7.7,173.70,12.00,1/23/2019,18:37,Ewallet,6.6
787-56-0757,C,Chennai,Member,Female,Food and beverages,80.36,4,321.44,16.072,373.51,36.00,2/23/2019,18:45,Credit card,8.3
360-39-5055,C,Chennai,Member,Male,Sports and travel,48.91,5,244.55,12.2275,292.78,36.00,9/3/2019,10:17,Cash,6.6
730-50-9884,C,Chennai,Normal,Female,Sports and travel,83.06,7,581.42,29.071,640.49,30.00,5/3/2019,14:31,Ewallet,4
362-58-8315,C,Chennai,Normal,Male,Fashion accessories,76.52,5,382.6,19.13,443.73,42.00,3/25/2019,10:23,Cash,9.9
633-44-8566,A,Trichy,Member,Male,Food and beverages,49.38,7,345.66,17.283,393.94,31.00,3/27/2019,20:35,Credit card,7.3
504-35-8843,A,Trichy,Normal,Male,Sports and travel,42.47,1,42.47,2.1235,65.59,21.00,2/1/2019,16:57,Cash,5.7
318-68-5053,B,karur,Normal,Female,Health and beauty,76.99,6,461.94,23.097,522.04,37.00,2/27/2019,17:55,Cash,6.1
565-80-5980,C,Chennai,Member,Female,Home and lifestyle,47.38,4,189.52,9.476,220.00,21.00,1/23/2019,10:25,Cash,7.1
225-32-0908,C,Chennai,Normal,Female,Sports and travel,44.86,10,448.6,22.43,513.03,42.00,1/26/2019,19:54,Ewallet,8.2
873-51-0671,A,Trichy,Member,Female,Sports and travel,21.98,7,153.86,7.693,189.55,28.00,10/1/2019,16:42,Ewallet,5.1
152-08-9985,B,karur,Member,Male,Health and beauty,64.36,9,579.24,28.962,633.20,25.00,12/3/2019,12:09,Credit card,8.6
512-91-0811,C,Chennai,Normal,Male,Health and beauty,89.75,1,89.75,4.4875,104.24,10.00,6/2/2019,20:05,Credit card,6.6
594-34-4444,A,Trichy,Normal,Male,Electronic accessories,97.16,1,97.16,4.858,134.02,32.00,8/3/2019,20:38,Ewallet,7.2
766-85-7061,B,karur,Normal,Male,Health and beauty,87.87,10,878.7,43.935,953.64,31.00,3/29/2019,10:25,Ewallet,5.1
871-39-9221,C,Chennai,Normal,Female,Electronic accessories,12.45,6,74.7,3.735,122.44,44.00,9/2/2019,13:11,Cash,4.1
865-92-6136,A,Trichy,Normal,Male,Food and beverages,52.75,3,158.25,7.9125,184.16,18.00,3/23/2019,10:16,Ewallet,9.3
733-01-9107,B,karur,Normal,Male,Home and lifestyle,82.7,6,496.2,24.81,563.01,42.00,5/3/2019,18:14,Cash,7.4
163-56-7055,C,Chennai,Member,Male,Fashion accessories,48.71,1,48.71,2.4355,67.15,16.00,3/26/2019,19:20,Cash,4.1
189-98-2939,C,Chennai,Normal,Male,Fashion accessories,78.55,9,706.95,35.3475,758.30,16.00,1/3/2019,13:22,Cash,7.2
551-21-3069,C,Chennai,Normal,Female,Electronic accessories,23.07,9,207.63,10.3815,264.01,46.00,1/2/2019,11:27,Cash,4.9
212-62-1842,A,Trichy,Normal,Male,Food and beverages,58.26,6,349.56,17.478,384.04,17.00,3/28/2019,16:44,Cash,9.9
716-39-1409,B,karur,Normal,Male,Health and beauty,30.35,7,212.45,10.6225,236.07,13.00,3/19/2019,18:19,Cash,8
704-48-3927,A,Trichy,Member,Male,Electronic accessories,88.67,10,886.7,44.335,944.04,13.00,12/1/2019,14:50,Ewallet,7.3
628-34-3388,C,Chennai,Normal,Male,Fashion accessories,27.38,6,164.28,8.214,195.49,23.00,5/1/2019,20:54,Credit card,7.9
630-74-5166,A,Trichy,Normal,Male,Sports and travel,62.13,6,372.78,18.639,432.42,41.00,3/22/2019,20:19,Cash,7.4
588-01-7461,C,Chennai,Normal,Female,Food and beverages,33.98,9,305.82,15.291,335.11,14.00,3/24/2019,10:43,Cash,4.2
861-77-0145,C,Chennai,Member,Male,Electronic accessories,81.97,10,819.7,40.985,899.69,39.00,3/3/2019,14:30,Cash,9.2
479-26-8945,B,karur,Member,Female,Sports and travel,16.49,2,32.98,1.649,79.63,45.00,5/2/2019,11:32,Ewallet,4.6
210-67-5886,C,Chennai,Member,Female,Health and beauty,98.21,3,294.63,14.7315,349.36,40.00,5/2/2019,10:41,Credit card,7.8
227-78-1148,B,karur,Normal,Female,Fashion accessories,72.84,7,509.88,25.494,577.37,42.00,2/15/2019,12:44,Cash,8.4
645-44-1170,A,Trichy,Member,Male,Home and lifestyle,58.07,9,522.63,26.1315,596.76,48.00,1/19/2019,20:07,Ewallet,4.3
237-01-6122,C,Chennai,Member,Female,Home and lifestyle,80.79,9,727.11,36.3555,799.47,36.00,1/2/2019,20:31,Credit card,9.5
225-98-1496,C,Chennai,Normal,Female,Fashion accessories,27.02,3,81.06,4.053,107.11,22.00,2/3/2019,13:01,Credit card,7.1
291-32-1427,B,karur,Member,Male,Fashion accessories,21.94,5,109.7,5.485,142.19,27.00,5/3/2019,12:29,Ewallet,5.3
659-65-8956,B,karur,Member,Male,Fashion accessories,51.36,1,51.36,2.568,68.93,15.00,1/16/2019,15:26,Ewallet,5.2
642-32-2990,A,Trichy,Normal,Female,Food and beverages,10.96,10,109.6,5.48,153.08,38.00,2/2/2019,20:48,Ewallet,6
378-24-2715,B,karur,Normal,Male,Home and lifestyle,53.44,2,106.88,5.344,130.22,18.00,1/20/2019,20:38,Ewallet,4.1
638-60-7125,A,Trichy,Normal,Female,Electronic accessories,99.56,8,796.48,39.824,865.30,29.00,2/14/2019,17:03,Credit card,5.2
659-36-1684,C,Chennai,Member,Male,Sports and travel,57.12,7,399.84,19.992,448.83,29.00,12/1/2019,12:02,Credit card,6.5
219-22-9386,B,karur,Member,Male,Sports and travel,99.96,9,899.64,44.982,968.62,24.00,9/3/2019,17:26,Credit card,4.2
336-78-2147,C,Chennai,Member,Male,Home and lifestyle,63.91,8,511.28,25.564,548.84,12.00,3/13/2019,19:52,Credit card,4.6
268-27-6179,B,karur,Member,Female,Fashion accessories,56.47,8,451.76,22.588,499.35,25.00,9/3/2019,14:57,Ewallet,7.3
668-90-8900,A,Trichy,Normal,Female,Home and lifestyle,93.69,7,655.83,32.7915,729.62,41.00,10/3/2019,18:44,Credit card,4.5
870-54-3162,A,Trichy,Normal,Female,Sports and travel,32.25,5,161.25,8.0625,185.31,16.00,1/27/2019,13:26,Cash,9
189-08-9157,C,Chennai,Normal,Female,Fashion accessories,31.73,9,285.57,14.2785,309.85,10.00,8/1/2019,16:17,Credit card,5.9
663-86-9076,C,Chennai,Member,Female,Food and beverages,68.54,8,548.32,27.416,624.74,49.00,8/1/2019,15:57,Ewallet,8.5
549-84-7482,B,karur,Normal,Female,Sports and travel,90.28,9,812.52,40.626,890.15,37.00,8/2/2019,11:15,Ewallet,7.2
191-10-6171,B,karur,Normal,Female,Fashion accessories,39.62,7,277.34,13.867,333.21,42.00,1/25/2019,13:18,Cash,7.5
802-70-5316,A,Trichy,Member,Female,Sports and travel,92.13,6,552.78,27.639,598.42,18.00,6/3/2019,20:34,Cash,8.3
695-51-0018,B,karur,Normal,Female,Sports and travel,34.84,4,139.36,6.968,180.33,34.00,10/2/2019,18:36,Cash,7.4
590-83-4591,B,karur,Member,Male,Electronic accessories,87.45,6,524.7,26.235,566.94,16.00,2/17/2019,14:40,Credit card,8.8
483-71-1164,C,Chennai,Normal,Female,Health and beauty,81.3,6,487.8,24.39,561.19,49.00,8/3/2019,16:43,Ewallet,5.3
597-78-7908,C,Chennai,Normal,Male,Fashion accessories,90.22,3,270.66,13.533,310.19,26.00,2/18/2019,19:39,Cash,6.2
700-81-1757,A,Trichy,Normal,Female,Electronic accessories,26.31,5,131.55,6.5775,165.13,27.00,1/18/2019,20:59,Credit card,8.8
354-39-5160,A,Trichy,Member,Female,Home and lifestyle,34.42,6,206.52,10.326,252.85,36.00,2/18/2019,15:39,Cash,9.8
241-72-9525,B,karur,Normal,Male,Sports and travel,51.91,10,519.1,25.955,581.06,36.00,2/16/2019,12:21,Cash,8.2
575-30-8091,A,Trichy,Normal,Male,Sports and travel,72.5,8,580,29,620.00,11.00,3/16/2019,19:25,Ewallet,9.2
731-81-9469,C,Chennai,Member,Female,Sports and travel,89.8,10,898,44.9,955.90,13.00,1/23/2019,13:00,Credit card,5.4
280-17-4359,C,Chennai,Member,Male,Health and beauty,90.5,10,905,45.25,972.25,22.00,1/25/2019,13:48,Cash,8.1
338-65-2210,C,Chennai,Member,Female,Health and beauty,68.6,10,686,34.3,737.30,17.00,5/2/2019,19:57,Cash,9.1
488-25-4221,C,Chennai,Member,Female,Food and beverages,30.41,1,30.41,1.5205,72.93,41.00,2/22/2019,10:36,Credit card,8.4
239-10-7476,A,Trichy,Normal,Female,Home and lifestyle,77.95,6,467.7,23.385,534.09,43.00,1/21/2019,16:37,Ewallet,8
458-41-1477,C,Chennai,Normal,Female,Health and beauty,46.26,6,277.56,13.878,332.44,41.00,8/3/2019,17:11,Credit card,9.5
685-64-1609,A,Trichy,Member,Female,Fashion accessories,30.14,10,301.4,15.07,330.47,14.00,10/2/2019,12:28,Ewallet,9.2
568-90-5112,C,Chennai,Normal,Male,Health and beauty,66.14,4,264.56,13.228,317.79,40.00,3/19/2019,12:46,Credit card,5.6
262-47-2794,B,karur,Member,Male,Home and lifestyle,71.86,8,574.88,28.744,629.62,26.00,6/3/2019,15:07,Credit card,6.2
238-49-0436,A,Trichy,Normal,Male,Health and beauty,32.46,8,259.68,12.984,293.66,21.00,3/27/2019,13:48,Credit card,4.9
608-96-3517,B,karur,Member,Female,Fashion accessories,91.54,4,366.16,18.308,419.47,35.00,3/23/2019,19:20,Credit card,4.8
584-86-7256,C,Chennai,Member,Male,Sports and travel,34.56,7,241.92,12.096,273.02,19.00,11/3/2019,16:07,Credit card,7.3
746-94-0204,A,Trichy,Normal,Male,Fashion accessories,83.24,9,749.16,37.458,805.62,19.00,1/29/2019,11:56,Credit card,7.4
214-17-6927,C,Chennai,Normal,Female,Food and beverages,16.48,6,98.88,4.944,128.82,25.00,7/2/2019,18:23,Ewallet,9.9
400-89-4171,C,Chennai,Normal,Female,Sports and travel,80.97,8,647.76,32.388,700.15,20.00,1/28/2019,13:05,Cash,9.3
782-95-9291,A,Trichy,Member,Male,Food and beverages,92.29,5,461.45,23.0725,509.52,25.00,2/20/2019,15:55,Credit card,9
279-74-2924,B,karur,Member,Male,Electronic accessories,72.17,1,72.17,3.6085,121.78,46.00,4/1/2019,19:40,Cash,6.1
307-85-2293,B,karur,Normal,Male,Home and lifestyle,50.28,5,251.4,12.57,294.97,31.00,7/3/2019,13:58,Ewallet,9.7
743-04-1105,B,karur,Member,Male,Health and beauty,97.22,9,874.98,43.749,947.73,29.00,3/30/2019,14:43,Ewallet,6
423-57-2993,B,karur,Normal,Male,Sports and travel,93.39,6,560.34,28.017,626.36,38.00,3/27/2019,19:18,Ewallet,10
894-41-5205,C,Chennai,Normal,Female,Food and beverages,43.18,8,345.44,17.272,394.71,32.00,1/19/2019,19:39,Credit card,8.3
275-28-0149,A,Trichy,Normal,Male,Sports and travel,63.69,1,63.69,3.1845,109.87,43.00,2/25/2019,16:21,Cash,6
101-17-6199,A,Trichy,Normal,Male,Food and beverages,45.79,7,320.53,16.0265,358.56,22.00,3/13/2019,19:44,Credit card,7
423-80-0988,C,Chennai,Normal,Male,Sports and travel,76.4,2,152.8,7.64,208.44,48.00,1/30/2019,19:42,Ewallet,6.5
548-46-9322,B,karur,Normal,Male,Food and beverages,39.9,10,399,19.95,456.95,38.00,2/20/2019,15:24,Credit card,5.9
505-02-0892,B,karur,Member,Male,Health and beauty,42.57,8,340.56,17.028,394.59,37.00,2/25/2019,14:12,Ewallet,5.6
234-65-2137,C,Chennai,Normal,Male,Home and lifestyle,95.58,10,955.8,47.79,1028.59,25.00,1/16/2019,13:32,Cash,4.8
687-47-8271,A,Trichy,Normal,Male,Fashion accessories,98.98,10,989.8,49.49,1064.29,25.00,8/2/2019,16:20,Credit card,8.7
796-32-9050,A,Trichy,Normal,Male,Food and beverages,51.28,6,307.68,15.384,344.06,21.00,1/19/2019,16:31,Cash,6.5
105-31-1824,A,Trichy,Member,Male,Sports and travel,69.52,7,486.64,24.332,523.97,13.00,1/2/2019,15:10,Credit card,8.5
249-42-3782,A,Trichy,Normal,Male,Health and beauty,70.01,5,350.05,17.5025,398.55,31.00,3/1/2019,11:36,Ewallet,5.5
316-55-4634,B,karur,Member,Male,Food and beverages,80.05,5,400.25,20.0125,459.26,39.00,1/26/2019,12:45,Credit card,9.4
733-33-4967,C,Chennai,Normal,Male,Electronic accessories,20.85,8,166.8,8.34,196.14,21.00,3/3/2019,19:17,Cash,6.3
608-27-6295,B,karur,Member,Male,Electronic accessories,52.89,6,317.34,15.867,345.21,12.00,1/19/2019,17:34,Credit card,9.8
414-12-7047,B,karur,Normal,Male,Food and beverages,19.79,8,158.32,7.916,179.24,13.00,1/18/2019,12:04,Ewallet,8.7
827-26-2100,A,Trichy,Member,Male,Home and lifestyle,33.84,9,304.56,15.228,348.79,29.00,3/21/2019,16:21,Ewallet,8.8
175-54-2529,A,Trichy,Member,Male,Food and beverages,22.17,8,177.36,8.868,204.23,18.00,3/3/2019,17:01,Credit card,9.6
139-52-2867,C,Chennai,Normal,Female,Fashion accessories,22.51,7,157.57,7.8785,206.45,41.00,2/13/2019,10:50,Credit card,4.8
407-63-8975,A,Trichy,Normal,Male,Food and beverages,73.88,6,443.28,22.164,477.44,12.00,3/23/2019,19:16,Ewallet,4.4
342-65-4817,C,Chennai,Member,Male,Health and beauty,86.8,3,260.4,13.02,321.42,48.00,1/28/2019,16:47,Ewallet,9.9
130-98-8941,C,Chennai,Normal,Male,Fashion accessories,64.26,7,449.82,22.491,510.31,38.00,9/2/2019,10:00,Cash,5.7
434-83-9547,C,Chennai,Member,Male,Food and beverages,38.47,8,307.76,15.388,364.15,41.00,1/23/2019,11:51,Cash,7.7
851-28-6367,A,Trichy,Member,Male,Sports and travel,15.5,10,155,7.75,186.75,24.00,3/23/2019,10:55,Ewallet,8
824-88-3614,C,Chennai,Normal,Male,Health and beauty,34.31,8,274.48,13.724,326.20,38.00,1/25/2019,15:00,Ewallet,5.7
586-25-0848,A,Trichy,Normal,Female,Sports and travel,12.34,7,86.38,4.319,136.70,46.00,4/3/2019,11:19,Credit card,6.7
895-66-0685,B,karur,Member,Male,Food and beverages,18.08,3,54.24,2.712,79.95,23.00,5/3/2019,19:46,Ewallet,8
305-14-0245,B,karur,Member,Female,Home and lifestyle,94.49,8,755.92,37.796,841.72,48.00,3/3/2019,19:00,Ewallet,7.5
732-04-5373,B,karur,Member,Male,Home and lifestyle,46.47,4,185.88,9.294,222.17,27.00,8/2/2019,10:53,Cash,7
400-60-7251,A,Trichy,Normal,Male,Home and lifestyle,74.07,1,74.07,3.7035,92.77,15.00,10/2/2019,12:50,Ewallet,9.9
593-65-1552,C,Chennai,Normal,Female,Home and lifestyle,69.81,4,279.24,13.962,310.20,17.00,1/28/2019,20:50,Credit card,5.9
284-34-9626,B,karur,Normal,Female,Home and lifestyle,77.04,3,231.12,11.556,261.68,19.00,11/2/2019,10:39,Credit card,7.2
437-58-8131,B,karur,Normal,Female,Fashion accessories,73.52,2,147.04,7.352,189.39,35.00,1/15/2019,13:41,Ewallet,4.6
286-43-6208,C,Chennai,Normal,Female,Food and beverages,87.8,9,790.2,39.51,841.71,12.00,3/16/2019,19:08,Cash,9.2
641-43-2399,B,karur,Normal,Male,Home and lifestyle,25.55,4,102.2,5.11,134.31,27.00,1/26/2019,20:23,Ewallet,5.7
831-07-6050,A,Trichy,Normal,Male,Electronic accessories,32.71,5,163.55,8.1775,184.73,13.00,3/19/2019,11:30,Credit card,9.9
556-86-3144,C,Chennai,Member,Female,Fashion accessories,74.29,1,74.29,3.7145,92.00,14.00,1/13/2019,19:30,Cash,5
848-24-9445,C,Chennai,Member,Male,Health and beauty,43.7,2,87.4,4.37,139.77,48.00,3/26/2019,18:03,Cash,4.9
856-22-8149,A,Trichy,Normal,Female,Home and lifestyle,25.29,1,25.29,1.2645,56.55,30.00,3/23/2019,10:13,Ewallet,6.1
699-01-4164,C,Chennai,Normal,Male,Health and beauty,41.5,4,166,8.3,213.30,39.00,12/3/2019,19:58,Credit card,8.2
420-11-4919,C,Chennai,Member,Female,Food and beverages,71.39,5,356.95,17.8475,395.80,21.00,2/17/2019,19:57,Credit card,5.5
606-80-4905,C,Chennai,Member,Female,Sports and travel,19.15,6,114.9,5.745,153.65,33.00,1/29/2019,10:01,Credit card,6.8
542-41-0513,B,karur,Member,Female,Electronic accessories,57.49,4,229.96,11.498,291.46,50.00,3/15/2019,11:57,Cash,6.6
426-39-2418,C,Chennai,Normal,Male,Electronic accessories,61.41,7,429.87,21.4935,496.36,45.00,1/14/2019,10:02,Cash,9.8
875-46-5808,B,karur,Member,Male,Health and beauty,25.9,10,259,12.95,311.95,40.00,6/2/2019,14:51,Ewallet,8.7
394-43-4238,B,karur,Member,Male,Home and lifestyle,17.77,5,88.85,4.4425,105.29,12.00,2/15/2019,12:42,Credit card,5.4
749-24-1565,A,Trichy,Normal,Female,Health and beauty,23.03,9,207.27,10.3635,260.63,43.00,3/1/2019,12:02,Ewallet,7.9
672-51-8681,C,Chennai,Member,Female,Electronic accessories,66.65,9,599.85,29.9925,654.84,25.00,4/1/2019,18:19,Credit card,9.7
263-87-5680,C,Chennai,Member,Female,Home and lifestyle,28.53,10,285.3,14.265,339.57,40.00,3/18/2019,17:38,Ewallet,7.8
573-58-9734,B,karur,Normal,Female,Fashion accessories,30.37,3,91.11,4.5555,142.67,47.00,3/28/2019,13:41,Ewallet,5.1
817-69-8206,B,karur,Normal,Female,Electronic accessories,99.73,9,897.57,44.8785,953.45,11.00,2/3/2019,19:42,Credit card,6.5
888-02-0338,A,Trichy,Normal,Male,Electronic accessories,26.23,9,236.07,11.8035,280.87,33.00,1/25/2019,20:24,Ewallet,5.9
677-11-0152,C,Chennai,Normal,Female,Food and beverages,93.26,9,839.34,41.967,927.31,46.00,1/16/2019,18:08,Cash,8.8
142-63-6033,B,karur,Normal,Male,Home and lifestyle,92.36,5,461.8,23.09,530.89,46.00,3/20/2019,19:17,Ewallet,4.9
656-16-1063,B,karur,Normal,Male,Sports and travel,46.42,3,139.26,6.963,163.22,17.00,4/1/2019,13:24,Credit card,4.4
891-58-8335,B,karur,Member,Female,Sports and travel,29.61,7,207.27,10.3635,244.63,27.00,11/3/2019,15:53,Cash,6.5
802-43-8934,A,Trichy,Normal,Male,Home and lifestyle,18.28,1,18.28,0.914,68.19,49.00,3/22/2019,15:05,Credit card,8.3
560-30-5617,B,karur,Normal,Female,Sports and travel,24.77,5,123.85,6.1925,164.04,34.00,3/24/2019,18:27,Cash,8.5
319-74-2561,A,Trichy,Member,Female,Electronic accessories,94.64,3,283.92,14.196,319.12,21.00,2/21/2019,16:55,Cash,5.5
549-03-9315,B,karur,Normal,Male,Fashion accessories,94.87,8,758.96,37.948,826.91,30.00,12/2/2019,12:58,Ewallet,8.7
790-29-1172,B,karur,Normal,Female,Food and beverages,57.34,3,172.02,8.601,212.62,32.00,10/3/2019,18:59,Credit card,7.9
239-36-3640,B,karur,Normal,Male,Electronic accessories,45.35,6,272.1,13.605,322.71,37.00,1/31/2019,13:44,Ewallet,6.1
468-01-2051,B,karur,Normal,Male,Food and beverages,62.08,7,434.56,21.728,470.29,14.00,6/3/2019,13:46,Ewallet,5.4
389-25-3394,C,Chennai,Normal,Male,Electronic accessories,11.81,5,59.05,2.9525,74.00,12.00,2/17/2019,18:06,Cash,9.4
279-62-1445,C,Chennai,Member,Female,Fashion accessories,12.54,1,12.54,0.627,60.17,47.00,2/21/2019,12:38,Cash,8.2
213-72-6612,A,Trichy,Normal,Male,Food and beverages,43.25,2,86.5,4.325,115.83,25.00,3/20/2019,15:56,Cash,6.2
746-68-6593,C,Chennai,Member,Female,Sports and travel,87.16,2,174.32,8.716,223.04,40.00,11/1/2019,14:29,Credit card,9.7
836-82-5858,B,karur,Member,Male,Health and beauty,69.37,9,624.33,31.2165,670.55,15.00,1/26/2019,19:14,Ewallet,4
583-72-1480,C,Chennai,Member,Male,Electronic accessories,37.06,4,148.24,7.412,188.65,33.00,1/31/2019,16:24,Ewallet,9.7
466-61-5506,B,karur,Member,Female,Electronic accessories,90.7,6,544.2,27.21,616.41,45.00,2/26/2019,10:52,Cash,5.3
721-86-6247,A,Trichy,Normal,Female,Home and lifestyle,63.42,8,507.36,25.368,573.73,41.00,11/3/2019,12:55,Ewallet,7.4
289-65-5721,B,karur,Normal,Female,Fashion accessories,81.37,2,162.74,8.137,215.88,45.00,1/26/2019,19:28,Cash,6.5
545-46-3100,B,karur,Member,Female,Electronic accessories,10.59,3,31.77,1.5885,56.36,23.00,12/3/2019,13:52,Credit card,8.7
418-02-5978,B,karur,Normal,Female,Health and beauty,84.09,9,756.81,37.8405,842.65,48.00,11/2/2019,10:54,Cash,8
269-04-5750,B,karur,Member,Male,Fashion accessories,73.82,4,295.28,14.764,330.04,20.00,2/21/2019,18:31,Cash,6.7
157-13-5295,A,Trichy,Member,Male,Health and beauty,51.94,10,519.4,25.97,555.37,10.00,9/3/2019,18:24,Ewallet,6.5
645-78-8093,A,Trichy,Normal,Female,Sports and travel,93.14,2,186.28,9.314,213.59,18.00,1/20/2019,18:09,Ewallet,4.1
211-30-9270,C,Chennai,Normal,Male,Health and beauty,17.41,5,87.05,4.3525,135.40,44.00,1/28/2019,15:16,Credit card,4.9
755-12-3214,C,Chennai,Member,Female,Fashion accessories,44.22,5,221.1,11.055,255.16,23.00,5/3/2019,17:07,Credit card,8.6
346-84-3103,B,karur,Member,Female,Electronic accessories,13.22,5,66.1,3.305,119.41,50.00,2/3/2019,19:26,Cash,4.3
478-06-7835,A,Trichy,Normal,Male,Fashion accessories,89.69,1,89.69,4.4845,124.17,30.00,11/1/2019,11:20,Ewallet,4.9
540-11-4336,A,Trichy,Normal,Male,Food and beverages,24.94,9,224.46,11.223,256.68,21.00,11/1/2019,16:49,Credit card,5.6
448-81-5016,A,Trichy,Normal,Male,Health and beauty,59.77,2,119.54,5.977,167.52,42.00,11/3/2019,12:01,Credit card,5.8
142-72-4741,C,Chennai,Member,Male,Fashion accessories,93.2,2,186.4,9.32,231.72,36.00,2/28/2019,18:37,Credit card,6
217-58-1179,A,Trichy,Member,Male,Home and lifestyle,62.65,4,250.6,12.53,309.13,46.00,5/1/2019,11:25,Cash,4.2
376-02-8238,B,karur,Normal,Male,Home and lifestyle,93.87,8,750.96,37.548,813.51,25.00,2/2/2019,18:42,Credit card,8.3
530-90-9855,A,Trichy,Member,Male,Home and lifestyle,47.59,8,380.72,19.036,423.76,24.00,1/1/2019,14:47,Cash,5.7
866-05-7563,B,karur,Member,Female,Electronic accessories,81.4,3,244.2,12.21,275.41,19.00,9/2/2019,19:43,Cash,4.8
604-70-6476,A,Trichy,Member,Male,Fashion accessories,17.94,5,89.7,4.485,144.19,50.00,1/23/2019,14:04,Ewallet,6.8
799-71-1548,A,Trichy,Member,Male,Electronic accessories,77.72,4,310.88,15.544,352.42,26.00,7/1/2019,16:11,Credit card,8.8
785-13-7708,B,karur,Normal,Male,Food and beverages,73.06,7,511.42,25.571,579.99,43.00,1/14/2019,19:06,Credit card,4.2
845-51-0542,B,karur,Member,Male,Food and beverages,46.55,9,418.95,20.9475,473.90,34.00,2/2/2019,15:34,Ewallet,6.4
662-47-5456,C,Chennai,Member,Male,Fashion accessories,35.19,10,351.9,17.595,385.50,16.00,3/17/2019,19:06,Credit card,8.4
883-17-4236,C,Chennai,Normal,Female,Sports and travel,14.39,2,28.78,1.439,58.22,28.00,2/3/2019,19:44,Credit card,7.2
290-68-2984,A,Trichy,Normal,Male,Home and lifestyle,23.75,4,95,4.75,135.75,36.00,3/16/2019,11:22,Cash,5.2
704-11-6354,A,Trichy,Member,Male,Home and lifestyle,58.9,8,471.2,23.56,542.76,48.00,6/1/2019,11:23,Cash,8.9
110-48-7033,B,karur,Member,Male,Fashion accessories,32.62,4,130.48,6.524,160.00,23.00,1/29/2019,14:12,Cash,9
366-93-0948,A,Trichy,Member,Male,Electronic accessories,66.35,1,66.35,3.3175,111.67,42.00,1/31/2019,10:46,Credit card,9.7
729-09-9681,A,Trichy,Member,Male,Home and lifestyle,25.91,6,155.46,7.773,181.23,18.00,5/2/2019,10:16,Ewallet,8.7
151-16-1484,A,Trichy,Member,Male,Electronic accessories,32.25,4,129,6.45,173.45,38.00,2/13/2019,12:38,Ewallet,6.5
380-94-4661,C,Chennai,Member,Male,Electronic accessories,65.94,4,263.76,13.188,317.95,41.00,7/2/2019,13:05,Credit card,6.9
850-41-9669,A,Trichy,Normal,Female,Electronic accessories,75.06,9,675.54,33.777,742.32,33.00,3/19/2019,13:25,Ewallet,6.2
821-07-3596,C,Chennai,Normal,Female,Fashion accessories,16.45,4,65.8,3.29,85.09,16.00,7/3/2019,14:53,Ewallet,5.6
655-85-5130,B,karur,Member,Female,Fashion accessories,38.3,4,153.2,7.66,186.86,26.00,3/13/2019,19:22,Cash,5.7
447-15-7839,A,Trichy,Member,Female,Sports and travel,22.24,10,222.4,11.12,271.52,38.00,9/2/2019,11:00,Cash,4.2
154-74-7179,B,karur,Normal,Male,Sports and travel,54.45,1,54.45,2.7225,79.17,22.00,2/26/2019,19:24,Ewallet,7.9
253-12-6086,A,Trichy,Member,Female,Sports and travel,98.4,7,688.8,34.44,750.24,27.00,12/3/2019,12:43,Credit card,8.7
808-65-0703,C,Chennai,Normal,Male,Home and lifestyle,35.47,4,141.88,7.094,179.97,31.00,3/14/2019,17:22,Credit card,6.9
571-94-0759,B,karur,Member,Female,Food and beverages,74.6,10,746,37.3,803.30,20.00,8/1/2019,20:55,Cash,9.5
144-51-6085,A,Trichy,Member,Male,Home and lifestyle,70.74,4,282.96,14.148,328.11,31.00,5/1/2019,16:05,Credit card,4.4
731-14-2199,A,Trichy,Member,Female,Home and lifestyle,35.54,10,355.4,17.77,394.17,21.00,4/1/2019,13:34,Ewallet,7
783-09-1637,B,karur,Normal,Female,Sports and travel,67.43,5,337.15,16.8575,375.01,21.00,6/3/2019,18:13,Ewallet,6.3
687-15-1097,C,Chennai,Member,Female,Health and beauty,21.12,2,42.24,2.112,86.35,42.00,3/1/2019,19:17,Cash,9.7
126-54-1082,A,Trichy,Member,Female,Home and lifestyle,21.54,9,193.86,9.693,228.55,25.00,7/1/2019,11:44,Credit card,8.8
633-91-1052,A,Trichy,Normal,Female,Home and lifestyle,12.03,2,24.06,1.203,67.26,42.00,1/27/2019,15:51,Cash,5.1
477-24-6490,B,karur,Normal,Female,Health and beauty,99.71,6,598.26,29.913,640.17,12.00,2/26/2019,16:52,Ewallet,7.9
566-19-5475,B,karur,Normal,Male,Fashion accessories,47.97,7,335.79,16.7895,368.58,16.00,7/1/2019,20:52,Cash,6.2
526-86-8552,C,Chennai,Member,Female,Home and lifestyle,21.82,10,218.2,10.91,270.11,41.00,7/1/2019,17:36,Cash,7.1
376-56-3573,C,Chennai,Normal,Female,Fashion accessories,95.42,4,381.68,19.084,415.76,15.00,2/2/2019,13:23,Ewallet,6.4
537-72-0426,C,Chennai,Member,Male,Fashion accessories,70.99,10,709.9,35.495,787.40,42.00,3/20/2019,16:28,Cash,5.7
828-61-5674,A,Trichy,Member,Male,Sports and travel,44.02,10,440.2,22.01,503.21,41.00,3/20/2019,19:57,Credit card,9.6
136-08-6195,A,Trichy,Normal,Female,Home and lifestyle,69.96,8,559.68,27.984,634.66,47.00,2/15/2019,17:01,Credit card,6.4
523-38-0215,C,Chennai,Normal,Male,Home and lifestyle,37,1,37,1.85,69.85,31.00,6/3/2019,13:29,Credit card,7.9
490-29-1201,A,Trichy,Normal,Female,Sports and travel,15.34,1,15.34,0.767,53.11,37.00,6/1/2019,11:09,Cash,6.5
667-92-0055,A,Trichy,Member,Male,Health and beauty,99.83,6,598.98,29.949,668.93,40.00,4/3/2019,15:02,Ewallet,8.5
565-17-3836,A,Trichy,Member,Female,Health and beauty,47.67,4,190.68,9.534,210.21,10.00,12/3/2019,14:21,Cash,9.1
498-41-1961,B,karur,Normal,Male,Health and beauty,66.68,5,333.4,16.67,363.07,13.00,2/20/2019,18:01,Cash,7.6
593-95-4461,C,Chennai,Member,Male,Home and lifestyle,74.86,1,74.86,3.743,118.60,40.00,3/24/2019,14:49,Cash,6.9
226-71-3580,C,Chennai,Normal,Female,Sports and travel,23.75,9,213.75,10.6875,243.44,19.00,1/31/2019,12:02,Cash,9.5
283-79-9594,B,karur,Normal,Female,Food and beverages,48.51,7,339.57,16.9785,405.55,49.00,1/25/2019,13:30,Credit card,5.2
430-60-3493,A,Trichy,Member,Female,Home and lifestyle,94.88,7,664.16,33.208,743.37,46.00,3/2/2019,14:38,Cash,4.2
139-20-0155,B,karur,Member,Male,Electronic accessories,40.3,10,403,20.15,451.15,28.00,1/24/2019,17:37,Credit card,7
558-80-4082,C,Chennai,Normal,Male,Electronic accessories,27.85,7,194.95,9.7475,249.70,45.00,3/14/2019,17:20,Ewallet,6
278-97-7759,A,Trichy,Member,Female,Electronic accessories,62.48,1,62.48,3.124,107.60,42.00,2/18/2019,20:29,Cash,4.7
316-68-6352,A,Trichy,Member,Female,Food and beverages,36.36,2,72.72,3.636,104.36,28.00,1/21/2019,10:00,Cash,7.1
585-03-5943,B,karur,Normal,Male,Health and beauty,18.11,10,181.1,9.055,235.16,45.00,3/13/2019,11:46,Ewallet,5.9
211-05-0490,C,Chennai,Member,Female,Electronic accessories,51.92,5,259.6,12.98,306.58,34.00,3/3/2019,13:42,Cash,7.5
727-75-6477,C,Chennai,Normal,Male,Electronic accessories,28.84,4,115.36,5.768,137.13,16.00,3/29/2019,14:44,Cash,6.4
744-02-5987,A,Trichy,Member,Male,Home and lifestyle,78.38,6,470.28,23.514,508.79,15.00,10/1/2019,14:16,Ewallet,5.8
307-83-9164,A,Trichy,Member,Male,Home and lifestyle,60.01,4,240.04,12.002,285.04,33.00,1/25/2019,15:54,Cash,4.5
779-06-0012,C,Chennai,Member,Female,Home and lifestyle,88.61,1,88.61,4.4305,119.04,26.00,1/19/2019,10:21,Cash,7.7
446-47-6729,C,Chennai,Normal,Male,Fashion accessories,99.82,2,199.64,9.982,230.62,21.00,2/1/2019,18:09,Credit card,6.7
573-10-3877,B,karur,Member,Male,Health and beauty,39.01,1,39.01,1.9505,79.96,39.00,12/3/2019,16:46,Credit card,4.7
735-06-4124,C,Chennai,Normal,Male,Food and beverages,48.61,1,48.61,2.4305,79.04,28.00,2/25/2019,15:31,Cash,4.4
439-54-7422,A,Trichy,Normal,Female,Electronic accessories,51.19,4,204.76,10.238,246.00,31.00,3/18/2019,17:15,Credit card,4.7
396-90-2219,B,karur,Normal,Female,Electronic accessories,14.96,8,119.68,5.984,175.66,50.00,2/23/2019,12:29,Cash,8.6
411-77-0180,A,Trichy,Member,Male,Electronic accessories,72.2,7,505.4,25.27,579.67,49.00,3/26/2019,20:14,Ewallet,4.3
286-01-5402,A,Trichy,Normal,Female,Sports and travel,40.23,7,281.61,14.0805,340.69,45.00,3/30/2019,13:22,Cash,9.6
803-17-8013,A,Trichy,Member,Female,Home and lifestyle,88.79,8,710.32,35.516,769.84,24.00,2/17/2019,17:09,Cash,4.1
512-98-1403,A,Trichy,Member,Female,Electronic accessories,26.48,3,79.44,3.972,102.41,19.00,3/21/2019,10:40,Ewallet,4.7
848-42-2560,A,Trichy,Normal,Female,Fashion accessories,81.91,2,163.82,8.191,189.01,17.00,5/3/2019,17:43,Cash,7.8
532-59-7201,B,karur,Member,Male,Sports and travel,79.93,6,479.58,23.979,523.56,20.00,1/31/2019,14:04,Cash,5.5
181-94-6432,C,Chennai,Member,Male,Fashion accessories,69.33,2,138.66,6.933,177.59,32.00,5/2/2019,19:05,Ewallet,9.7
870-76-1733,A,Trichy,Member,Female,Food and beverages,14.23,5,71.15,3.5575,120.71,46.00,1/2/2019,10:08,Credit card,4.4
423-64-4619,A,Trichy,Member,Female,Health and beauty,15.55,9,139.95,6.9975,194.95,48.00,7/3/2019,13:12,Cash,5
227-07-4446,C,Chennai,Member,Female,Electronic accessories,78.13,10,781.3,39.065,856.37,36.00,10/2/2019,20:51,Cash,4.4
174-36-3675,C,Chennai,Member,Male,Food and beverages,99.37,2,198.74,9.937,257.68,49.00,2/14/2019,17:29,Cash,5.2
428-83-5800,C,Chennai,Member,Female,Food and beverages,21.08,3,63.24,3.162,85.40,19.00,9/2/2019,10:25,Cash,7.3
603-07-0961,C,Chennai,Member,Male,Electronic accessories,74.79,5,373.95,18.6975,424.65,32.00,10/1/2019,11:34,Cash,4.9
704-20-4138,C,Chennai,Member,Female,Health and beauty,29.67,7,207.69,10.3845,267.07,49.00,11/3/2019,18:58,Credit card,8.1
787-15-1757,C,Chennai,Member,Male,Health and beauty,44.07,4,176.28,8.814,217.09,32.00,2/18/2019,16:28,Ewallet,8.4
649-11-3678,C,Chennai,Normal,Female,Food and beverages,22.93,9,206.37,10.3185,257.69,41.00,2/26/2019,20:26,Cash,5.5
622-20-1945,C,Chennai,Normal,Female,Health and beauty,39.42,1,39.42,1.971,51.39,10.00,1/18/2019,15:08,Cash,8.4
372-94-8041,A,Trichy,Normal,Male,Health and beauty,15.26,6,91.56,4.578,107.14,11.00,2/15/2019,18:03,Ewallet,9.8
563-91-7120,A,Trichy,Normal,Female,Fashion accessories,61.77,5,308.85,15.4425,368.29,44.00,8/3/2019,13:21,Cash,6.7
746-54-5508,A,Trichy,Normal,Male,Home and lifestyle,21.52,6,129.12,6.456,170.58,35.00,1/17/2019,12:48,Credit card,9.4
276-54-0879,B,karur,Normal,Male,Sports and travel,97.74,4,390.96,19.548,447.51,37.00,12/3/2019,19:53,Ewallet,6.4
815-11-1168,A,Trichy,Member,Male,Food and beverages,99.78,5,498.9,24.945,536.85,13.00,9/3/2019,19:09,Cash,5.4
719-76-3868,C,Chennai,Member,Male,Food and beverages,94.26,4,377.04,18.852,434.89,39.00,12/3/2019,16:30,Cash,8.6
730-61-8757,B,karur,Member,Male,Health and beauty,51.13,4,204.52,10.226,246.75,32.00,1/25/2019,10:11,Credit card,4
340-66-0321,A,Trichy,Member,Male,Electronic accessories,36.36,4,145.44,7.272,177.71,25.00,3/25/2019,13:07,Cash,7.6
868-81-1752,B,karur,Normal,Male,Home and lifestyle,22.02,9,198.18,9.909,257.09,49.00,7/2/2019,18:48,Cash,6.8
634-97-8956,A,Trichy,Normal,Male,Food and beverages,32.9,3,98.7,4.935,133.64,30.00,2/17/2019,17:27,Credit card,9.1
566-71-1091,A,Trichy,Normal,Male,Fashion accessories,77.02,5,385.1,19.255,441.36,37.00,3/2/2019,15:59,Cash,5.5
442-48-3607,A,Trichy,Member,Male,Food and beverages,23.48,2,46.96,2.348,68.31,19.00,3/14/2019,11:21,Credit card,7.9
835-16-0096,C,Chennai,Member,Male,Sports and travel,14.7,5,73.5,3.675,121.18,44.00,3/24/2019,13:48,Ewallet,8.5
527-09-6272,A,Trichy,Member,Female,Electronic accessories,28.45,5,142.25,7.1125,188.36,39.00,3/21/2019,10:17,Credit card,9.1
898-04-2717,A,Trichy,Normal,Male,Fashion accessories,76.4,9,687.6,34.38,747.98,26.00,3/19/2019,15:49,Ewallet,7.5
692-27-8933,B,karur,Normal,Female,Sports and travel,57.95,6,347.7,17.385,380.09,15.00,2/24/2019,13:02,Cash,5.2
633-09-3463,C,Chennai,Normal,Female,Electronic accessories,47.65,3,142.95,7.1475,180.10,30.00,3/28/2019,12:58,Credit card,9.5
374-17-3652,B,karur,Member,Female,Food and beverages,42.82,9,385.38,19.269,424.65,20.00,5/2/2019,15:26,Credit card,8.9
378-07-7001,B,karur,Member,Male,Electronic accessories,48.09,3,144.27,7.2135,201.48,50.00,10/2/2019,18:23,Credit card,7.8
433-75-6987,B,karur,Member,Female,Health and beauty,55.97,7,391.79,19.5895,451.38,40.00,5/3/2019,19:06,Ewallet,8.9
873-95-4984,B,karur,Member,Female,Health and beauty,76.9,7,538.3,26.915,605.22,40.00,2/15/2019,20:21,Cash,7.7
416-13-5917,C,Chennai,Normal,Female,Food and beverages,97.03,5,485.15,24.2575,558.41,49.00,1/30/2019,16:24,Ewallet,9.3
150-89-8043,A,Trichy,Normal,Male,Sports and travel,44.65,3,133.95,6.6975,158.65,18.00,2/14/2019,15:04,Cash,6.2
135-84-8019,A,Trichy,Normal,Female,Fashion accessories,77.93,9,701.37,35.0685,751.44,15.00,2/27/2019,16:10,Ewallet,7.6
441-94-7118,A,Trichy,Member,Male,Electronic accessories,71.95,1,71.95,3.5975,125.55,50.00,4/2/2019,12:14,Cash,7.3
725-96-3778,C,Chennai,Member,Female,Home and lifestyle,89.25,8,714,35.7,784.70,35.00,1/20/2019,10:13,Cash,4.7
531-80-1784,A,Trichy,Normal,Male,Electronic accessories,26.02,7,182.14,9.107,237.25,46.00,3/28/2019,17:38,Cash,5.1
400-45-1220,B,karur,Normal,Female,Health and beauty,13.5,10,135,6.75,168.75,27.00,2/27/2019,11:06,Credit card,4.8
860-79-0874,C,Chennai,Member,Female,Fashion accessories,99.3,10,993,49.65,1070.65,28.00,2/15/2019,14:53,Credit card,6.6
834-61-8124,A,Trichy,Normal,Male,Electronic accessories,51.69,7,361.83,18.0915,400.92,21.00,1/26/2019,18:22,Cash,5.5
115-99-4379,B,karur,Member,Female,Fashion accessories,54.73,7,383.11,19.1555,447.27,45.00,3/14/2019,19:02,Credit card,8.5
565-67-6697,B,karur,Member,Male,Home and lifestyle,27,9,243,12.15,297.15,42.00,2/3/2019,14:16,Cash,4.8
320-49-6392,C,Chennai,Normal,Female,Electronic accessories,30.24,1,30.24,1.512,62.75,31.00,4/3/2019,15:44,Cash,8.4
889-04-9723,B,karur,Member,Female,Food and beverages,89.14,4,356.56,17.828,388.39,14.00,7/1/2019,12:20,Credit card,7.8
632-90-0281,C,Chennai,Normal,Female,Fashion accessories,37.55,10,375.5,18.775,421.28,27.00,8/3/2019,20:01,Credit card,9.3
554-42-2417,C,Chennai,Normal,Female,Sports and travel,95.44,10,954.4,47.72,1042.12,40.00,9/1/2019,13:45,Cash,5.2
453-63-6187,B,karur,Normal,Male,Electronic accessories,27.5,3,82.5,4.125,112.63,26.00,1/3/2019,15:40,Ewallet,6.5
578-80-7669,B,karur,Normal,Male,Sports and travel,74.97,1,74.97,3.7485,121.72,43.00,3/16/2019,16:58,Cash,5.6
612-36-5536,A,Trichy,Member,Male,Food and beverages,80.96,8,647.68,32.384,712.06,32.00,2/17/2019,11:12,Credit card,7.4
605-72-4132,C,Chennai,Normal,Female,Food and beverages,94.47,8,755.76,37.788,823.55,30.00,2/27/2019,15:12,Cash,9.1
471-41-2823,C,Chennai,Normal,Male,Food and beverages,99.79,2,199.58,9.979,259.56,50.00,7/3/2019,20:37,Ewallet,8
462-67-9126,A,Trichy,Normal,Male,Home and lifestyle,73.22,6,439.32,21.966,510.29,49.00,1/21/2019,17:44,Cash,7.2
272-27-9238,C,Chennai,Normal,Female,Food and beverages,41.24,4,164.96,8.248,198.21,25.00,2/19/2019,16:23,Cash,7.1
834-25-9262,C,Chennai,Normal,Female,Fashion accessories,81.68,4,326.72,16.336,356.06,13.00,6/1/2019,12:12,Cash,9.1
122-61-9553,C,Chennai,Normal,Female,Electronic accessories,51.32,9,461.88,23.094,531.97,47.00,3/14/2019,19:33,Cash,5.6
468-88-0009,A,Trichy,Member,Male,Home and lifestyle,65.94,4,263.76,13.188,318.95,42.00,3/24/2019,10:29,Cash,6
613-59-9758,C,Chennai,Normal,Female,Sports and travel,14.36,10,143.6,7.18,194.78,44.00,1/27/2019,14:28,Cash,5.4
254-31-0042,A,Trichy,Member,Male,Electronic accessories,21.5,9,193.5,9.675,224.18,21.00,6/3/2019,12:46,Credit card,7.8
201-86-2184,B,karur,Member,Female,Electronic accessories,26.26,7,183.82,9.191,210.01,17.00,2/2/2019,19:40,Cash,9.9
261-12-8671,B,karur,Normal,Female,Fashion accessories,60.96,2,121.92,6.096,146.02,18.00,1/25/2019,19:39,Credit card,4.9
730-70-9830,C,Chennai,Normal,Female,Home and lifestyle,70.11,6,420.66,21.033,461.69,20.00,3/14/2019,17:54,Ewallet,5.2
382-25-8917,C,Chennai,Normal,Male,Fashion accessories,42.08,6,252.48,12.624,307.10,42.00,1/29/2019,12:25,Cash,8.9
422-29-8786,A,Trichy,Normal,Female,Home and lifestyle,67.09,5,335.45,16.7725,386.22,34.00,3/1/2019,16:47,Credit card,9.1
667-23-5919,A,Trichy,Member,Female,Fashion accessories,96.7,5,483.5,24.175,549.68,42.00,1/14/2019,12:52,Ewallet,7
843-01-4703,B,karur,Member,Female,Home and lifestyle,35.38,9,318.42,15.921,375.34,41.00,5/1/2019,19:50,Credit card,9.6
743-88-1662,C,Chennai,Normal,Male,Sports and travel,95.49,7,668.43,33.4215,716.85,15.00,2/22/2019,18:17,Ewallet,8.7
595-86-2894,C,Chennai,Member,Male,Fashion accessories,96.98,4,387.92,19.396,439.32,32.00,6/2/2019,17:20,Ewallet,9.4
182-69-8360,B,karur,Normal,Female,Electronic accessories,23.65,4,94.6,4.73,121.33,22.00,1/30/2019,13:32,Credit card,4
289-15-7034,A,Trichy,Member,Male,Sports and travel,82.33,4,329.32,16.466,376.79,31.00,11/1/2019,10:37,Credit card,7.5
462-78-5240,C,Chennai,Normal,Female,Electronic accessories,26.61,2,53.22,2.661,71.88,16.00,3/19/2019,14:35,Cash,4.2
868-52-7573,B,karur,Normal,Female,Food and beverages,99.69,5,498.45,24.9225,536.37,13.00,1/14/2019,12:09,Cash,9.9
153-58-4872,C,Chennai,Member,Female,Food and beverages,74.89,4,299.56,14.978,361.54,47.00,1/3/2019,15:32,Ewallet,4.2
662-72-2873,A,Trichy,Normal,Female,Food and beverages,40.94,5,204.7,10.235,228.94,14.00,6/1/2019,13:58,Ewallet,9.9
525-88-7307,B,karur,Member,Male,Sports and travel,75.82,1,75.82,3.791,116.61,37.00,1/31/2019,13:19,Cash,5.8
689-16-9784,C,Chennai,Normal,Male,Food and beverages,46.77,6,280.62,14.031,322.65,28.00,11/3/2019,13:37,Cash,6
725-56-0833,A,Trichy,Normal,Female,Health and beauty,32.32,10,323.2,16.16,367.36,28.00,2/20/2019,16:49,Credit card,10
394-41-0748,C,Chennai,Member,Female,Fashion accessories,54.07,9,486.63,24.3315,555.96,45.00,1/27/2019,14:55,Ewallet,9.5
596-42-3999,B,karur,Normal,Male,Food and beverages,18.22,7,127.54,6.377,176.92,43.00,10/3/2019,14:04,Credit card,6.6
541-89-9860,C,Chennai,Member,Female,Fashion accessories,80.48,3,241.44,12.072,268.51,15.00,2/15/2019,12:31,Cash,8.1
173-82-9529,B,karur,Normal,Female,Fashion accessories,37.95,10,379.5,18.975,408.48,10.00,1/26/2019,14:51,Cash,9.7
563-36-9814,A,Trichy,Member,Male,Electronic accessories,76.82,1,76.82,3.841,123.66,43.00,2/13/2019,18:27,Ewallet,7.2
308-47-4913,A,Trichy,Member,Female,Sports and travel,52.26,10,522.6,26.13,562.73,14.00,9/3/2019,12:45,Credit card,6.2
885-17-6250,A,Trichy,Normal,Female,Health and beauty,79.74,1,79.74,3.987,111.73,28.00,6/3/2019,10:36,Ewallet,7.3
726-27-2396,A,Trichy,Normal,Female,Health and beauty,77.5,5,387.5,19.375,441.88,35.00,1/24/2019,20:36,Ewallet,4.3
316-01-3952,A,Trichy,Normal,Female,Food and beverages,54.27,5,271.35,13.5675,324.92,40.00,3/13/2019,14:16,Ewallet,4.6
760-54-1821,B,karur,Normal,Male,Home and lifestyle,13.59,9,122.31,6.1155,177.43,49.00,3/15/2019,10:26,Cash,5.8
793-10-3222,B,karur,Member,Female,Health and beauty,41.06,6,246.36,12.318,279.68,21.00,5/3/2019,13:30,Credit card,8.3
346-12-3257,B,karur,Member,Male,Electronic accessories,19.24,9,173.16,8.658,211.82,30.00,4/3/2019,16:28,Cash,8
110-05-6330,C,Chennai,Normal,Female,Food and beverages,39.43,6,236.58,11.829,261.41,13.00,3/25/2019,20:18,Credit card,9.4
651-61-0874,C,Chennai,Normal,Male,Home and lifestyle,46.22,4,184.88,9.244,243.12,49.00,12/3/2019,20:04,Credit card,6.2
236-86-3015,C,Chennai,Member,Male,Home and lifestyle,13.98,1,13.98,0.699,31.68,17.00,4/2/2019,13:38,Ewallet,9.8
831-64-0259,B,karur,Normal,Female,Fashion accessories,39.75,5,198.75,9.9375,249.69,41.00,2/22/2019,10:43,Ewallet,9.6
587-03-7455,C,Chennai,Member,Female,Fashion accessories,97.79,7,684.53,34.2265,743.76,25.00,2/16/2019,17:30,Ewallet,4.9
882-40-4577,A,Trichy,Member,Male,Sports and travel,67.26,4,269.04,13.452,313.49,31.00,1/19/2019,15:28,Credit card,8
732-67-5346,A,Trichy,Normal,Male,Food and beverages,13.79,5,68.95,3.4475,121.40,49.00,11/1/2019,19:07,Credit card,7.8
725-32-9708,B,karur,Member,Female,Fashion accessories,68.71,4,274.84,13.742,322.58,34.00,4/1/2019,19:01,Cash,4.1
256-08-8343,A,Trichy,Normal,Female,Home and lifestyle,56.53,4,226.12,11.306,278.43,41.00,4/3/2019,19:48,Ewallet,5.5
372-26-1506,C,Chennai,Normal,Female,Fashion accessories,23.82,5,119.1,5.955,173.06,48.00,1/28/2019,19:24,Ewallet,5.4
244-08-0162,B,karur,Normal,Female,Health and beauty,34.21,10,342.1,17.105,371.21,12.00,2/1/2019,13:00,Cash,5.1
569-71-4390,B,karur,Normal,Male,Sports and travel,21.87,2,43.74,2.187,62.93,17.00,1/25/2019,14:29,Ewallet,6.9
132-23-6451,A,Trichy,Member,Male,Health and beauty,20.97,5,104.85,5.2425,121.09,11.00,4/1/2019,13:21,Cash,7.8
696-90-2548,A,Trichy,Normal,Male,Sports and travel,25.84,3,77.52,3.876,114.40,33.00,10/3/2019,18:55,Ewallet,6.6
472-15-9636,A,Trichy,Normal,Male,Home and lifestyle,50.93,8,407.44,20.372,463.81,36.00,3/22/2019,19:36,Ewallet,9.2
268-03-6164,B,karur,Normal,Male,Health and beauty,96.11,1,96.11,4.8055,146.92,46.00,1/25/2019,16:28,Ewallet,7.8
750-57-9686,C,Chennai,Normal,Female,Home and lifestyle,45.38,4,181.52,9.076,200.60,10.00,8/1/2019,13:48,Credit card,8.7
186-09-3669,C,Chennai,Member,Female,Health and beauty,81.51,1,81.51,4.0755,98.59,13.00,1/22/2019,10:57,Ewallet,9.2
848-07-1692,B,karur,Normal,Female,Health and beauty,57.22,2,114.44,5.722,139.16,19.00,12/1/2019,17:13,Ewallet,8.3
745-71-3520,A,Trichy,Member,Female,Electronic accessories,25.22,7,176.54,8.827,234.37,49.00,4/2/2019,10:23,Cash,8.2
266-76-6436,C,Chennai,Member,Female,Food and beverages,38.6,3,115.8,5.79,144.59,23.00,3/28/2019,13:57,Ewallet,7.5
740-22-2500,C,Chennai,Normal,Female,Electronic accessories,84.05,3,252.15,12.6075,314.76,50.00,1/23/2019,13:29,Cash,9.8
271-88-8734,C,Chennai,Member,Female,Fashion accessories,97.21,10,972.1,48.605,1053.71,33.00,8/2/2019,13:00,Credit card,8.7
301-81-8610,B,karur,Member,Male,Fashion accessories,25.42,8,203.36,10.168,239.53,26.00,3/19/2019,19:42,Credit card,6.7
489-64-4354,C,Chennai,Normal,Male,Fashion accessories,16.28,1,16.28,0.814,29.09,12.00,9/3/2019,15:36,Cash,5
198-84-7132,B,karur,Member,Male,Fashion accessories,40.61,9,365.49,18.2745,409.76,26.00,2/1/2019,13:40,Cash,7
269-10-8440,A,Trichy,Member,Male,Health and beauty,53.17,7,372.19,18.6095,439.80,49.00,1/21/2019,18:01,Cash,8.9
650-98-6268,B,karur,Member,Female,Food and beverages,20.87,3,62.61,3.1305,100.74,35.00,3/20/2019,13:53,Credit card,8
741-73-3559,B,karur,Normal,Male,Sports and travel,67.27,5,336.35,16.8175,364.17,11.00,2/27/2019,17:27,Cash,6.9
325-77-6186,A,Trichy,Member,Female,Home and lifestyle,90.65,10,906.5,45.325,972.83,21.00,8/3/2019,10:53,Ewallet,7.3
286-75-7818,B,karur,Normal,Male,Fashion accessories,69.08,2,138.16,6.908,188.07,43.00,1/31/2019,19:48,Credit card,6.9
574-57-9721,C,Chennai,Normal,Male,Food and beverages,43.27,2,86.54,4.327,135.87,45.00,8/3/2019,16:53,Ewallet,5.7
459-50-7686,A,Trichy,Normal,Female,Electronic accessories,23.46,6,140.76,7.038,160.80,13.00,1/13/2019,19:14,Ewallet,6.4
616-87-0016,B,karur,Normal,Male,Fashion accessories,95.54,7,668.78,33.439,728.22,26.00,9/3/2019,14:36,Credit card,9.6
837-55-7229,B,karur,Normal,Female,Fashion accessories,47.44,1,47.44,2.372,86.81,37.00,2/22/2019,18:19,Credit card,6.8
751-69-0068,C,Chennai,Normal,Male,Sports and travel,99.24,9,893.16,44.658,952.82,15.00,3/19/2019,19:09,Ewallet,9
257-73-1380,C,Chennai,Member,Male,Sports and travel,82.93,4,331.72,16.586,373.31,25.00,1/20/2019,16:51,Ewallet,9.6
345-08-4992,A,Trichy,Normal,Male,Home and lifestyle,33.99,6,203.94,10.197,228.14,14.00,8/3/2019,15:37,Credit card,7.7
549-96-4200,C,Chennai,Member,Male,Food and beverages,17.04,4,68.16,3.408,116.57,45.00,8/3/2019,20:15,Ewallet,7
810-60-6344,C,Chennai,Normal,Female,Electronic accessories,40.86,8,326.88,16.344,362.22,19.00,7/2/2019,14:38,Credit card,6.5
450-28-2866,C,Chennai,Member,Male,Food and beverages,17.44,5,87.2,4.36,140.56,49.00,1/15/2019,19:25,Cash,8.1
394-30-3170,B,karur,Member,Female,Sports and travel,88.43,8,707.44,35.372,790.81,48.00,3/22/2019,19:35,Credit card,4.3
138-17-5109,A,Trichy,Member,Female,Home and lifestyle,89.21,9,802.89,40.1445,858.03,15.00,1/15/2019,15:42,Credit card,6.5
192-98-7397,C,Chennai,Normal,Male,Fashion accessories,12.78,1,12.78,0.639,44.42,31.00,8/1/2019,14:11,Ewallet,9.5
301-11-9629,A,Trichy,Normal,Female,Sports and travel,19.1,7,133.7,6.685,185.39,45.00,1/15/2019,10:43,Cash,9.7
390-80-5128,B,karur,Member,Female,Health and beauty,19.15,1,19.15,0.9575,45.11,25.00,1/28/2019,17:58,Credit card,9.5
235-46-8343,C,Chennai,Member,Male,Food and beverages,27.66,10,276.6,13.83,336.43,46.00,2/14/2019,11:26,Credit card,8.9
453-12-7053,C,Chennai,Normal,Male,Fashion accessories,45.74,3,137.22,6.861,176.08,32.00,10/3/2019,17:38,Credit card,6.5
296-11-7041,B,karur,Member,Female,Health and beauty,27.07,1,27.07,1.3535,77.42,49.00,12/1/2019,20:07,Credit card,5.3
449-27-2918,B,karur,Member,Female,Sports and travel,39.12,1,39.12,1.956,90.08,49.00,3/26/2019,11:02,Credit card,9.6
891-01-7034,B,karur,Normal,Female,Electronic accessories,74.71,6,448.26,22.413,512.67,42.00,1/1/2019,19:07,Cash,6.7
744-09-5786,B,karur,Normal,Male,Electronic accessories,22.01,6,132.06,6.603,187.66,49.00,2/1/2019,18:50,Cash,7.6
727-17-0390,A,Trichy,Normal,Female,Food and beverages,63.61,5,318.05,15.9025,366.95,33.00,3/16/2019,12:43,Ewallet,4.8
568-88-3448,A,Trichy,Normal,Male,Health and beauty,25,1,25,1.25,63.25,37.00,3/3/2019,15:09,Ewallet,5.5
187-83-5490,A,Trichy,Member,Male,Electronic accessories,20.77,4,83.08,4.154,107.23,20.00,1/31/2019,13:47,Cash,4.7
767-54-1907,B,karur,Member,Female,Fashion accessories,29.56,5,147.8,7.39,172.19,17.00,2/13/2019,16:59,Cash,6.9
710-46-4433,B,karur,Member,Female,Food and beverages,77.4,9,696.6,34.83,744.43,13.00,2/15/2019,14:15,Credit card,4.5
533-33-5337,B,karur,Normal,Male,Electronic accessories,79.39,10,793.9,39.695,858.60,25.00,7/2/2019,20:24,Cash,6.2
325-90-8763,C,Chennai,Member,Female,Electronic accessories,46.57,10,465.7,23.285,514.99,26.00,1/27/2019,13:58,Cash,7.6
729-46-7422,C,Chennai,Normal,Male,Food and beverages,35.89,1,35.89,1.7945,66.68,29.00,2/23/2019,16:52,Credit card,7.9
639-76-1242,C,Chennai,Normal,Male,Food and beverages,40.52,5,202.6,10.13,225.73,13.00,3/2/2019,15:19,Cash,4.5
234-03-4040,B,karur,Member,Female,Food and beverages,73.05,10,730.5,36.525,799.03,32.00,3/3/2019,12:25,Credit card,8.7
326-71-2155,C,Chennai,Normal,Female,Sports and travel,73.95,4,295.8,14.79,347.59,37.00,3/2/2019,10:02,Cash,6.1
320-32-8842,C,Chennai,Member,Female,Food and beverages,22.62,1,22.62,1.131,48.75,25.00,3/17/2019,18:58,Cash,6.4
470-32-9057,A,Trichy,Member,Male,Food and beverages,51.34,5,256.7,12.835,286.54,17.00,3/28/2019,15:31,Credit card,9.1
878-30-2331,C,Chennai,Member,Female,Sports and travel,54.55,10,545.5,27.275,599.78,27.00,2/3/2019,11:22,Credit card,7.1
440-59-5691,C,Chennai,Member,Female,Health and beauty,37.15,7,260.05,13.0025,291.05,18.00,8/2/2019,13:12,Credit card,7.7
554-53-3790,B,karur,Normal,Male,Sports and travel,37.02,6,222.12,11.106,272.23,39.00,3/22/2019,18:33,Cash,4.5
746-19-0921,C,Chennai,Normal,Male,Food and beverages,21.58,1,21.58,1.079,68.66,46.00,9/2/2019,10:02,Ewallet,7.2
233-34-0817,C,Chennai,Member,Female,Electronic accessories,98.84,1,98.84,4.942,137.78,34.00,2/15/2019,11:21,Cash,8.4
767-05-1286,C,Chennai,Member,Female,Home and lifestyle,83.77,6,502.62,25.131,552.75,25.00,1/23/2019,12:10,Ewallet,5.4
340-21-9136,A,Trichy,Member,Female,Sports and travel,40.05,4,160.2,8.01,211.21,43.00,1/25/2019,11:40,Cash,9.7
405-31-3305,A,Trichy,Member,Male,Fashion accessories,43.13,10,431.3,21.565,498.87,46.00,2/2/2019,18:31,Credit card,5.5
731-59-7531,B,karur,Member,Male,Health and beauty,72.57,8,580.56,29.028,652.59,43.00,3/30/2019,17:58,Cash,4.6
676-39-6028,A,Trichy,Member,Female,Electronic accessories,64.44,5,322.2,16.11,348.31,10.00,3/30/2019,17:04,Cash,6.6
502-05-1910,A,Trichy,Normal,Male,Health and beauty,65.18,3,195.54,9.777,252.32,47.00,2/25/2019,20:35,Credit card,6.3
485-30-8700,A,Trichy,Normal,Female,Sports and travel,33.26,5,166.3,8.315,189.62,15.00,3/18/2019,16:10,Credit card,4.2
598-47-9715,C,Chennai,Normal,Male,Electronic accessories,84.07,4,336.28,16.814,401.09,48.00,7/3/2019,16:54,Ewallet,4.4
701-69-8742,B,karur,Normal,Male,Sports and travel,34.37,10,343.7,17.185,384.89,24.00,3/16/2019,10:11,Ewallet,6.7
575-67-1508,A,Trichy,Normal,Male,Electronic accessories,38.6,1,38.6,1.93,81.53,41.00,1/29/2019,11:26,Ewallet,6.7
541-08-3113,C,Chennai,Normal,Male,Food and beverages,65.97,8,527.76,26.388,579.15,25.00,2/2/2019,20:29,Cash,8.4
246-11-3901,C,Chennai,Normal,Female,Electronic accessories,32.8,10,328,16.4,373.40,29.00,2/15/2019,12:12,Cash,6.2
674-15-9296,A,Trichy,Normal,Male,Sports and travel,37.14,5,185.7,9.285,223.99,29.00,8/1/2019,13:05,Ewallet,5
305-18-3552,B,karur,Member,Male,Home and lifestyle,60.38,10,603.8,30.19,679.99,46.00,12/2/2019,16:19,Cash,6
493-65-6248,C,Chennai,Member,Female,Sports and travel,36.98,10,369.8,18.49,407.29,19.00,1/1/2019,19:48,Credit card,7
438-01-4015,B,karur,Member,Female,Sports and travel,49.49,4,197.96,9.898,237.86,30.00,3/21/2019,15:25,Ewallet,6.6
709-58-4068,B,karur,Normal,Female,Fashion accessories,41.09,10,410.9,20.545,461.45,30.00,2/28/2019,14:42,Cash,7.3
795-49-7276,A,Trichy,Normal,Male,Fashion accessories,37.15,4,148.6,7.43,204.03,48.00,3/23/2019,18:59,Ewallet,8.3
556-72-8512,C,Chennai,Normal,Male,Home and lifestyle,22.96,1,22.96,1.148,58.11,34.00,1/30/2019,20:47,Cash,4.3
627-95-3243,B,karur,Member,Female,Home and lifestyle,77.68,9,699.12,34.956,761.08,27.00,4/2/2019,13:21,Ewallet,9.8
686-41-0932,B,karur,Normal,Female,Fashion accessories,34.7,2,69.4,3.47,90.87,18.00,3/13/2019,19:48,Ewallet,8.2
510-09-5628,A,Trichy,Member,Female,Fashion accessories,19.66,10,196.6,9.83,224.43,18.00,3/15/2019,18:20,Credit card,7.2
608-04-3797,B,karur,Member,Female,Health and beauty,25.32,8,202.56,10.128,248.69,36.00,5/3/2019,20:24,Ewallet,8.7
148-82-2527,C,Chennai,Member,Female,Home and lifestyle,12.12,10,121.2,6.06,171.26,44.00,5/3/2019,13:44,Credit card,8.4
437-53-3084,B,karur,Normal,Male,Fashion accessories,99.89,2,199.78,9.989,224.77,15.00,2/26/2019,11:48,Ewallet,7.1
632-32-4574,B,karur,Normal,Male,Sports and travel,75.92,8,607.36,30.368,665.73,28.00,3/20/2019,14:14,Cash,5.5
556-97-7101,C,Chennai,Normal,Female,Electronic accessories,63.22,2,126.44,6.322,151.76,19.00,1/1/2019,15:51,Cash,8.5
862-59-8517,C,Chennai,Normal,Female,Food and beverages,90.24,6,541.44,27.072,600.51,32.00,1/27/2019,11:17,Cash,6.2
401-18-8016,B,karur,Member,Female,Sports and travel,98.13,1,98.13,4.9065,127.04,24.00,1/21/2019,17:36,Cash,8.9
420-18-8989,A,Trichy,Member,Female,Sports and travel,51.52,8,412.16,20.608,481.77,49.00,2/2/2019,15:47,Cash,9.6
277-63-2961,B,karur,Member,Male,Sports and travel,73.97,1,73.97,3.6985,123.67,46.00,3/2/2019,15:53,Credit card,5.4
573-98-8548,C,Chennai,Member,Female,Fashion accessories,31.9,1,31.9,1.595,63.50,30.00,5/1/2019,12:40,Ewallet,9.1
620-02-2046,C,Chennai,Normal,Male,Home and lifestyle,69.4,2,138.8,6.94,176.74,31.00,1/27/2019,19:48,Ewallet,9
282-35-2475,B,karur,Normal,Female,Sports and travel,93.31,2,186.62,9.331,223.95,28.00,3/25/2019,17:53,Cash,6.3
511-54-3087,B,karur,Normal,Male,Sports and travel,88.45,1,88.45,4.4225,102.87,10.00,2/25/2019,16:36,Credit card,9.5
726-29-6793,A,Trichy,Member,Male,Electronic accessories,24.18,8,193.44,9.672,227.11,24.00,1/28/2019,20:54,Ewallet,9.8
387-49-4215,B,karur,Member,Female,Sports and travel,48.5,3,145.5,7.275,182.78,30.00,8/1/2019,12:50,Cash,6.7
862-17-9201,B,karur,Normal,Female,Food and beverages,84.05,6,504.3,25.215,540.52,11.00,1/29/2019,10:48,Credit card,7.7
291-21-5991,B,karur,Member,Male,Health and beauty,61.29,5,306.45,15.3225,370.77,49.00,3/29/2019,14:28,Cash,7
602-80-9671,C,Chennai,Member,Female,Home and lifestyle,15.95,6,95.7,4.785,128.49,28.00,9/2/2019,17:15,Credit card,5.1
347-72-6115,B,karur,Member,Female,Sports and travel,90.74,7,635.18,31.759,681.94,15.00,1/16/2019,18:03,Credit card,6.2
209-61-0206,A,Trichy,Normal,Female,Home and lifestyle,42.91,5,214.55,10.7275,248.28,23.00,5/1/2019,17:29,Ewallet,6.1
595-27-4851,A,Trichy,Normal,Female,Fashion accessories,54.28,7,379.96,18.998,430.96,32.00,1/27/2019,18:05,Ewallet,9.3
189-52-0236,A,Trichy,Normal,Male,Electronic accessories,99.55,7,696.85,34.8425,754.69,23.00,3/14/2019,12:07,Cash,7.6
503-07-0930,C,Chennai,Member,Male,Sports and travel,58.39,7,408.73,20.4365,448.17,19.00,2/23/2019,19:49,Credit card,8.2
413-20-6708,C,Chennai,Member,Female,Fashion accessories,51.47,1,51.47,2.5735,90.04,36.00,3/18/2019,15:52,Ewallet,8.5
425-85-2085,B,karur,Member,Male,Health and beauty,54.86,5,274.3,13.715,333.02,45.00,3/29/2019,16:48,Ewallet,9.8
521-18-7827,C,Chennai,Member,Male,Home and lifestyle,39.39,5,196.95,9.8475,256.80,50.00,1/22/2019,20:46,Credit card,8.7
220-28-1851,A,Trichy,Normal,Male,Home and lifestyle,34.73,2,69.46,3.473,94.93,22.00,1/3/2019,18:14,Ewallet,9.7
600-38-9738,C,Chennai,Member,Male,Sports and travel,71.92,5,359.6,17.98,388.58,11.00,1/17/2019,15:05,Credit card,4.3
734-91-1155,B,karur,Normal,Female,Electronic accessories,45.71,3,137.13,6.8565,192.99,49.00,3/26/2019,10:34,Credit card,7.7
451-28-5717,C,Chennai,Member,Female,Home and lifestyle,83.17,6,499.02,24.951,558.97,35.00,3/20/2019,11:23,Cash,7.3
609-81-8548,A,Trichy,Member,Female,Home and lifestyle,37.44,6,224.64,11.232,266.87,31.00,6/2/2019,13:55,Credit card,5.9
133-14-7229,C,Chennai,Normal,Male,Health and beauty,62.87,2,125.74,6.287,142.03,10.00,1/1/2019,11:43,Cash,5
534-01-4457,A,Trichy,Normal,Male,Food and beverages,81.71,6,490.26,24.513,558.77,44.00,1/27/2019,14:36,Credit card,8
719-89-8991,A,Trichy,Member,Female,Sports and travel,91.41,5,457.05,22.8525,514.90,35.00,2/25/2019,16:03,Ewallet,7.1
286-62-6248,B,karur,Normal,Male,Fashion accessories,39.21,4,156.84,7.842,193.68,29.00,1/16/2019,20:03,Credit card,9
339-38-9982,B,karur,Member,Male,Fashion accessories,59.86,2,119.72,5.986,150.71,25.00,1/13/2019,14:55,Ewallet,6.7
827-44-5872,B,karur,Member,Female,Food and beverages,54.36,10,543.6,27.18,597.78,27.00,7/2/2019,11:28,Credit card,6.1
827-77-7633,A,Trichy,Normal,Male,Sports and travel,98.09,9,882.81,44.1405,965.95,39.00,2/17/2019,19:41,Cash,9.3
287-83-1405,A,Trichy,Normal,Male,Health and beauty,25.43,6,152.58,7.629,189.21,29.00,12/2/2019,19:01,Ewallet,7
435-13-4908,A,Trichy,Member,Male,Fashion accessories,86.68,8,693.44,34.672,758.11,30.00,1/24/2019,18:04,Credit card,7.2
857-67-9057,B,karur,Normal,Male,Electronic accessories,22.95,10,229.5,11.475,264.98,24.00,6/2/2019,19:20,Ewallet,8.2
236-27-1144,C,Chennai,Normal,Female,Food and beverages,16.31,9,146.79,7.3395,202.13,48.00,3/26/2019,10:31,Ewallet,8.4
892-05-6689,A,Trichy,Normal,Female,Home and lifestyle,28.32,5,141.6,7.08,196.68,48.00,11/3/2019,13:28,Ewallet,6.2
583-41-4548,C,Chennai,Normal,Male,Home and lifestyle,16.67,7,116.69,5.8345,155.52,33.00,7/2/2019,11:36,Ewallet,7.4
339-12-4827,B,karur,Member,Female,Fashion accessories,73.96,1,73.96,3.698,91.66,14.00,5/1/2019,11:32,Credit card,5
643-38-7867,A,Trichy,Normal,Male,Home and lifestyle,97.94,1,97.94,4.897,126.84,24.00,7/3/2019,11:44,Ewallet,6.9
308-81-0538,A,Trichy,Normal,Female,Fashion accessories,73.05,4,292.2,14.61,335.81,29.00,2/25/2019,17:16,Credit card,4.9
358-88-9262,C,Chennai,Member,Female,Food and beverages,87.48,6,524.88,26.244,578.12,27.00,1/2/2019,18:43,Ewallet,5.1
460-35-4390,A,Trichy,Normal,Male,Home and lifestyle,30.68,3,92.04,4.602,129.64,33.00,1/22/2019,11:00,Ewallet,9.1
343-87-0864,C,Chennai,Member,Male,Health and beauty,75.88,1,75.88,3.794,124.67,45.00,3/1/2019,10:30,Credit card,7.1
173-50-1108,B,karur,Member,Female,Sports and travel,20.18,4,80.72,4.036,107.76,23.00,2/13/2019,12:14,Credit card,5
243-47-2663,C,Chennai,Member,Male,Electronic accessories,18.77,6,112.62,5.631,141.25,23.00,1/28/2019,16:43,Credit card,5.5
841-18-8232,B,karur,Normal,Female,Food and beverages,71.2,1,71.2,3.56,123.76,49.00,5/1/2019,20:40,Credit card,9.2
701-23-5550,B,karur,Member,Male,Home and lifestyle,38.81,4,155.24,7.762,213.00,50.00,3/19/2019,13:40,Ewallet,4.9
647-50-1224,A,Trichy,Normal,Female,Fashion accessories,29.42,10,294.2,14.71,356.91,48.00,12/1/2019,16:23,Ewallet,8.9
541-48-8554,A,Trichy,Normal,Male,Sports and travel,60.95,9,548.55,27.4275,625.98,50.00,7/1/2019,12:08,Credit card,6
539-21-7227,B,karur,Normal,Female,Sports and travel,51.54,5,257.7,12.885,318.59,48.00,1/26/2019,17:45,Cash,4.2
213-32-1216,A,Trichy,Normal,Female,Electronic accessories,66.06,6,396.36,19.818,446.18,30.00,1/23/2019,10:28,Cash,7.3
747-58-7183,B,karur,Normal,Male,Fashion accessories,57.27,3,171.81,8.5905,201.40,21.00,9/2/2019,20:31,Ewallet,6.5
582-52-8065,B,karur,Normal,Female,Fashion accessories,54.31,9,488.79,24.4395,535.23,22.00,2/22/2019,10:49,Cash,8.9
210-57-1719,B,karur,Normal,Female,Health and beauty,58.24,9,524.16,26.208,573.37,23.00,5/2/2019,12:34,Cash,9.7
399-69-4630,C,Chennai,Normal,Male,Electronic accessories,22.21,6,133.26,6.663,185.92,46.00,7/3/2019,10:23,Credit card,8.6
134-75-2619,A,Trichy,Member,Male,Electronic accessories,19.32,7,135.24,6.762,177.00,35.00,3/25/2019,18:51,Cash,6.9
356-44-8813,B,karur,Normal,Male,Home and lifestyle,37.48,3,112.44,5.622,153.06,35.00,1/20/2019,13:45,Credit card,7.7
198-66-9832,B,karur,Member,Female,Fashion accessories,72.04,2,144.08,7.204,197.28,46.00,4/2/2019,19:38,Cash,9.5
283-26-5248,C,Chennai,Member,Female,Food and beverages,98.52,10,985.2,49.26,1066.46,32.00,1/30/2019,20:23,Ewallet,4.5
712-39-0363,A,Trichy,Member,Male,Food and beverages,41.66,6,249.96,12.498,300.46,38.00,2/1/2019,15:24,Ewallet,5.6
218-59-9410,A,Trichy,Member,Female,Home and lifestyle,72.42,3,217.26,10.863,265.12,37.00,3/29/2019,16:54,Ewallet,8.2
174-75-0888,B,karur,Normal,Male,Electronic accessories,21.58,9,194.22,9.711,225.93,22.00,3/14/2019,12:32,Cash,7.3
866-99-7614,C,Chennai,Normal,Male,Food and beverages,89.2,10,892,44.6,979.60,43.00,11/2/2019,15:42,Credit card,4.4
134-54-4720,B,karur,Normal,Female,Electronic accessories,42.42,8,339.36,16.968,396.33,40.00,1/30/2019,13:58,Ewallet,5.7
760-90-2357,A,Trichy,Member,Male,Electronic accessories,74.51,6,447.06,22.353,497.41,28.00,3/20/2019,15:08,Ewallet,5
514-37-2845,B,karur,Normal,Male,Fashion accessories,99.25,2,198.5,9.925,230.43,22.00,3/20/2019,13:02,Cash,9
698-98-5964,A,Trichy,Normal,Female,Food and beverages,81.21,10,812.1,40.605,892.71,40.00,1/17/2019,13:01,Credit card,6.3
718-57-9773,C,Chennai,Normal,Female,Sports and travel,49.33,10,493.3,24.665,535.97,18.00,3/2/2019,16:40,Credit card,9.4
651-88-7328,A,Trichy,Normal,Female,Fashion accessories,65.74,9,591.66,29.583,633.24,12.00,1/1/2019,13:55,Cash,7.7
241-11-2261,B,karur,Normal,Female,Fashion accessories,79.86,7,559.02,27.951,602.97,16.00,10/1/2019,10:33,Credit card,5.5
408-26-9866,C,Chennai,Normal,Female,Sports and travel,73.98,7,517.86,25.893,592.75,49.00,2/3/2019,16:42,Ewallet,4.1
834-83-1826,B,karur,Member,Female,Home and lifestyle,82.04,5,410.2,20.51,467.71,37.00,2/25/2019,17:16,Credit card,7.6
343-61-3544,B,karur,Member,Male,Sports and travel,26.67,10,266.7,13.335,299.04,19.00,1/29/2019,11:48,Cash,8.6
239-48-4278,A,Trichy,Member,Male,Food and beverages,10.13,7,70.91,3.5455,87.46,13.00,10/3/2019,19:35,Ewallet,8.3
355-34-6244,B,karur,Normal,Male,Food and beverages,72.39,2,144.78,7.239,202.02,50.00,1/13/2019,19:55,Credit card,8.1
550-84-8664,A,Trichy,Normal,Male,Sports and travel,85.91,5,429.55,21.4775,470.03,19.00,3/22/2019,14:33,Credit card,8.6
339-96-8318,B,karur,Member,Male,Fashion accessories,81.31,7,569.17,28.4585,607.63,10.00,1/3/2019,19:49,Ewallet,6.3
458-61-0011,B,karur,Normal,Male,Food and beverages,60.3,4,241.2,12.06,280.26,27.00,2/20/2019,18:43,Cash,5.8
592-34-6155,C,Chennai,Normal,Male,Food and beverages,31.77,4,127.08,6.354,172.43,39.00,1/14/2019,14:43,Ewallet,6.2
797-88-0493,A,Trichy,Normal,Female,Health and beauty,64.27,4,257.08,12.854,304.93,35.00,3/26/2019,13:54,Cash,7.7
207-73-1363,B,karur,Normal,Male,Health and beauty,69.51,2,139.02,6.951,157.97,12.00,1/3/2019,12:15,Ewallet,8.1
390-31-6381,C,Chennai,Normal,Male,Food and beverages,27.22,3,81.66,4.083,98.74,13.00,7/1/2019,12:37,Cash,7.3
443-82-0585,A,Trichy,Member,Female,Health and beauty,77.68,4,310.72,15.536,339.26,13.00,1/2/2019,19:54,Cash,8.4
339-18-7061,C,Chennai,Member,Female,Fashion accessories,92.98,2,185.96,9.298,238.26,43.00,2/13/2019,15:06,Credit card,8
359-90-3665,B,karur,Member,Female,Fashion accessories,18.08,4,72.32,3.616,119.94,44.00,1/14/2019,18:03,Credit card,9.5
375-72-3056,B,karur,Normal,Male,Sports and travel,63.06,3,189.18,9.459,231.64,33.00,1/19/2019,15:58,Ewallet,7
127-47-6963,A,Trichy,Normal,Male,Health and beauty,51.71,4,206.84,10.342,234.18,17.00,9/3/2019,13:53,Credit card,9.8
278-86-2735,A,Trichy,Normal,Female,Food and beverages,52.34,3,157.02,7.851,180.87,16.00,3/27/2019,14:03,Cash,9.2
695-28-6250,A,Trichy,Normal,Female,Sports and travel,43.06,5,215.3,10.765,240.07,14.00,4/2/2019,16:38,Ewallet,7.7
379-17-6588,C,Chennai,Normal,Male,Fashion accessories,59.61,10,596.1,29.805,639.91,14.00,3/14/2019,11:07,Cash,5.3
227-50-3718,A,Trichy,Normal,Male,Health and beauty,14.62,5,73.1,3.655,114.76,38.00,4/3/2019,12:23,Cash,4.4
302-15-2162,C,Chennai,Member,Male,Health and beauty,46.53,6,279.18,13.959,335.14,42.00,3/3/2019,10:54,Credit card,4.3
788-07-8452,C,Chennai,Member,Female,Home and lifestyle,24.24,7,169.68,8.484,191.16,13.00,1/27/2019,17:38,Ewallet,9.4
560-49-6611,A,Trichy,Member,Female,Sports and travel,45.58,1,45.58,2.279,66.86,19.00,7/2/2019,14:13,Cash,9.8
880-35-0356,A,Trichy,Member,Female,Sports and travel,75.2,3,225.6,11.28,262.88,26.00,5/2/2019,11:51,Ewallet,4.8
585-11-6748,B,karur,Member,Male,Sports and travel,96.8,3,290.4,14.52,347.92,43.00,3/15/2019,13:05,Cash,5.3
470-31-3286,B,karur,Normal,Male,Health and beauty,14.82,3,44.46,2.223,89.68,43.00,1/3/2019,11:30,Credit card,8.7
152-68-2907,A,Trichy,Normal,Male,Food and beverages,52.2,3,156.6,7.83,190.43,26.00,2/15/2019,13:30,Credit card,9.5
123-35-4896,C,Chennai,Normal,Female,Sports and travel,46.66,9,419.94,20.997,462.94,22.00,2/17/2019,19:11,Ewallet,5.3
258-69-7810,C,Chennai,Normal,Female,Fashion accessories,36.85,5,184.25,9.2125,212.46,19.00,1/26/2019,18:53,Cash,9.2
334-64-2006,A,Trichy,Member,Female,Home and lifestyle,70.32,2,140.64,7.032,169.67,22.00,3/24/2019,14:22,Ewallet,9.6
219-61-4139,C,Chennai,Normal,Male,Electronic accessories,83.08,1,83.08,4.154,99.23,12.00,1/23/2019,17:16,Ewallet,6.4
881-41-7302,C,Chennai,Normal,Female,Fashion accessories,64.99,1,64.99,3.2495,100.24,32.00,1/26/2019,10:06,Credit card,4.5
373-09-4567,C,Chennai,Normal,Male,Food and beverages,77.56,10,775.6,38.78,829.38,15.00,3/14/2019,20:35,Ewallet,6.9
642-30-6693,B,karur,Normal,Female,Sports and travel,54.51,6,327.06,16.353,385.41,42.00,3/17/2019,13:54,Ewallet,7.8
484-22-8230,C,Chennai,Member,Female,Fashion accessories,51.89,7,363.23,18.1615,403.39,22.00,8/1/2019,20:08,Cash,4.5
830-58-2383,B,karur,Normal,Male,Home and lifestyle,31.75,4,127,6.35,180.35,47.00,8/2/2019,15:26,Cash,8.6
559-98-9873,A,Trichy,Member,Female,Fashion accessories,53.65,7,375.55,18.7775,404.33,10.00,10/2/2019,12:56,Ewallet,5.2
544-32-5024,C,Chennai,Member,Female,Food and beverages,49.79,4,199.16,9.958,240.12,31.00,3/28/2019,19:16,Credit card,6.4
318-12-0304,A,Trichy,Normal,Male,Fashion accessories,30.61,1,30.61,1.5305,53.14,21.00,1/23/2019,12:20,Ewallet,5.2
349-97-8902,B,karur,Member,Male,Food and beverages,57.89,2,115.78,5.789,161.57,40.00,1/17/2019,10:37,Ewallet,8.9
421-95-9805,A,Trichy,Normal,Female,Electronic accessories,28.96,1,28.96,1.448,76.41,46.00,7/2/2019,10:18,Credit card,6.2
277-35-5865,C,Chennai,Member,Female,Food and beverages,98.97,9,890.73,44.5365,961.27,26.00,9/3/2019,11:23,Cash,6.7
789-23-8625,B,karur,Member,Male,Fashion accessories,93.22,3,279.66,13.983,324.64,31.00,1/24/2019,11:45,Cash,7.2
284-54-4231,C,Chennai,Member,Male,Sports and travel,80.93,1,80.93,4.0465,131.98,47.00,1/19/2019,16:08,Credit card,9
443-59-0061,A,Trichy,Member,Male,Food and beverages,67.45,10,674.5,33.725,757.23,49.00,3/2/2019,11:25,Ewallet,4.2
509-29-3912,A,Trichy,Member,Female,Sports and travel,38.72,9,348.48,17.424,413.90,48.00,3/20/2019,12:24,Ewallet,4.2
327-40-9673,B,karur,Member,Male,Sports and travel,72.6,6,435.6,21.78,476.38,19.00,1/13/2019,19:51,Cash,6.9
840-19-2096,C,Chennai,Member,Male,Electronic accessories,87.91,5,439.55,21.9775,477.53,16.00,3/14/2019,18:10,Ewallet,4.4
828-46-6863,A,Trichy,Member,Male,Food and beverages,98.53,6,591.18,29.559,633.74,13.00,1/23/2019,11:22,Credit card,4
641-96-3695,C,Chennai,Member,Female,Fashion accessories,43.46,6,260.76,13.038,284.80,11.00,7/2/2019,17:55,Ewallet,8.5
420-97-3340,A,Trichy,Normal,Female,Food and beverages,71.68,3,215.04,10.752,244.79,19.00,3/28/2019,15:30,Credit card,9.2
436-54-4512,A,Trichy,Member,Female,Food and beverages,91.61,1,91.61,4.5805,133.19,37.00,3/20/2019,19:44,Cash,9.8
670-79-6321,B,karur,Member,Female,Home and lifestyle,94.59,7,662.13,33.1065,713.24,18.00,1/17/2019,15:27,Credit card,4.9
852-62-7105,B,karur,Normal,Female,Fashion accessories,83.25,10,832.5,41.625,910.13,36.00,12/1/2019,11:25,Credit card,4.4
598-06-7312,B,karur,Member,Male,Fashion accessories,91.35,1,91.35,4.5675,106.92,11.00,2/16/2019,15:42,Cash,6.8
135-13-8269,B,karur,Member,Female,Food and beverages,78.88,2,157.76,7.888,198.65,33.00,1/26/2019,16:04,Cash,9.1
816-57-2053,A,Trichy,Normal,Male,Sports and travel,60.87,2,121.74,6.087,166.83,39.00,9/3/2019,12:37,Ewallet,8.7
628-90-8624,B,karur,Member,Male,Health and beauty,82.58,10,825.8,41.29,912.09,45.00,3/14/2019,14:41,Cash,5
856-66-2701,A,Trichy,Member,Male,Home and lifestyle,53.3,3,159.9,7.995,202.90,35.00,1/25/2019,14:19,Ewallet,7.5
308-39-1707,A,Trichy,Normal,Female,Fashion accessories,12.09,1,12.09,0.6045,24.69,12.00,1/26/2019,18:19,Credit card,8.2
149-61-1929,A,Trichy,Normal,Male,Sports and travel,64.19,10,641.9,32.095,703.00,29.00,1/19/2019,14:08,Credit card,6.7
655-07-2265,A,Trichy,Normal,Male,Electronic accessories,78.31,3,234.93,11.7465,272.68,26.00,5/3/2019,16:38,Ewallet,5.4
589-02-8023,A,Trichy,Member,Male,Food and beverages,83.77,2,167.54,8.377,193.92,18.00,1/15/2019,10:54,Credit card,7
420-04-7590,B,karur,Normal,Male,Home and lifestyle,99.7,3,299.1,14.955,362.06,48.00,3/18/2019,11:29,Ewallet,4.7
182-88-2763,B,karur,Member,Male,Food and beverages,79.91,3,239.73,11.9865,284.72,33.00,3/20/2019,19:28,Credit card,5
188-55-0967,B,karur,Member,Male,Health and beauty,66.47,10,664.7,33.235,730.94,33.00,1/15/2019,15:01,Credit card,5
610-46-4100,A,Trichy,Normal,Male,Health and beauty,28.95,7,202.65,10.1325,231.78,19.00,3/3/2019,20:31,Credit card,6
318-81-2368,C,Chennai,Normal,Female,Electronic accessories,46.2,1,46.2,2.31,60.51,12.00,3/19/2019,12:16,Cash,6.3
364-33-8584,B,karur,Member,Female,Food and beverages,17.63,5,88.15,4.4075,123.56,31.00,8/3/2019,15:27,Cash,8.5
665-63-9737,B,karur,Normal,Male,Fashion accessories,52.42,3,157.26,7.863,200.12,35.00,2/27/2019,17:36,Ewallet,7.5
695-09-5146,B,karur,Member,Female,Food and beverages,98.79,3,296.37,14.8185,350.19,39.00,2/23/2019,20:00,Ewallet,6.4
155-45-3814,C,Chennai,Member,Female,Electronic accessories,88.55,8,708.4,35.42,771.82,28.00,3/19/2019,15:29,Ewallet,4.7
794-32-2436,B,karur,Member,Male,Electronic accessories,55.67,2,111.34,5.567,160.91,44.00,3/27/2019,15:08,Ewallet,6
131-15-8856,C,Chennai,Member,Female,Food and beverages,72.52,8,580.16,29.008,620.17,11.00,3/30/2019,19:26,Credit card,4
273-84-2164,C,Chennai,Member,Male,Electronic accessories,12.05,5,60.25,3.0125,73.26,10.00,2/16/2019,15:53,Ewallet,5.5
706-36-6154,A,Trichy,Member,Male,Home and lifestyle,19.36,9,174.24,8.712,218.95,36.00,1/18/2019,18:43,Ewallet,8.7
778-89-7974,C,Chennai,Normal,Male,Health and beauty,70.21,6,421.26,21.063,492.32,50.00,3/30/2019,14:58,Cash,7.4
574-31-8277,B,karur,Member,Male,Fashion accessories,33.63,1,33.63,1.6815,73.31,38.00,3/20/2019,19:55,Cash,5.6
859-71-0933,C,Chennai,Member,Female,Sports and travel,15.49,2,30.98,1.549,47.53,15.00,1/16/2019,15:10,Cash,6.3
740-11-5257,C,Chennai,Normal,Male,Electronic accessories,24.74,10,247.4,12.37,293.77,34.00,2/24/2019,16:44,Cash,7.1
369-82-2676,B,karur,Normal,Male,Electronic accessories,75.66,5,378.3,18.915,446.22,49.00,1/15/2019,18:22,Ewallet,7.8
563-47-4072,B,karur,Normal,Female,Health and beauty,55.81,6,334.86,16.743,367.60,16.00,1/22/2019,11:52,Cash,9.9
742-04-5161,A,Trichy,Member,Male,Home and lifestyle,72.78,10,727.8,36.39,797.19,33.00,3/2/2019,17:24,Cash,7.3
149-15-7606,B,karur,Member,Male,Sports and travel,37.32,9,335.88,16.794,385.67,33.00,6/3/2019,15:31,Ewallet,5.1
133-77-3154,B,karur,Member,Male,Fashion accessories,60.18,4,240.72,12.036,300.76,48.00,2/16/2019,18:04,Credit card,9.4
169-52-4504,A,Trichy,Normal,Female,Electronic accessories,15.69,3,47.07,2.3535,92.42,43.00,3/14/2019,14:13,Credit card,5.8
250-81-7186,C,Chennai,Normal,Female,Electronic accessories,99.69,1,99.69,4.9845,141.67,37.00,2/27/2019,10:23,Credit card,8
562-12-5430,A,Trichy,Member,Female,Fashion accessories,88.15,3,264.45,13.2225,288.67,11.00,1/18/2019,10:11,Ewallet,7.9
816-72-8853,A,Trichy,Member,Female,Sports and travel,27.93,5,139.65,6.9825,171.63,25.00,1/29/2019,15:48,Cash,5.9
491-38-3499,A,Trichy,Member,Male,Fashion accessories,55.45,1,55.45,2.7725,92.22,34.00,2/26/2019,17:46,Credit card,4.9
322-02-2271,B,karur,Normal,Female,Sports and travel,42.97,3,128.91,6.4455,174.36,39.00,3/2/2019,11:46,Cash,9.3
842-29-4695,C,Chennai,Member,Male,Sports and travel,17.14,7,119.98,5.999,163.98,38.00,1/16/2019,12:07,Credit card,7.9
725-67-2480,B,karur,Member,Female,Fashion accessories,58.75,6,352.5,17.625,408.13,38.00,3/24/2019,18:14,Credit card,5.9
641-51-2661,C,Chennai,Member,Female,Food and beverages,87.1,10,871,43.55,934.55,20.00,12/2/2019,14:45,Credit card,9.9
714-02-3114,C,Chennai,Normal,Female,Sports and travel,98.8,2,197.6,9.88,239.48,32.00,2/21/2019,11:39,Cash,7.7
518-17-2983,A,Trichy,Normal,Female,Fashion accessories,48.63,4,194.52,9.726,214.25,10.00,4/2/2019,15:44,Ewallet,7.6
779-42-2410,B,karur,Member,Male,Food and beverages,57.74,3,173.22,8.661,195.88,14.00,2/20/2019,13:06,Ewallet,7.7
190-14-3147,B,karur,Normal,Female,Health and beauty,17.97,4,71.88,3.594,113.47,38.00,2/23/2019,20:43,Ewallet,6.4
408-66-6712,C,Chennai,Member,Female,Health and beauty,47.71,6,286.26,14.313,340.57,40.00,2/16/2019,14:19,Ewallet,4.4
679-22-6530,B,karur,Normal,Female,Sports and travel,40.62,2,81.24,4.062,113.30,28.00,1/17/2019,10:01,Credit card,4.1
588-47-8641,A,Trichy,Member,Male,Fashion accessories,56.04,10,560.4,28.02,620.42,32.00,1/14/2019,19:30,Ewallet,4.4
642-61-4706,B,karur,Member,Male,Food and beverages,93.4,2,186.8,9.34,216.14,20.00,3/30/2019,16:34,Cash,5.5
576-31-4774,B,karur,Normal,Female,Health and beauty,73.41,3,220.23,11.0115,248.24,17.00,2/3/2019,13:10,Ewallet,4
556-41-6224,C,Chennai,Normal,Male,Health and beauty,33.64,8,269.12,13.456,304.58,22.00,2/15/2019,17:10,Credit card,9.3
811-03-8790,A,Trichy,Normal,Female,Electronic accessories,45.48,10,454.8,22.74,488.54,11.00,1/3/2019,10:22,Credit card,4.8
242-11-3142,B,karur,Member,Male,Fashion accessories,83.77,2,167.54,8.377,213.92,38.00,2/24/2019,19:57,Cash,4.6
752-23-3760,B,karur,Member,Female,Sports and travel,64.08,7,448.56,22.428,488.99,18.00,2/19/2019,19:29,Credit card,7.3
274-05-5470,A,Trichy,Member,Female,Food and beverages,73.47,4,293.88,14.694,340.57,32.00,2/23/2019,18:30,Cash,6
648-94-3045,C,Chennai,Normal,Male,Health and beauty,58.95,10,589.5,29.475,638.98,20.00,7/2/2019,14:27,Ewallet,8.1
130-67-4723,A,Trichy,Member,Male,Food and beverages,48.5,6,291,14.55,355.55,50.00,11/1/2019,13:57,Ewallet,9.4
528-87-5606,B,karur,Member,Female,Electronic accessories,39.48,1,39.48,1.974,77.45,36.00,12/2/2019,19:43,Cash,6.5
320-85-2052,B,karur,Normal,Female,Sports and travel,34.81,1,34.81,1.7405,64.55,28.00,1/14/2019,10:11,Credit card,7
370-96-0655,C,Chennai,Normal,Female,Fashion accessories,49.32,6,295.92,14.796,352.72,42.00,9/1/2019,13:46,Ewallet,7.1
105-10-6182,A,Trichy,Member,Male,Fashion accessories,21.48,2,42.96,2.148,74.11,29.00,2/27/2019,12:22,Ewallet,6.6
510-79-0415,B,karur,Member,Female,Sports and travel,23.08,6,138.48,6.924,187.40,42.00,1/24/2019,19:20,Ewallet,4.9
241-96-5076,B,karur,Member,Female,Home and lifestyle,49.1,2,98.2,4.91,123.11,20.00,8/1/2019,12:58,Credit card,6.4
767-97-4650,B,karur,Member,Female,Sports and travel,64.83,2,129.66,6.483,166.14,30.00,8/1/2019,11:59,Credit card,8
648-83-1321,A,Trichy,Member,Male,Home and lifestyle,63.56,10,635.6,31.78,710.38,43.00,1/16/2019,17:59,Cash,4.3
173-57-2300,C,Chennai,Member,Male,Sports and travel,72.88,2,145.76,7.288,200.05,47.00,3/13/2019,12:51,Cash,6.1
305-03-2383,A,Trichy,Normal,Female,Food and beverages,67.1,3,201.3,10.065,235.37,24.00,2/15/2019,10:36,Cash,7.5
394-55-6384,C,Chennai,Member,Female,Sports and travel,70.19,9,631.71,31.5855,701.30,38.00,1/25/2019,13:38,Cash,6.7
266-20-6657,C,Chennai,Member,Male,Food and beverages,55.04,7,385.28,19.264,429.54,25.00,12/3/2019,19:39,Ewallet,5.2
689-05-1884,A,Trichy,Member,Male,Health and beauty,48.63,10,486.3,24.315,550.62,40.00,4/3/2019,12:44,Cash,8.8
196-01-2849,C,Chennai,Member,Female,Fashion accessories,73.38,7,513.66,25.683,556.34,17.00,10/2/2019,13:56,Cash,9.5
372-62-5264,C,Chennai,Normal,Female,Food and beverages,52.6,9,473.4,23.67,511.07,14.00,1/16/2019,14:42,Cash,7.6
800-09-8606,A,Trichy,Member,Female,Home and lifestyle,87.37,5,436.85,21.8425,474.69,16.00,1/29/2019,19:45,Cash,6.6
182-52-7000,A,Trichy,Member,Female,Sports and travel,27.04,4,108.16,5.408,149.57,36.00,1/1/2019,20:26,Ewallet,6.9
826-58-8051,B,karur,Normal,Male,Home and lifestyle,62.19,4,248.76,12.438,296.20,35.00,6/1/2019,19:46,Ewallet,4.3
868-06-0466,A,Trichy,Member,Male,Electronic accessories,69.58,9,626.22,31.311,667.53,10.00,2/19/2019,19:38,Credit card,7.8
751-41-9720,C,Chennai,Normal,Male,Home and lifestyle,97.5,10,975,48.75,1064.75,41.00,12/1/2019,16:18,Ewallet,8
626-43-7888,C,Chennai,Normal,Female,Fashion accessories,60.41,8,483.28,24.164,535.44,28.00,7/2/2019,12:23,Ewallet,9.6
176-64-7711,B,karur,Normal,Male,Food and beverages,32.32,3,96.96,4.848,142.81,41.00,3/27/2019,19:11,Credit card,4.3
191-29-0321,B,karur,Member,Female,Fashion accessories,19.77,10,197.7,9.885,232.59,25.00,2/27/2019,18:57,Credit card,5
729-06-2010,B,karur,Member,Male,Health and beauty,80.47,9,724.23,36.2115,797.44,37.00,6/1/2019,11:18,Cash,9.2
640-48-5028,B,karur,Member,Female,Home and lifestyle,88.39,9,795.51,39.7755,869.29,34.00,2/3/2019,12:40,Cash,6.3
186-79-9562,B,karur,Normal,Male,Health and beauty,71.77,7,502.39,25.1195,567.51,40.00,3/29/2019,14:06,Cash,8.9
834-45-5519,B,karur,Normal,Female,Electronic accessories,43,4,172,8.6,190.60,10.00,1/31/2019,20:48,Ewallet,7.6
162-65-8559,C,Chennai,Member,Male,Food and beverages,68.98,1,68.98,3.449,111.43,39.00,1/21/2019,20:13,Cash,4.8
760-27-5490,C,Chennai,Normal,Male,Fashion accessories,15.62,8,124.96,6.248,174.21,43.00,1/20/2019,20:37,Ewallet,9.1
445-30-9252,A,Trichy,Normal,Male,Sports and travel,25.7,3,77.1,3.855,127.96,47.00,1/17/2019,17:59,Ewallet,6.1
786-94-2700,A,Trichy,Member,Male,Food and beverages,80.62,6,483.72,24.186,523.91,16.00,2/28/2019,20:18,Cash,9.1
728-88-7867,C,Chennai,Member,Female,Home and lifestyle,75.53,4,302.12,15.106,358.23,41.00,3/19/2019,15:52,Ewallet,8.3
183-21-3799,C,Chennai,Normal,Female,Electronic accessories,77.63,9,698.67,34.9335,770.60,37.00,2/19/2019,15:14,Ewallet,7.2
268-20-3585,C,Chennai,Normal,Female,Health and beauty,13.85,9,124.65,6.2325,178.88,48.00,4/2/2019,12:50,Ewallet,6
735-32-9839,C,Chennai,Member,Male,Fashion accessories,98.7,8,789.6,39.48,844.08,15.00,1/31/2019,10:36,Ewallet,8.5
258-92-7466,A,Trichy,Normal,Female,Health and beauty,35.68,5,178.4,8.92,219.32,32.00,6/2/2019,18:33,Credit card,6.6
857-16-3520,A,Trichy,Member,Female,Fashion accessories,71.46,7,500.22,25.011,557.23,32.00,3/28/2019,16:06,Ewallet,4.5
482-17-1179,A,Trichy,Member,Male,Electronic accessories,11.94,3,35.82,1.791,59.61,22.00,1/19/2019,12:47,Credit card,8.1
788-21-5741,A,Trichy,Normal,Male,Fashion accessories,45.38,3,136.14,6.807,181.95,39.00,2/17/2019,13:34,Credit card,7.2
821-14-9046,B,karur,Member,Female,Fashion accessories,17.48,6,104.88,5.244,159.12,49.00,1/18/2019,15:04,Credit card,6.1
418-05-0656,B,karur,Normal,Female,Fashion accessories,25.56,7,178.92,8.946,201.87,14.00,2/2/2019,20:42,Cash,7.1
678-79-0726,C,Chennai,Member,Female,Sports and travel,90.63,9,815.67,40.7835,867.45,11.00,1/18/2019,15:28,Cash,5.1
776-68-1096,B,karur,Normal,Male,Home and lifestyle,44.12,3,132.36,6.618,170.98,32.00,3/18/2019,13:45,Credit card,7.9
592-46-1692,C,Chennai,Member,Female,Food and beverages,36.77,7,257.39,12.8695,296.26,26.00,11/1/2019,20:10,Cash,7.4
434-35-9162,B,karur,Member,Male,Food and beverages,23.34,4,93.36,4.668,114.03,16.00,4/2/2019,18:53,Ewallet,7.4
149-14-0304,C,Chennai,Member,Female,Health and beauty,28.5,8,228,11.4,259.40,20.00,6/2/2019,14:24,Cash,6.6
442-44-6497,C,Chennai,Member,Male,Home and lifestyle,55.57,3,166.71,8.3355,224.05,49.00,8/1/2019,11:42,Credit card,5.9
174-64-0215,B,karur,Normal,Male,Sports and travel,69.74,10,697.4,34.87,749.27,17.00,5/3/2019,17:49,Credit card,8.9
210-74-9613,C,Chennai,Normal,Male,Fashion accessories,97.26,4,389.04,19.452,418.49,10.00,3/16/2019,15:33,Ewallet,6.8
299-29-0180,B,karur,Member,Female,Home and lifestyle,52.18,7,365.26,18.263,416.52,33.00,9/3/2019,10:54,Cash,9.3
247-11-2470,A,Trichy,Member,Female,Fashion accessories,22.32,4,89.28,4.464,115.74,22.00,1/3/2019,16:23,Credit card,4.4
635-28-5728,A,Trichy,Normal,Male,Health and beauty,56,3,168,8.4,213.40,37.00,2/28/2019,19:33,Ewallet,4.8
756-49-0168,A,Trichy,Member,Male,Fashion accessories,19.7,1,19.7,0.985,64.69,44.00,8/2/2019,11:39,Ewallet,9.5
438-23-1242,B,karur,Normal,Male,Electronic accessories,75.88,7,531.16,26.558,586.72,29.00,1/24/2019,10:38,Ewallet,8.9
238-45-6950,B,karur,Member,Male,Food and beverages,53.72,1,53.72,2.686,68.41,12.00,1/3/2019,20:03,Ewallet,6.4
607-65-2441,C,Chennai,Member,Male,Health and beauty,81.95,10,819.5,40.975,904.48,44.00,10/3/2019,12:39,Credit card,6
386-27-7606,C,Chennai,Member,Female,Home and lifestyle,81.2,7,568.4,28.42,635.82,39.00,3/23/2019,15:59,Credit card,8.1
137-63-5492,C,Chennai,Normal,Male,Electronic accessories,58.76,10,587.6,29.38,647.98,31.00,1/29/2019,14:26,Ewallet,9
197-77-7132,B,karur,Member,Male,Electronic accessories,91.56,8,732.48,36.624,801.10,32.00,12/1/2019,18:22,Ewallet,6
805-86-0265,A,Trichy,Normal,Male,Home and lifestyle,93.96,9,845.64,42.282,936.92,49.00,3/20/2019,11:32,Cash,9.8
733-29-1227,C,Chennai,Normal,Male,Home and lifestyle,55.61,7,389.27,19.4635,441.73,33.00,3/23/2019,12:41,Cash,8.5
451-73-2711,C,Chennai,Normal,Male,Food and beverages,84.83,1,84.83,4.2415,114.07,25.00,1/14/2019,15:20,Ewallet,8.8
373-14-0504,A,Trichy,Member,Female,Sports and travel,71.63,2,143.26,7.163,199.42,49.00,12/2/2019,14:33,Ewallet,8.8
546-80-2899,A,Trichy,Member,Male,Home and lifestyle,37.69,2,75.38,3.769,116.15,37.00,2/20/2019,15:29,Ewallet,9.5
345-68-9016,C,Chennai,Member,Female,Sports and travel,31.67,8,253.36,12.668,283.03,17.00,2/1/2019,16:19,Credit card,5.6
390-17-5806,C,Chennai,Member,Female,Food and beverages,38.42,1,38.42,1.921,62.34,22.00,2/2/2019,16:33,Cash,8.6
457-13-1708,B,karur,Member,Male,Fashion accessories,65.23,10,652.3,32.615,722.92,38.00,8/1/2019,19:07,Credit card,5.2
664-14-2882,C,Chennai,Member,Female,Home and lifestyle,10.53,5,52.65,2.6325,101.28,46.00,1/30/2019,14:43,Credit card,5.8
487-79-6868,B,karur,Member,Female,Home and lifestyle,12.29,9,110.61,5.5305,142.14,26.00,3/26/2019,19:28,Credit card,8
314-23-4520,C,Chennai,Member,Male,Health and beauty,81.23,7,568.61,28.4305,623.04,26.00,1/15/2019,20:44,Cash,9
210-30-7976,B,karur,Member,Female,Fashion accessories,22.32,4,89.28,4.464,117.74,24.00,3/14/2019,11:16,Ewallet,4.1
585-86-8361,A,Trichy,Normal,Female,Food and beverages,27.28,5,136.4,6.82,181.22,38.00,3/2/2019,10:31,Credit card,8.6
807-14-7833,A,Trichy,Member,Female,Electronic accessories,17.42,10,174.2,8.71,211.91,29.00,2/22/2019,12:30,Ewallet,7
775-72-1988,B,karur,Normal,Male,Home and lifestyle,73.28,5,366.4,18.32,406.72,22.00,1/24/2019,15:05,Ewallet,8.4
288-38-3758,C,Chennai,Member,Female,Fashion accessories,84.87,3,254.61,12.7305,283.34,16.00,1/25/2019,18:30,Ewallet,7.4
652-43-6591,A,Trichy,Normal,Female,Fashion accessories,97.29,8,778.32,38.916,829.24,12.00,9/3/2019,13:18,Credit card,6.2
785-96-0615,B,karur,Member,Female,Electronic accessories,35.74,8,285.92,14.296,326.22,26.00,2/17/2019,15:28,Ewallet,4.9
406-46-7107,A,Trichy,Normal,Female,Home and lifestyle,96.52,6,579.12,28.956,633.08,25.00,11/1/2019,11:52,Cash,4.5
250-17-5703,A,Trichy,Member,Male,Food and beverages,18.85,10,188.5,9.425,230.93,33.00,2/27/2019,18:24,Ewallet,5.6
156-95-3964,A,Trichy,Normal,Female,Food and beverages,55.39,4,221.56,11.078,258.64,26.00,3/25/2019,15:19,Ewallet,8
842-40-8179,B,karur,Member,Female,Food and beverages,77.2,10,772,38.6,856.60,46.00,11/2/2019,10:38,Credit card,5.6
525-09-8450,B,karur,Normal,Male,Electronic accessories,72.13,10,721.3,36.065,772.37,15.00,1/31/2019,15:12,Credit card,4.2
410-67-1709,A,Trichy,Member,Female,Fashion accessories,63.88,8,511.04,25.552,551.59,15.00,1/20/2019,17:48,Ewallet,9.9
587-73-4862,A,Trichy,Member,Female,Health and beauty,10.69,5,53.45,2.6725,85.12,29.00,3/26/2019,11:07,Ewallet,7.6
787-87-2010,A,Trichy,Member,Male,Health and beauty,55.5,4,222,11.1,246.10,13.00,1/20/2019,15:48,Credit card,6.6
593-14-4239,B,karur,Normal,Female,Home and lifestyle,95.46,8,763.68,38.184,837.86,36.00,5/3/2019,19:40,Ewallet,4.7
801-88-0346,C,Chennai,Normal,Female,Fashion accessories,76.06,3,228.18,11.409,269.59,30.00,5/1/2019,20:30,Credit card,9.8
388-76-2555,B,karur,Normal,Male,Sports and travel,13.69,6,82.14,4.107,110.25,24.00,2/13/2019,13:59,Cash,6.3
711-31-1234,B,karur,Normal,Female,Electronic accessories,95.64,4,382.56,19.128,440.69,39.00,3/16/2019,18:51,Cash,7.9
886-54-6089,A,Trichy,Normal,Female,Home and lifestyle,11.43,6,68.58,3.429,94.01,22.00,1/15/2019,17:24,Cash,7.7
707-32-7409,B,karur,Member,Female,Sports and travel,95.54,4,382.16,19.108,414.27,13.00,2/26/2019,11:58,Ewallet,4.5
759-98-4285,C,Chennai,Member,Female,Health and beauty,85.87,7,601.09,30.0545,663.14,32.00,2/27/2019,19:01,Credit card,8
201-63-8275,C,Chennai,Member,Female,Sports and travel,67.99,7,475.93,23.7965,513.73,14.00,2/17/2019,16:50,Ewallet,5.7
471-06-8611,C,Chennai,Normal,Female,Food and beverages,52.42,1,52.42,2.621,102.04,47.00,6/2/2019,10:22,Credit card,6.3
200-16-5952,C,Chennai,Member,Male,Food and beverages,65.65,2,131.3,6.565,169.87,32.00,1/17/2019,16:46,Cash,6
120-54-2248,B,karur,Normal,Female,Food and beverages,28.86,5,144.3,7.215,196.52,45.00,1/22/2019,18:08,Credit card,8
102-77-2261,C,Chennai,Member,Male,Health and beauty,65.31,7,457.17,22.8585,525.03,45.00,5/3/2019,18:02,Credit card,4.2
875-31-8302,B,karur,Normal,Male,Sports and travel,93.38,1,93.38,4.669,144.05,46.00,3/1/2019,13:07,Cash,9.6
102-06-2002,C,Chennai,Member,Male,Sports and travel,25.25,5,126.25,6.3125,150.56,18.00,3/20/2019,17:52,Cash,6.1
457-94-0464,B,karur,Member,Male,Electronic accessories,87.87,9,790.83,39.5415,866.37,36.00,1/31/2019,20:32,Ewallet,5.6
629-42-4133,C,Chennai,Normal,Male,Health and beauty,21.8,8,174.4,8.72,226.12,43.00,2/19/2019,19:24,Cash,8.3
534-53-3526,A,Trichy,Normal,Female,Sports and travel,94.76,4,379.04,18.952,420.99,23.00,11/2/2019,16:06,Ewallet,7.8
307-04-2070,A,Trichy,Member,Female,Fashion accessories,30.62,1,30.62,1.531,56.15,24.00,5/2/2019,14:14,Credit card,4.1
468-99-7231,C,Chennai,Normal,Female,Home and lifestyle,44.01,8,352.08,17.604,402.68,33.00,3/3/2019,17:36,Cash,8.8
516-77-6464,C,Chennai,Member,Female,Health and beauty,10.16,5,50.8,2.54,87.34,34.00,2/24/2019,13:08,Ewallet,4.1
404-91-5964,A,Trichy,Normal,Male,Electronic accessories,74.58,7,522.06,26.103,564.16,16.00,4/2/2019,16:09,Credit card,9
886-77-9084,C,Chennai,Normal,Male,Electronic accessories,71.89,8,575.12,28.756,621.88,18.00,2/19/2019,11:33,Ewallet,5.5
790-38-4466,C,Chennai,Normal,Female,Health and beauty,10.99,5,54.95,2.7475,71.70,14.00,1/23/2019,10:18,Credit card,9.3
704-10-4056,C,Chennai,Member,Male,Health and beauty,60.47,3,181.41,9.0705,234.48,44.00,1/14/2019,10:55,Credit card,5.6
497-37-6538,A,Trichy,Normal,Male,Sports and travel,58.91,7,412.37,20.6185,464.99,32.00,1/17/2019,15:15,Ewallet,9.7
651-96-5970,A,Trichy,Normal,Male,Fashion accessories,46.41,1,46.41,2.3205,86.73,38.00,3/3/2019,20:06,Credit card,4
400-80-4065,C,Chennai,Member,Male,Health and beauty,68.55,4,274.2,13.71,326.91,39.00,2/15/2019,20:21,Credit card,9.2
744-16-7898,B,karur,Normal,Female,Home and lifestyle,97.37,10,973.7,48.685,1062.39,40.00,1/15/2019,13:48,Credit card,4.9
263-12-5321,A,Trichy,Member,Male,Electronic accessories,92.6,7,648.2,32.41,729.61,49.00,2/27/2019,12:52,Credit card,9.3
702-72-0487,A,Trichy,Normal,Female,Electronic accessories,46.61,2,93.22,4.661,108.88,11.00,2/26/2019,12:28,Credit card,6.6
605-83-1050,B,karur,Normal,Male,Fashion accessories,27.18,2,54.36,2.718,99.08,42.00,3/15/2019,16:26,Ewallet,4.3
443-60-9639,C,Chennai,Member,Female,Home and lifestyle,60.87,1,60.87,3.0435,99.91,36.00,1/24/2019,13:24,Cash,5.5
864-24-7918,A,Trichy,Member,Female,Sports and travel,24.49,10,244.9,12.245,272.15,15.00,2/22/2019,15:15,Cash,8.1
359-94-5395,B,karur,Normal,Male,Health and beauty,92.78,1,92.78,4.639,134.42,37.00,3/15/2019,10:50,Credit card,9.8
401-09-4232,C,Chennai,Member,Male,Home and lifestyle,86.69,5,433.45,21.6725,484.12,29.00,11/2/2019,18:38,Ewallet,9.4
751-15-6198,B,karur,Normal,Male,Sports and travel,23.01,6,138.06,6.903,164.96,20.00,12/1/2019,16:45,Ewallet,7.9
324-41-6833,C,Chennai,Member,Female,Electronic accessories,30.2,8,241.6,12.08,297.68,44.00,3/3/2019,19:30,Ewallet,5.1
474-33-8305,C,Chennai,Member,Male,Fashion accessories,67.39,7,471.73,23.5865,514.32,19.00,3/23/2019,13:23,Ewallet,6.9
759-29-9521,A,Trichy,Member,Female,Fashion accessories,48.96,9,440.64,22.032,507.67,45.00,4/3/2019,11:27,Cash,8
831-81-6575,B,karur,Member,Female,Electronic accessories,75.59,9,680.31,34.0155,760.33,46.00,2/23/2019,11:12,Cash,8
220-68-6701,A,Trichy,Normal,Female,Home and lifestyle,77.47,4,309.88,15.494,338.37,13.00,3/17/2019,16:36,Cash,4.2
618-34-8551,A,Trichy,Normal,Female,Sports and travel,93.18,2,186.36,9.318,233.68,38.00,1/16/2019,18:41,Credit card,8.5
257-60-7754,A,Trichy,Normal,Female,Electronic accessories,50.23,4,200.92,10.046,251.97,41.00,8/1/2019,17:12,Cash,9
559-61-5987,B,karur,Normal,Female,Health and beauty,17.75,1,17.75,0.8875,33.64,15.00,1/14/2019,10:38,Cash,8.6
189-55-2313,C,Chennai,Normal,Female,Fashion accessories,62.18,10,621.8,31.09,697.89,45.00,1/31/2019,10:33,Ewallet,6
565-91-4567,B,karur,Normal,Male,Health and beauty,10.75,8,86,4.3,108.30,18.00,3/15/2019,14:38,Ewallet,6.2
380-60-5336,A,Trichy,Normal,Female,Electronic accessories,40.26,10,402.6,20.13,452.73,30.00,2/24/2019,18:06,Credit card,5
815-04-6282,C,Chennai,Member,Female,Sports and travel,64.97,5,324.85,16.2425,366.09,25.00,8/2/2019,12:52,Credit card,6.5
674-56-6360,A,Trichy,Normal,Male,Electronic accessories,95.15,1,95.15,4.7575,113.91,14.00,3/22/2019,14:00,Cash,6
778-34-2523,A,Trichy,Member,Female,Electronic accessories,48.62,8,388.96,19.448,427.41,19.00,1/24/2019,10:57,Cash,5
499-27-7781,B,karur,Normal,Female,Food and beverages,53.21,8,425.68,21.284,481.96,35.00,3/14/2019,16:45,Ewallet,5
477-59-2456,C,Chennai,Normal,Female,Fashion accessories,45.44,7,318.08,15.904,352.98,19.00,1/23/2019,11:15,Cash,9.2
832-51-6761,A,Trichy,Normal,Male,Food and beverages,33.88,8,271.04,13.552,306.59,22.00,1/19/2019,20:29,Ewallet,9.6
869-11-3082,B,karur,Member,Male,Health and beauty,96.16,4,384.64,19.232,413.87,10.00,1/27/2019,20:03,Credit card,8.4
190-59-3964,B,karur,Member,Male,Food and beverages,47.16,5,235.8,11.79,273.59,26.00,3/2/2019,14:35,Credit card,6
366-43-6862,B,karur,Normal,Male,Electronic accessories,52.89,4,211.56,10.578,245.14,23.00,3/25/2019,16:32,Ewallet,6.7
186-43-8965,A,Trichy,Member,Female,Home and lifestyle,47.68,2,95.36,4.768,119.13,19.00,2/24/2019,10:10,Credit card,4.1
784-21-9238,C,Chennai,Member,Male,Sports and travel,10.17,1,10.17,0.5085,44.68,34.00,7/2/2019,14:15,Cash,5.9
276-75-6884,A,Trichy,Normal,Female,Health and beauty,68.71,3,206.13,10.3065,262.44,46.00,4/3/2019,10:05,Cash,8.7
109-86-4363,B,karur,Member,Female,Sports and travel,60.08,7,420.56,21.028,481.59,40.00,2/14/2019,11:36,Credit card,4.5
569-76-2760,A,Trichy,Member,Female,Sports and travel,22.01,4,88.04,4.402,138.44,46.00,1/29/2019,18:15,Credit card,6.6
222-42-0244,B,karur,Member,Female,Health and beauty,72.11,9,648.99,32.4495,715.44,34.00,1/28/2019,13:53,Credit card,7.7
760-53-9233,A,Trichy,Member,Male,Fashion accessories,41.28,3,123.84,6.192,142.03,12.00,3/26/2019,18:37,Credit card,8.5
538-22-0304,C,Chennai,Normal,Male,Electronic accessories,64.95,10,649.5,32.475,716.98,35.00,3/24/2019,18:27,Cash,5.2
416-17-9926,A,Trichy,Member,Female,Electronic accessories,74.22,10,742.2,37.11,808.31,29.00,1/1/2019,14:42,Credit card,4.3
237-44-6163,A,Trichy,Normal,Male,Electronic accessories,10.56,8,84.48,4.224,136.70,48.00,1/24/2019,17:43,Cash,7.6
636-17-0325,B,karur,Normal,Male,Health and beauty,62.57,4,250.28,12.514,283.79,21.00,2/25/2019,18:37,Cash,9.5
343-75-9322,B,karur,Member,Female,Sports and travel,11.85,8,94.8,4.74,130.54,31.00,9/1/2019,16:34,Cash,4.1
528-14-9470,A,Trichy,Member,Male,Health and beauty,91.3,1,91.3,4.565,139.87,44.00,2/14/2019,14:42,Ewallet,9.2
427-45-9297,B,karur,Member,Female,Home and lifestyle,40.73,7,285.11,14.2555,349.37,50.00,12/3/2019,11:01,Ewallet,5.4
807-34-3742,A,Trichy,Normal,Male,Fashion accessories,52.38,1,52.38,2.619,105.00,50.00,3/26/2019,19:44,Cash,5.8
288-62-1085,A,Trichy,Member,Male,Fashion accessories,38.54,5,192.7,9.635,225.34,23.00,9/1/2019,13:34,Ewallet,5.6
670-71-7306,B,karur,Normal,Male,Sports and travel,44.63,6,267.78,13.389,318.17,37.00,2/1/2019,20:08,Credit card,5.1
660-29-7083,C,Chennai,Normal,Male,Electronic accessories,55.87,10,558.7,27.935,597.64,11.00,1/15/2019,15:01,Cash,5.8
271-77-8740,C,Chennai,Member,Female,Sports and travel,29.22,6,175.32,8.766,233.09,49.00,1/1/2019,11:40,Ewallet,5
497-36-0989,A,Trichy,Normal,Male,Fashion accessories,51.94,3,155.82,7.791,204.61,41.00,2/15/2019,15:21,Cash,7.9
291-59-1384,B,karur,Normal,Male,Electronic accessories,60.3,1,60.3,3.015,113.32,50.00,2/28/2019,17:38,Cash,6
860-73-6466,A,Trichy,Member,Female,Sports and travel,39.47,2,78.94,3.947,131.89,49.00,2/3/2019,16:16,Credit card,5
549-23-9016,C,Chennai,Member,Female,Food and beverages,14.87,2,29.74,1.487,67.23,36.00,2/13/2019,18:15,Credit card,8.9
896-34-0956,A,Trichy,Normal,Male,Fashion accessories,21.32,1,21.32,1.066,39.39,17.00,1/26/2019,12:43,Cash,5.9
804-38-3935,A,Trichy,Member,Male,Electronic accessories,93.78,3,281.34,14.067,327.41,32.00,1/30/2019,11:32,Credit card,5.9
585-90-0249,A,Trichy,Member,Male,Electronic accessories,73.26,1,73.26,3.663,119.92,43.00,1/27/2019,18:08,Ewallet,9.7
862-29-5914,C,Chennai,Normal,Female,Sports and travel,22.38,1,22.38,1.119,49.50,26.00,1/30/2019,17:08,Credit card,8.6
845-94-6841,C,Chennai,Member,Female,Food and beverages,72.88,9,655.92,32.796,718.72,30.00,8/1/2019,19:38,Cash,4
125-45-2293,A,Trichy,Normal,Female,Fashion accessories,99.1,6,594.6,29.73,634.33,10.00,1/19/2019,13:11,Cash,4.2
843-73-4724,A,Trichy,Normal,Male,Fashion accessories,74.1,1,74.1,3.705,105.81,28.00,1/25/2019,11:05,Cash,9.2
409-33-9708,A,Trichy,Normal,Female,Fashion accessories,98.48,2,196.96,9.848,246.81,40.00,2/19/2019,10:12,Ewallet,9.2
658-66-3967,C,Chennai,Normal,Male,Health and beauty,53.19,7,372.33,18.6165,417.95,27.00,1/14/2019,15:42,Ewallet,5
866-70-2814,B,karur,Normal,Female,Electronic accessories,52.79,10,527.9,26.395,585.30,31.00,2/25/2019,11:58,Ewallet,10
160-22-2687,A,Trichy,Member,Female,Health and beauty,95.95,5,479.75,23.9875,521.74,18.00,1/23/2019,14:21,Ewallet,8.8
895-03-6665,B,karur,Normal,Female,Fashion accessories,36.51,9,328.59,16.4295,378.02,33.00,2/16/2019,10:52,Cash,4.2
770-42-8960,B,karur,Normal,Male,Food and beverages,21.12,8,168.96,8.448,205.41,28.00,1/1/2019,19:31,Cash,6.3
748-45-2862,A,Trichy,Member,Female,Home and lifestyle,28.31,4,113.24,5.662,136.90,18.00,7/3/2019,18:35,Cash,8.2
234-36-2483,B,karur,Normal,Male,Health and beauty,57.59,6,345.54,17.277,400.82,38.00,2/15/2019,13:51,Cash,5.1
316-66-3011,A,Trichy,Member,Female,Food and beverages,47.63,9,428.67,21.4335,485.10,35.00,1/23/2019,12:35,Cash,5
848-95-6252,C,Chennai,Member,Female,Home and lifestyle,86.27,1,86.27,4.3135,139.58,49.00,2/20/2019,13:24,Ewallet,7
840-76-5966,A,Trichy,Member,Male,Sports and travel,12.76,2,25.52,1.276,66.80,40.00,8/1/2019,18:06,Ewallet,7.8
152-03-4217,B,karur,Normal,Female,Home and lifestyle,11.28,9,101.52,5.076,145.60,39.00,3/17/2019,11:55,Credit card,4.3
533-66-5566,B,karur,Normal,Female,Home and lifestyle,51.07,7,357.49,17.8745,401.36,26.00,12/1/2019,11:42,Cash,7
124-31-1458,A,Trichy,Member,Female,Electronic accessories,79.59,3,238.77,11.9385,267.71,17.00,8/1/2019,14:30,Cash,6.6
176-78-1170,C,Chennai,Member,Male,Health and beauty,33.81,3,101.43,5.0715,120.50,14.00,1/26/2019,15:11,Ewallet,7.3
361-59-0574,B,karur,Member,Male,Sports and travel,90.53,8,724.24,36.212,773.45,13.00,3/15/2019,14:48,Credit card,6.5
101-81-4070,C,Chennai,Member,Female,Health and beauty,62.82,2,125.64,6.282,153.92,22.00,1/17/2019,12:36,Ewallet,4.9
631-34-1880,C,Chennai,Member,Male,Food and beverages,24.31,3,72.93,3.6465,96.58,20.00,8/1/2019,19:09,Credit card,4.3
852-82-2749,A,Trichy,Normal,Male,Sports and travel,64.59,4,258.36,12.918,295.28,24.00,6/1/2019,13:35,Ewallet,9.3
873-14-6353,A,Trichy,Member,Male,Food and beverages,24.82,7,173.74,8.687,224.43,42.00,2/16/2019,10:33,Credit card,7.1
584-66-4073,C,Chennai,Normal,Male,Fashion accessories,56.5,1,56.5,2.825,96.33,37.00,3/13/2019,15:45,Ewallet,9.6
544-55-9589,B,karur,Member,Female,Electronic accessories,21.43,10,214.3,10.715,262.02,37.00,1/28/2019,11:51,Cash,6.2
166-19-2553,A,Trichy,Member,Male,Sports and travel,89.06,6,534.36,26.718,591.08,30.00,1/18/2019,17:26,Cash,9.9
737-88-5876,A,Trichy,Member,Male,Home and lifestyle,23.29,4,93.16,4.658,132.82,35.00,3/19/2019,11:52,Credit card,5.9
154-87-7367,C,Chennai,Normal,Male,Home and lifestyle,65.26,8,522.08,26.104,568.18,20.00,3/15/2019,14:04,Ewallet,6.3
885-56-0389,C,Chennai,Member,Male,Fashion accessories,52.35,1,52.35,2.6175,72.97,18.00,12/2/2019,17:49,Cash,4
608-05-3804,B,karur,Member,Male,Electronic accessories,39.75,1,39.75,1.9875,57.74,16.00,2/25/2019,20:19,Cash,6.1
448-61-3783,A,Trichy,Normal,Female,Electronic accessories,90.02,8,720.16,36.008,783.17,27.00,3/21/2019,16:08,Credit card,4.5
761-49-0439,B,karur,Member,Female,Electronic accessories,12.1,8,96.8,4.84,132.64,31.00,1/19/2019,10:17,Ewallet,8.6
490-95-0021,B,karur,Member,Female,Food and beverages,33.21,10,332.1,16.605,381.71,33.00,8/1/2019,14:25,Ewallet,6
115-38-7388,C,Chennai,Member,Female,Fashion accessories,10.18,8,81.44,4.072,117.51,32.00,3/30/2019,12:51,Credit card,9.5
311-13-6971,B,karur,Member,Male,Sports and travel,31.99,10,319.9,15.995,370.90,35.00,2/20/2019,15:18,Credit card,9.9
291-55-6563,A,Trichy,Member,Female,Home and lifestyle,34.42,6,206.52,10.326,252.85,36.00,3/30/2019,12:45,Ewallet,7.5
548-48-3156,A,Trichy,Member,Female,Food and beverages,83.34,2,166.68,8.334,192.01,17.00,3/19/2019,13:37,Cash,7.6
460-93-5834,A,Trichy,Normal,Male,Sports and travel,45.58,7,319.06,15.953,382.01,47.00,1/13/2019,10:03,Cash,5
325-89-4209,A,Trichy,Member,Male,Food and beverages,87.9,1,87.9,4.395,112.30,20.00,5/2/2019,19:42,Ewallet,6.7
884-80-6021,A,Trichy,Member,Female,Electronic accessories,73.47,10,734.7,36.735,788.44,17.00,3/23/2019,13:14,Ewallet,9.5
137-74-8729,C,Chennai,Normal,Female,Fashion accessories,12.19,8,97.52,4.876,125.40,23.00,3/13/2019,12:47,Ewallet,6.8
880-46-5796,A,Trichy,Member,Male,Sports and travel,76.92,10,769.2,38.46,856.66,49.00,3/17/2019,19:53,Ewallet,5.6
389-70-2397,C,Chennai,Normal,Female,Health and beauty,83.66,5,418.3,20.915,472.22,33.00,2/21/2019,10:26,Cash,7.2
114-35-5271,B,karur,Normal,Female,Electronic accessories,57.91,8,463.28,23.164,525.44,39.00,7/2/2019,15:06,Cash,8.1
607-76-6216,C,Chennai,Member,Female,Fashion accessories,92.49,5,462.45,23.1225,520.57,35.00,2/3/2019,16:35,Credit card,8.6
715-20-1673,B,karur,Normal,Male,Electronic accessories,28.38,5,141.9,7.095,161.00,12.00,6/3/2019,20:57,Cash,9.4
811-35-1094,B,karur,Member,Male,Electronic accessories,50.45,6,302.7,15.135,361.84,44.00,6/2/2019,15:16,Credit card,8.9
699-88-1972,B,karur,Normal,Male,Health and beauty,99.16,8,793.28,39.664,844.94,12.00,1/28/2019,17:47,Credit card,4.2
781-84-8059,C,Chennai,Normal,Male,Fashion accessories,60.74,7,425.18,21.259,480.44,34.00,1/18/2019,16:23,Ewallet,5
409-49-6995,C,Chennai,Member,Female,Food and beverages,47.27,6,283.62,14.181,318.80,21.00,5/2/2019,10:17,Cash,8.8
725-54-0677,C,Chennai,Member,Male,Health and beauty,85.6,7,599.2,29.96,670.16,41.00,2/3/2019,13:50,Cash,5.3
146-09-5432,A,Trichy,Member,Male,Food and beverages,35.04,9,315.36,15.768,354.13,23.00,9/2/2019,19:17,Ewallet,4.6
377-79-7592,C,Chennai,Member,Female,Electronic accessories,44.84,9,403.56,20.178,449.74,26.00,1/14/2019,14:00,Credit card,7.5
509-10-0516,B,karur,Normal,Male,Home and lifestyle,45.97,4,183.88,9.194,220.07,27.00,9/2/2019,12:02,Ewallet,5.1
595-94-9924,A,Trichy,Member,Female,Health and beauty,27.73,5,138.65,6.9325,189.58,44.00,3/26/2019,20:21,Credit card,4.2
865-41-9075,A,Trichy,Normal,Male,Food and beverages,11.53,7,80.71,4.0355,130.75,46.00,1/28/2019,17:35,Cash,8.1
545-07-8534,C,Chennai,Normal,Female,Health and beauty,58.32,2,116.64,5.832,170.47,48.00,2/14/2019,12:42,Ewallet,6
118-62-1812,C,Chennai,Member,Female,Home and lifestyle,78.38,4,313.52,15.676,352.20,23.00,3/24/2019,17:56,Cash,7.9
450-42-3339,C,Chennai,Normal,Male,Health and beauty,84.61,10,846.1,42.305,899.41,11.00,9/2/2019,18:58,Credit card,8.8
851-98-3555,B,karur,Normal,Female,Health and beauty,82.88,5,414.4,20.72,445.12,10.00,3/24/2019,14:08,Credit card,6.6
186-71-5196,A,Trichy,Member,Female,Food and beverages,79.54,2,159.08,7.954,193.03,26.00,3/27/2019,16:30,Ewallet,6.2
624-01-8356,B,karur,Normal,Female,Home and lifestyle,49.01,10,490.1,24.505,550.61,36.00,1/27/2019,10:44,Credit card,4.2
313-66-9943,B,karur,Member,Female,Food and beverages,29.15,3,87.45,4.3725,123.82,32.00,3/27/2019,20:29,Credit card,7.3
151-27-8496,C,Chennai,Normal,Female,Electronic accessories,56.13,4,224.52,11.226,252.75,17.00,1/19/2019,11:43,Ewallet,8.6
453-33-6436,A,Trichy,Normal,Female,Home and lifestyle,93.12,8,744.96,37.248,823.21,41.00,7/2/2019,10:09,Cash,6.8
522-57-8364,A,Trichy,Member,Male,Fashion accessories,51.34,8,410.72,20.536,473.26,42.00,1/31/2019,10:00,Ewallet,7.6
459-45-2396,A,Trichy,Member,Female,Food and beverages,99.6,3,298.8,14.94,346.74,33.00,2/25/2019,18:45,Cash,5.8
717-96-4189,C,Chennai,Normal,Female,Electronic accessories,35.49,6,212.94,10.647,252.59,29.00,2/2/2019,12:40,Cash,4.1
722-13-2115,C,Chennai,Member,Male,Sports and travel,42.85,1,42.85,2.1425,77.99,33.00,3/14/2019,15:36,Credit card,9.3
749-81-8133,A,Trichy,Normal,Female,Fashion accessories,94.67,4,378.68,18.934,422.61,25.00,11/3/2019,12:04,Cash,6.8
777-67-2495,B,karur,Normal,Male,Home and lifestyle,68.97,3,206.91,10.3455,266.26,49.00,2/22/2019,11:26,Ewallet,8.7
636-98-3364,B,karur,Member,Female,Electronic accessories,26.26,3,78.78,3.939,97.72,15.00,2/3/2019,12:36,Ewallet,6.3
246-55-6923,C,Chennai,Member,Female,Home and lifestyle,35.79,9,322.11,16.1055,356.22,18.00,10/3/2019,15:06,Credit card,5.1
181-82-6255,B,karur,Normal,Female,Home and lifestyle,16.37,6,98.22,4.911,125.13,22.00,8/2/2019,10:58,Cash,7
838-02-1821,C,Chennai,Member,Female,Home and lifestyle,12.73,2,25.46,1.273,48.73,22.00,2/22/2019,12:10,Credit card,5.2
887-42-0517,C,Chennai,Normal,Female,Sports and travel,83.14,7,581.98,29.099,641.08,30.00,10/1/2019,10:31,Credit card,6.6
457-12-0244,C,Chennai,Member,Female,Sports and travel,35.22,6,211.32,10.566,257.89,36.00,3/14/2019,13:49,Ewallet,6.5
226-34-0034,B,karur,Normal,Female,Electronic accessories,13.78,4,55.12,2.756,99.88,42.00,10/1/2019,11:10,Ewallet,9
321-49-7382,B,karur,Member,Male,Sports and travel,88.31,1,88.31,4.4155,141.73,49.00,2/15/2019,17:38,Credit card,5.2
397-25-8725,A,Trichy,Member,Female,Health and beauty,39.62,9,356.58,17.829,410.41,36.00,1/13/2019,17:54,Credit card,6.8
431-66-2305,B,karur,Normal,Female,Electronic accessories,88.25,9,794.25,39.7125,881.96,48.00,2/15/2019,20:51,Credit card,7.6
825-94-5922,B,karur,Normal,Male,Sports and travel,25.31,2,50.62,2.531,98.15,45.00,2/3/2019,19:26,Ewallet,7.2
641-62-7288,B,karur,Normal,Male,Home and lifestyle,99.92,6,599.52,29.976,672.50,43.00,3/24/2019,13:33,Ewallet,7.1
756-93-1854,C,Chennai,Member,Female,Fashion accessories,83.35,2,166.7,8.335,215.04,40.00,2/2/2019,14:05,Credit card,9.5
243-55-8457,A,Trichy,Normal,Female,Food and beverages,74.44,10,744.4,37.22,828.62,47.00,2/27/2019,11:40,Ewallet,5.1
458-10-8612,C,Chennai,Normal,Male,Health and beauty,64.08,7,448.56,22.428,491.99,21.00,1/20/2019,12:27,Ewallet,7.6
501-61-1753,B,karur,Normal,Female,Home and lifestyle,63.15,6,378.9,18.945,433.85,36.00,3/1/2019,20:24,Ewallet,9.8
235-06-8510,C,Chennai,Member,Male,Home and lifestyle,85.72,3,257.16,12.858,292.02,22.00,1/24/2019,20:59,Ewallet,5.1
433-08-7822,C,Chennai,Normal,Female,Health and beauty,78.89,7,552.23,27.6115,607.84,28.00,5/1/2019,19:48,Ewallet,7.5
361-85-2571,A,Trichy,Normal,Female,Sports and travel,89.48,5,447.4,22.37,502.77,33.00,3/30/2019,10:18,Cash,7.4
131-70-8179,A,Trichy,Member,Female,Health and beauty,92.09,3,276.27,13.8135,325.08,35.00,2/17/2019,16:27,Cash,4.2
500-02-2261,C,Chennai,Normal,Female,Food and beverages,57.29,6,343.74,17.187,386.93,26.00,3/21/2019,17:04,Ewallet,5.9
720-72-2436,A,Trichy,Normal,Male,Food and beverages,66.52,4,266.08,13.304,327.38,48.00,2/3/2019,18:14,Ewallet,6.9
702-83-5291,C,Chennai,Member,Male,Fashion accessories,99.82,9,898.38,44.919,961.30,18.00,3/27/2019,10:43,Cash,6.6
809-69-9497,A,Trichy,Normal,Female,Home and lifestyle,45.68,10,456.8,22.84,517.64,38.00,1/19/2019,19:30,Ewallet,5.7
449-16-6770,A,Trichy,Normal,Male,Health and beauty,50.79,5,253.95,12.6975,288.65,22.00,2/19/2019,14:53,Credit card,5.3
333-23-2632,A,Trichy,Member,Male,Health and beauty,10.08,7,70.56,3.528,92.09,18.00,3/28/2019,20:14,Cash,4.2
489-82-1237,A,Trichy,Normal,Female,Electronic accessories,93.88,7,657.16,32.858,740.02,50.00,5/1/2019,11:51,Credit card,7.3
859-97-6048,C,Chennai,Member,Male,Electronic accessories,84.25,2,168.5,8.425,195.93,19.00,3/26/2019,14:13,Credit card,5.3
676-10-2200,B,karur,Member,Male,Fashion accessories,53.78,1,53.78,2.689,87.47,31.00,3/2/2019,20:13,Ewallet,4.7
373-88-1424,C,Chennai,Member,Male,Home and lifestyle,35.81,5,179.05,8.9525,224.00,36.00,6/2/2019,18:44,Ewallet,7.9
365-16-4334,B,karur,Normal,Female,Food and beverages,26.43,8,211.44,10.572,232.01,10.00,2/24/2019,14:26,Ewallet,8.9
503-21-4385,B,karur,Member,Male,Health and beauty,39.91,3,119.73,5.9865,154.72,29.00,2/21/2019,12:40,Ewallet,9.3
305-89-2768,B,karur,Member,Female,Home and lifestyle,21.9,3,65.7,3.285,91.99,23.00,9/1/2019,18:43,Ewallet,4.7
574-80-1489,B,karur,Member,Female,Food and beverages,62.85,4,251.4,12.57,299.97,36.00,2/25/2019,13:22,Ewallet,8.7
784-08-0310,C,Chennai,Member,Female,Food and beverages,21.04,4,84.16,4.208,138.37,50.00,1/13/2019,13:58,Cash,7.6
200-40-6154,B,karur,Member,Male,Home and lifestyle,65.91,6,395.46,19.773,440.23,25.00,9/2/2019,11:45,Cash,5.7
846-10-0341,A,Trichy,Normal,Female,Fashion accessories,42.57,7,297.99,14.8995,332.89,20.00,6/1/2019,11:51,Cash,6.8
577-34-7579,C,Chennai,Member,Male,Food and beverages,50.49,9,454.41,22.7205,517.13,40.00,10/1/2019,17:16,Cash,5.4
430-02-3888,B,karur,Normal,Male,Electronic accessories,46.02,6,276.12,13.806,327.93,38.00,7/2/2019,15:55,Cash,7.1
867-47-1948,C,Chennai,Normal,Female,Home and lifestyle,15.8,10,158,7.9,180.90,15.00,9/1/2019,12:07,Cash,7.8
384-59-6655,A,Trichy,Member,Female,Food and beverages,98.66,9,887.94,44.397,982.34,50.00,2/19/2019,15:07,Cash,8.4
256-58-3609,C,Chennai,Member,Male,Fashion accessories,91.98,1,91.98,4.599,111.58,15.00,3/18/2019,15:29,Cash,9.8
324-92-3863,A,Trichy,Member,Male,Electronic accessories,20.89,2,41.78,2.089,58.87,15.00,5/2/2019,18:45,Cash,9.8
593-08-5916,A,Trichy,Normal,Female,Fashion accessories,15.5,1,15.5,0.775,51.28,35.00,3/19/2019,15:23,Credit card,7.4
364-34-2972,C,Chennai,Member,Male,Electronic accessories,96.82,3,290.46,14.523,354.98,50.00,3/30/2019,20:37,Cash,6.7
794-42-3736,B,karur,Normal,Male,Food and beverages,33.33,2,66.66,3.333,88.99,19.00,1/26/2019,14:41,Credit card,6.4
172-42-8274,B,karur,Normal,Female,Electronic accessories,38.27,2,76.54,3.827,101.37,21.00,2/3/2019,18:18,Credit card,5.8
558-60-5016,A,Trichy,Normal,Female,Home and lifestyle,33.3,9,299.7,14.985,358.69,44.00,4/3/2019,15:27,Ewallet,7.2
195-06-0432,A,Trichy,Member,Male,Home and lifestyle,81.01,3,243.03,12.1515,286.18,31.00,1/13/2019,12:55,Credit card,9.3
605-03-2706,A,Trichy,Normal,Female,Health and beauty,15.8,3,47.4,2.37,81.77,32.00,3/25/2019,18:02,Cash,9.5
214-30-2776,B,karur,Member,Female,Electronic accessories,34.49,5,172.45,8.6225,201.07,20.00,11/3/2019,19:44,Credit card,9
746-04-1077,B,karur,Member,Female,Food and beverages,84.63,10,846.3,42.315,899.62,11.00,1/1/2019,11:36,Credit card,9
448-34-8700,B,karur,Member,Male,Home and lifestyle,36.91,7,258.37,12.9185,289.29,18.00,10/2/2019,13:51,Ewallet,6.7
452-04-8808,B,karur,Normal,Male,Electronic accessories,87.08,7,609.56,30.478,669.04,29.00,1/26/2019,15:17,Cash,5.5
531-56-4728,A,Trichy,Normal,Male,Home and lifestyle,80.08,3,240.24,12.012,273.25,21.00,11/2/2019,15:29,Cash,5.4
744-82-9138,C,Chennai,Normal,Male,Fashion accessories,86.13,2,172.26,8.613,227.87,47.00,7/2/2019,17:59,Cash,8.2
883-69-1285,B,karur,Member,Male,Fashion accessories,49.92,2,99.84,4.992,125.83,21.00,6/3/2019,11:55,Credit card,7
221-25-5073,A,Trichy,Normal,Female,Food and beverages,74.66,4,298.64,14.932,340.57,27.00,4/3/2019,10:39,Cash,8.5
518-71-6847,B,karur,Member,Male,Food and beverages,26.6,6,159.6,7.98,197.58,30.00,2/26/2019,15:10,Ewallet,4.9
156-20-0370,B,karur,Normal,Female,Electronic accessories,25.45,1,25.45,1.2725,69.72,43.00,10/3/2019,18:10,Credit card,5.1
151-33-7434,B,karur,Normal,Female,Food and beverages,67.77,1,67.77,3.3885,97.16,26.00,4/2/2019,20:43,Credit card,6.5
728-47-9078,C,Chennai,Member,Male,Food and beverages,59.59,4,238.36,11.918,262.28,12.00,1/19/2019,12:46,Cash,9.8
809-46-1866,A,Trichy,Normal,Male,Health and beauty,58.15,4,232.6,11.63,280.23,36.00,1/23/2019,17:44,Cash,8.4
139-32-4183,A,Trichy,Member,Female,Sports and travel,97.48,9,877.32,43.866,969.19,48.00,3/14/2019,14:19,Ewallet,7.4
148-41-7930,C,Chennai,Normal,Male,Health and beauty,99.96,7,699.72,34.986,750.71,16.00,1/23/2019,10:33,Cash,6.1
189-40-5216,C,Chennai,Normal,Male,Electronic accessories,96.37,7,674.59,33.7295,726.32,18.00,9/1/2019,11:40,Cash,6
374-38-5555,B,karur,Normal,Female,Fashion accessories,63.71,5,318.55,15.9275,370.48,36.00,7/2/2019,19:30,Ewallet,8.5
764-44-8999,B,karur,Normal,Female,Health and beauty,14.76,2,29.52,1.476,63.00,32.00,2/18/2019,14:42,Ewallet,4.3
552-44-5977,B,karur,Member,Male,Health and beauty,62,8,496,24.8,555.80,35.00,3/1/2019,19:08,Credit card,6.2
267-62-7380,C,Chennai,Member,Male,Electronic accessories,82.34,10,823.4,41.17,905.57,41.00,3/29/2019,19:12,Ewallet,4.3
430-53-4718,B,karur,Member,Male,Health and beauty,75.37,8,602.96,30.148,682.11,49.00,1/28/2019,15:46,Credit card,8.4
886-18-2897,A,Trichy,Normal,Female,Food and beverages,56.56,5,282.8,14.14,325.94,29.00,3/22/2019,19:06,Credit card,4.5
602-16-6955,B,karur,Normal,Female,Sports and travel,76.6,10,766,38.3,849.30,45.00,1/24/2019,18:10,Ewallet,6
745-74-0715,A,Trichy,Normal,Male,Electronic accessories,58.03,2,116.06,5.803,138.86,17.00,10/3/2019,20:46,Ewallet,8.8
690-01-6631,B,karur,Normal,Male,Fashion accessories,17.49,10,174.9,8.745,220.65,37.00,2/22/2019,18:35,Ewallet,6.6
652-49-6720,C,Chennai,Member,Female,Electronic accessories,60.95,1,60.95,3.0475,82.00,18.00,2/18/2019,11:40,Ewallet,5.9
233-67-5758,C,Chennai,Normal,Male,Health and beauty,40.35,1,40.35,2.0175,52.37,10.00,1/29/2019,13:46,Ewallet,6.2
303-96-2227,B,karur,Normal,Female,Home and lifestyle,97.38,10,973.8,48.69,1062.49,40.00,2/3/2019,17:16,Ewallet,4.4
727-02-1313,A,Trichy,Member,Male,Food and beverages,31.84,1,31.84,1.592,59.43,26.00,9/2/2019,13:22,Cash,7.7
347-56-2442,A,Trichy,Normal,Male,Home and lifestyle,65.82,1,65.82,3.291,96.11,27.00,2/22/2019,15:33,Cash,4.1
849-09-3807,A,Trichy,Member,Female,Fashion accessories,88.34,7,618.38,30.919,680.30,31.00,2/18/2019,13:28,Cash,6.6
750-67-8428,A,Trichy,Member,Female,Health and beauty,74.69,6,522.83,26.1415,578.97,30.00,5/1/2022,13:08,Ewallet,8.799757377
226-31-3081,C,Chennai,Normal,Female,Electronic accessories,15.28,4,76.4,3.82,119.22,39.00,8/3/2022,10:29,Cash,9.283260529
631-41-3108,A,Trichy,Normal,Male,Home and lifestyle,46.33,6,324.31,16.2155,351.53,11.00,3/3/2022,13:23,Credit card,7.155846658
123-19-1176,A,Trichy,Member,Male,Health and beauty,58.22,7,465.76,23.288,514.05,25.00,1/27/2022,20:33,Ewallet,8.122852963
373-73-7910,A,Trichy,Normal,Male,Sports and travel,86.31,6,604.17,30.2085,654.38,20.00,8/2/2022,10:37,Ewallet,5.125133417
699-14-3026,C,Chennai,Normal,Male,Electronic accessories,85.39,6,597.73,29.8865,671.62,44.00,3/25/2022,18:30,Ewallet,3.964725851
355-53-5943,A,Trichy,Member,Female,Electronic accessories,68.84,5,413.04,20.652,466.69,33.00,2/25/2022,14:36,Ewallet,5.60863657
315-22-5665,C,Chennai,Normal,Female,Home and lifestyle,73.56,9,735.6,36.78,791.38,19.00,2/24/2022,11:38,Ewallet,7.736050441
665-32-9167,A,Trichy,Member,Female,Health and beauty,36.26,2,72.52,3.626,105.15,29.00,10/1/2022,17:15,Credit card,6.962445397
692-92-5582,B,karur,Member,Female,Food and beverages,54.84,3,164.52,8.226,215.75,43.00,2/20/2022,13:27,Credit card,5.7053372
351-62-0822,B,karur,Member,Female,Fashion accessories,14.48,4,57.92,2.896,101.82,41.00,6/2/2022,18:07,Ewallet,4.351528373
529-56-3974,B,karur,Member,Male,Electronic accessories,25.51,4,102.04,5.102,123.14,16.00,9/3/2022,17:03,Cash,6.575642875
365-64-0515,A,Trichy,Normal,Female,Electronic accessories,46.95,4,234.75,11.7375,294.49,48.00,12/2/2022,10:25,Ewallet,6.865744766
252-56-2699,A,Trichy,Normal,Male,Food and beverages,43.19,9,431.9,21.595,483.50,30.00,7/2/2022,16:48,Ewallet,7.929451702
829-34-3910,A,Trichy,Normal,Female,Health and beauty,71.38,9,713.8,35.69,779.49,30.00,3/29/2022,19:21,Cash,5.511935939
299-46-1805,B,karur,Member,Female,Sports and travel,93.72,5,562.32,28.116,633.44,43.00,1/15/2022,16:19,Cash,4.351528373
656-95-9349,A,Trichy,Member,Female,Health and beauty,68.93,6,482.51,24.1255,540.64,34.00,11/3/2022,11:03,Credit card,4.448229004
765-26-6951,A,Trichy,Normal,Male,Sports and travel,72.61,5,435.66,21.783,506.44,49.00,1/1/2022,10:39,Credit card,6.672343505
329-62-1586,A,Trichy,Normal,Male,Food and beverages,54.67,3,164.01,8.2005,222.21,50.00,1/21/2022,18:00,Credit card,8.316254224
319-50-3348,B,karur,Normal,Female,Home and lifestyle,40.3,2,80.6,4.03,121.63,37.00,11/3/2022,15:30,Ewallet,4.254827743
300-71-4605,C,Chennai,Member,Male,Electronic accessories,86.04,4,430.2,21.51,473.71,22.00,2/25/2022,11:24,Ewallet,4.641630265
371-85-5789,B,karur,Normal,Male,Health and beauty,87.98,3,263.94,13.197,294.14,17.00,5/3/2022,10:40,Ewallet,4.931732156
273-16-6619,B,karur,Normal,Male,Home and lifestyle,33.2,2,66.4,3.32,103.72,34.00,3/15/2022,12:20,Credit card,4.254827743
636-48-8204,A,Trichy,Normal,Male,Electronic accessories,34.56,4,172.8,8.64,193.44,12.00,2/17/2022,11:15,Ewallet,9.573362421
549-59-1358,A,Trichy,Member,Male,Sports and travel,88.63,3,265.89,13.2945,296.18,17.00,2/3/2022,17:36,Ewallet,5.802037831
227-03-5010,A,Trichy,Member,Female,Home and lifestyle,52.59,7,420.72,21.036,453.76,12.00,3/22/2022,19:20,Credit card,8.219553594
649-29-6775,B,karur,Normal,Male,Fashion accessories,33.52,1,33.52,1.676,85.20,50.00,8/2/2022,15:31,Cash,6.478942244
189-17-4241,A,Trichy,Normal,Female,Fashion accessories,87.67,2,175.34,8.767,199.11,15.00,10/3/2022,12:17,Credit card,7.44594855
145-94-9061,B,karur,Normal,Female,Food and beverages,88.36,4,441.8,22.09,506.89,43.00,1/25/2022,19:48,Cash,9.283260529
848-62-7243,A,Trichy,Normal,Male,Health and beauty,24.89,8,224.01,11.2005,264.21,29.00,3/15/2022,15:36,Cash,7.155846658
871-79-8483,B,karur,Normal,Male,Fashion accessories,94.13,4,470.65,23.5325,538.18,44.00,2/25/2022,19:39,Credit card,4.641630265
149-71-6266,B,karur,Member,Male,Sports and travel,78.07,8,702.63,35.1315,760.76,23.00,1/28/2022,12:43,Cash,4.351528373
640-49-2076,B,karur,Normal,Male,Sports and travel,83.78,7,670.24,33.512,744.75,41.00,10/1/2022,14:49,Cash,4.931732156
595-11-5460,A,Trichy,Normal,Male,Health and beauty,96.58,2,193.16,9.658,242.82,40.00,3/15/2022,10:12,Credit card,4.931732156
183-56-6882,C,Chennai,Member,Female,Food and beverages,99.42,4,397.68,19.884,439.56,22.00,6/2/2022,10:42,Ewallet,7.252547288
232-16-2483,C,Chennai,Member,Female,Sports and travel,68.12,1,68.12,3.406,99.53,28.00,7/1/2022,12:28,Ewallet,6.575642875
129-29-8530,A,Trichy,Member,Male,Sports and travel,62.62,4,313.1,15.655,349.76,21.00,10/3/2022,19:15,Ewallet,6.769044136
272-65-1806,A,Trichy,Normal,Female,Electronic accessories,60.88,8,547.92,27.396,609.32,34.00,1/15/2022,17:17,Ewallet,4.544929634
333-73-7901,C,Chennai,Normal,Female,Health and beauty,54.92,7,439.36,21.968,493.33,32.00,3/23/2022,13:24,Ewallet,7.349247919
777-82-7220,B,karur,Member,Male,Home and lifestyle,30.12,7,240.96,12.048,276.01,23.00,3/3/2022,13:01,Cash,7.44594855
280-35-5823,B,karur,Member,Female,Home and lifestyle,86.72,1,86.72,4.336,103.06,12.00,1/17/2022,18:45,Ewallet,7.639349811
554-53-8700,C,Chennai,Member,Male,Home and lifestyle,56.11,2,112.22,5.611,132.83,15.00,2/2/2022,10:11,Cash,6.092139722
354-25-5821,B,karur,Member,Female,Sports and travel,69.12,5,414.72,20.736,474.46,39.00,8/2/2022,13:03,Cash,5.415235309
228-96-1411,C,Chennai,Member,Female,Food and beverages,98.7,7,789.6,39.48,840.08,11.00,4/3/2022,20:39,Cash,7.349247919
617-15-4209,C,Chennai,Member,Male,Health and beauty,15.37,2,30.74,1.537,58.28,26.00,3/16/2022,19:47,Cash,6.962445397
132-32-9879,B,karur,Member,Female,Electronic accessories,93.96,4,375.84,18.792,425.63,31.00,9/3/2022,18:00,Cash,9.186559899
370-41-7321,B,karur,Member,Male,Health and beauty,56.69,8,510.21,25.5105,548.72,13.00,2/27/2022,17:24,Credit card,8.122852963
727-46-3608,B,karur,Member,Female,Food and beverages,20.01,8,180.09,9.0045,235.09,46.00,6/2/2022,15:47,Ewallet,3.964725851
669-54-1719,B,karur,Member,Male,Electronic accessories,18.93,5,113.58,5.679,136.26,17.00,10/2/2022,12:45,Credit card,7.832751072
574-22-5561,C,Chennai,Member,Female,Fashion accessories,82.63,9,826.3,41.315,889.62,22.00,3/19/2022,17:08,Ewallet,7.639349811
326-78-5178,C,Chennai,Member,Male,Food and beverages,91.4,6,639.8,31.99,706.79,35.00,3/2/2022,10:19,Cash,9.186559899
162-48-8011,A,Trichy,Member,Female,Food and beverages,44.59,4,222.95,11.1475,256.10,22.00,10/2/2022,15:10,Cash,8.219553594
616-24-2851,B,karur,Member,Female,Fashion accessories,17.87,4,71.48,3.574,89.05,14.00,3/22/2022,14:42,Ewallet,6.285540983
778-71-5554,C,Chennai,Member,Male,Fashion accessories,15.43,1,15.43,0.7715,65.20,49.00,1/25/2022,15:46,Credit card,5.898738461
242-55-6721,B,karur,Normal,Male,Home and lifestyle,16.16,2,32.32,1.616,44.94,11.00,7/3/2022,11:49,Ewallet,6.285540983
399-46-5918,C,Chennai,Normal,Female,Electronic accessories,85.98,7,687.84,34.392,752.23,30.00,2/28/2022,19:01,Cash,7.929451702
106-35-6779,A,Trichy,Member,Male,Home and lifestyle,44.34,2,88.68,4.434,140.11,47.00,3/27/2022,11:26,Cash,5.60863657
635-40-6220,A,Trichy,Normal,Male,Health and beauty,89.6,7,716.8,35.84,780.64,28.00,7/2/2022,11:28,Ewallet,6.382241614
817-48-8732,A,Trichy,Member,Female,Home and lifestyle,72.35,9,723.5,36.175,806.68,47.00,1/20/2022,15:55,Cash,5.221834048
120-06-4233,C,Chennai,Normal,Male,Electronic accessories,30.61,5,183.66,9.183,225.84,33.00,12/3/2022,20:36,Cash,8.993158638
285-68-5083,C,Chennai,Member,Female,Sports and travel,24.74,3,74.22,3.711,114.93,37.00,2/15/2022,17:47,Credit card,9.670063051
803-83-5989,C,Chennai,Normal,Male,Home and lifestyle,55.73,5,334.38,16.719,364.10,13.00,2/24/2022,10:55,Ewallet,6.769044136
347-34-2234,B,karur,Member,Female,Sports and travel,55.07,8,495.63,24.7815,533.41,13.00,3/2/2022,13:40,Ewallet,9.670063051
199-75-8169,A,Trichy,Member,Male,Sports and travel,15.81,9,158.1,7.905,214.01,48.00,6/3/2022,12:27,Credit card,8.316254224
853-23-2453,B,karur,Member,Male,Health and beauty,75.74,4,302.96,15.148,359.11,41.00,2/14/2022,14:35,Cash,7.349247919
877-22-3308,A,Trichy,Member,Male,Health and beauty,15.87,9,158.7,7.935,183.64,17.00,3/13/2022,16:40,Cash,5.60863657
838-78-4295,C,Chennai,Normal,Female,Health and beauty,33.47,2,66.94,3.347,108.29,38.00,10/2/2022,15:43,Ewallet,6.478942244
109-28-2512,B,karur,Member,Female,Fashion accessories,97.61,5,585.66,29.283,660.94,46.00,7/1/2022,15:01,Ewallet,9.573362421
232-11-3025,A,Trichy,Normal,Male,Sports and travel,78.77,9,787.7,39.385,848.09,21.00,1/24/2022,10:04,Cash,6.188840353
382-03-4532,A,Trichy,Member,Female,Health and beauty,18.33,1,18.33,0.9165,39.25,20.00,2/2/2022,18:50,Cash,4.158127112
393-65-2792,C,Chennai,Normal,Male,Food and beverages,89.48,9,894.8,44.74,969.54,30.00,6/1/2022,12:46,Credit card,9.283260529
796-12-2025,C,Chennai,Normal,Male,Fashion accessories,62.12,9,621.2,31.06,668.26,16.00,11/2/2022,16:19,Cash,5.7053372
510-95-6347,B,karur,Member,Female,Food and beverages,48.52,3,145.56,7.278,171.84,19.00,5/3/2022,18:17,Ewallet,3.868025221
841-35-6630,C,Chennai,Normal,Female,Electronic accessories,75.91,5,455.46,22.773,515.23,37.00,9/3/2022,18:21,Cash,8.412954855
287-21-9091,A,Trichy,Normal,Male,Home and lifestyle,74.67,8,672.03,33.6015,743.63,38.00,1/22/2022,10:55,Ewallet,9.089859268
732-94-0499,C,Chennai,Normal,Female,Electronic accessories,41.65,9,416.5,20.825,470.33,33.00,1/13/2022,17:04,Credit card,5.221834048
263-10-3913,C,Chennai,Member,Male,Fashion accessories,49.04,8,441.36,22.068,476.43,13.00,9/1/2022,14:20,Credit card,8.316254224
381-20-0914,A,Trichy,Member,Female,Fashion accessories,20.01,8,180.09,9.0045,228.09,39.00,12/1/2022,15:48,Credit card,5.511935939
829-49-1914,C,Chennai,Member,Female,Food and beverages,78.31,9,783.1,39.155,844.26,22.00,5/3/2022,16:24,Ewallet,6.382241614
756-01-7507,C,Chennai,Normal,Female,Health and beauty,20.38,4,101.9,5.095,129.00,22.00,1/22/2022,18:56,Cash,5.802037831
870-72-4431,C,Chennai,Normal,Female,Health and beauty,99.19,5,595.14,29.757,668.90,44.00,1/21/2022,14:42,Credit card,5.318534678
847-38-7188,B,karur,Normal,Female,Food and beverages,96.68,3,290.04,14.502,329.54,25.00,1/26/2022,19:56,Ewallet,6.188840353
480-63-2856,C,Chennai,Normal,Male,Food and beverages,19.25,7,154,7.7,196.70,35.00,1/23/2022,18:37,Ewallet,6.382241614
787-56-0757,C,Chennai,Member,Female,Food and beverages,80.36,4,321.44,16.072,364.51,27.00,2/23/2022,18:45,Credit card,8.026152333
360-39-5055,C,Chennai,Member,Male,Sports and travel,48.91,4,244.55,12.2275,268.78,12.00,9/3/2022,10:17,Cash,6.382241614
730-50-9884,C,Chennai,Normal,Female,Sports and travel,83.06,6,581.42,29.071,653.49,43.00,5/3/2022,14:31,Ewallet,3.868025221
362-58-8315,C,Chennai,Normal,Male,Fashion accessories,76.52,4,382.6,19.13,439.73,38.00,3/25/2022,10:23,Cash,9.573362421
633-44-8566,A,Trichy,Member,Male,Food and beverages,49.38,6,345.66,17.283,381.94,19.00,3/27/2022,20:35,Credit card,7.059146027
504-35-8843,A,Trichy,Normal,Male,Sports and travel,42.47,1,42.47,2.1235,67.59,23.00,2/1/2022,16:57,Cash,5.511935939
318-68-5053,B,karur,Normal,Female,Health and beauty,76.99,5,461.94,23.097,505.04,20.00,2/27/2022,17:55,Cash,5.898738461
565-80-5980,C,Chennai,Member,Female,Home and lifestyle,47.38,4,189.52,9.476,216.00,17.00,1/23/2022,10:25,Cash,6.865744766
225-32-0908,C,Chennai,Normal,Female,Sports and travel,44.86,9,448.6,22.43,513.03,42.00,1/26/2022,19:54,Ewallet,7.929451702
873-51-0671,A,Trichy,Member,Female,Sports and travel,21.98,6,153.86,7.693,208.55,47.00,10/1/2022,16:42,Ewallet,4.931732156
152-08-9985,B,karur,Member,Male,Health and beauty,64.36,8,579.24,28.962,621.20,13.00,12/3/2022,12:09,Credit card,8.316254224
512-91-0811,C,Chennai,Normal,Male,Health and beauty,89.75,1,89.75,4.4875,136.24,42.00,6/2/2022,20:05,Credit card,6.382241614
594-34-4444,A,Trichy,Normal,Male,Electronic accessories,97.16,1,97.16,4.858,134.02,32.00,8/3/2022,20:38,Ewallet,6.962445397
766-85-7061,B,karur,Normal,Male,Health and beauty,87.87,9,878.7,43.935,971.64,49.00,3/29/2022,10:25,Ewallet,4.931732156
871-39-9221,C,Chennai,Normal,Female,Electronic accessories,12.45,5,74.7,3.735,94.44,16.00,9/2/2022,13:11,Cash,3.964725851
865-92-6136,A,Trichy,Normal,Male,Food and beverages,52.75,3,158.25,7.9125,200.16,34.00,3/23/2022,10:16,Ewallet,8.993158638
733-01-9107,B,karur,Normal,Male,Home and lifestyle,82.7,5,496.2,24.81,535.01,14.00,5/3/2022,18:14,Cash,7.155846658
163-56-7055,C,Chennai,Member,Male,Fashion accessories,48.71,1,48.71,2.4355,61.15,10.00,3/26/2022,19:20,Cash,3.964725851
189-98-2939,C,Chennai,Normal,Male,Fashion accessories,78.55,8,706.95,35.3475,765.30,23.00,1/3/2022,13:22,Cash,6.962445397
551-21-3069,C,Chennai,Normal,Female,Electronic accessories,23.07,8,207.63,10.3815,232.01,14.00,1/2/2022,11:27,Cash,4.738330895
212-62-1842,A,Trichy,Normal,Male,Food and beverages,58.26,5,349.56,17.478,392.04,25.00,3/28/2022,16:44,Cash,9.573362421
716-39-1409,B,karur,Normal,Male,Health and beauty,30.35,6,212.45,10.6225,248.07,25.00,3/19/2022,18:19,Cash,7.736050441
704-48-3927,A,Trichy,Member,Male,Electronic accessories,88.67,9,886.7,44.335,969.04,38.00,12/1/2022,14:50,Ewallet,7.059146027
628-34-3388,C,Chennai,Normal,Male,Fashion accessories,27.38,5,164.28,8.214,201.49,29.00,5/1/2022,20:54,Credit card,7.639349811
630-74-5166,A,Trichy,Normal,Male,Sports and travel,62.13,5,372.78,18.639,434.42,43.00,3/22/2022,20:19,Cash,7.155846658
588-01-7461,C,Chennai,Normal,Female,Food and beverages,33.98,8,305.82,15.291,359.11,38.00,3/24/2022,10:43,Cash,4.061426482
861-77-0145,C,Chennai,Member,Male,Electronic accessories,81.97,9,819.7,40.985,900.69,40.00,3/3/2022,14:30,Cash,8.896458007
479-26-8945,B,karur,Member,Female,Sports and travel,16.49,2,32.98,1.649,69.63,35.00,5/2/2022,11:32,Ewallet,4.448229004
210-67-5886,C,Chennai,Member,Female,Health and beauty,98.21,3,294.63,14.7315,339.36,30.00,5/2/2022,10:41,Credit card,7.54264918
227-78-1148,B,karur,Normal,Female,Fashion accessories,72.84,6,509.88,25.494,556.37,21.00,2/15/2022,12:44,Cash,8.122852963
645-44-1170,A,Trichy,Member,Male,Home and lifestyle,58.07,8,522.63,26.1315,560.76,12.00,1/19/2022,20:07,Ewallet,4.158127112
237-01-6122,C,Chennai,Member,Female,Home and lifestyle,80.79,8,727.11,36.3555,805.47,42.00,1/2/2022,20:31,Credit card,9.186559899
225-98-1496,C,Chennai,Normal,Female,Fashion accessories,27.02,3,81.06,4.053,118.11,33.00,2/3/2022,13:01,Credit card,6.865744766
291-32-1427,B,karur,Member,Male,Fashion accessories,21.94,4,109.7,5.485,160.19,45.00,5/3/2022,12:29,Ewallet,5.125133417
659-65-8956,B,karur,Member,Male,Fashion accessories,51.36,1,51.36,2.568,72.93,19.00,1/16/2022,15:26,Ewallet,5.028432787
642-32-2990,A,Trichy,Normal,Female,Food and beverages,10.96,9,109.6,5.48,148.08,33.00,2/2/2022,20:48,Ewallet,5.802037831
378-24-2715,B,karur,Normal,Male,Home and lifestyle,53.44,2,106.88,5.344,154.22,42.00,1/20/2022,20:38,Ewallet,3.964725851
638-60-7125,A,Trichy,Normal,Female,Electronic accessories,99.56,7,796.48,39.824,872.30,36.00,2/14/2022,17:03,Credit card,5.028432787
659-36-1684,C,Chennai,Member,Male,Sports and travel,57.12,6,399.84,19.992,440.83,21.00,12/1/2022,12:02,Credit card,6.285540983
219-22-9386,B,karur,Member,Male,Sports and travel,99.96,8,899.64,44.982,988.62,44.00,9/3/2022,17:26,Credit card,4.061426482
336-78-2147,C,Chennai,Member,Male,Home and lifestyle,63.91,7,511.28,25.564,580.84,44.00,3/13/2022,19:52,Credit card,4.448229004
268-27-6179,B,karur,Member,Female,Fashion accessories,56.47,7,451.76,22.588,512.35,38.00,9/3/2022,14:57,Ewallet,7.059146027
668-90-8900,A,Trichy,Normal,Female,Home and lifestyle,93.69,6,655.83,32.7915,726.62,38.00,10/3/2022,18:44,Credit card,4.351528373
870-54-3162,A,Trichy,Normal,Female,Sports and travel,32.25,4,161.25,8.0625,217.31,48.00,1/27/2022,13:26,Cash,8.703056746
189-08-9157,C,Chennai,Normal,Female,Fashion accessories,31.73,8,285.57,14.2785,321.85,22.00,8/1/2022,16:17,Credit card,5.7053372
663-86-9076,C,Chennai,Member,Female,Food and beverages,68.54,7,548.32,27.416,586.74,11.00,8/1/2022,15:57,Ewallet,8.219553594
549-84-7482,B,karur,Normal,Female,Sports and travel,90.28,8,812.52,40.626,878.15,25.00,8/2/2022,11:15,Ewallet,6.962445397
191-10-6171,B,karur,Normal,Female,Fashion accessories,39.62,6,277.34,13.867,318.21,27.00,1/25/2022,13:18,Cash,7.252547288
802-70-5316,A,Trichy,Member,Female,Sports and travel,92.13,5,552.78,27.639,616.42,36.00,6/3/2022,20:34,Cash,8.026152333
695-51-0018,B,karur,Normal,Female,Sports and travel,34.84,4,139.36,6.968,193.33,47.00,10/2/2022,18:36,Cash,7.155846658
590-83-4591,B,karur,Member,Male,Electronic accessories,87.45,5,524.7,26.235,581.94,31.00,2/17/2022,14:40,Credit card,8.509655485
483-71-1164,C,Chennai,Normal,Female,Health and beauty,81.3,5,487.8,24.39,533.19,21.00,8/3/2022,16:43,Ewallet,5.125133417
597-78-7908,C,Chennai,Normal,Male,Fashion accessories,90.22,3,270.66,13.533,327.19,43.00,2/18/2022,19:39,Cash,5.995439092
700-81-1757,A,Trichy,Normal,Female,Electronic accessories,26.31,4,131.55,6.5775,154.13,16.00,1/18/2022,20:59,Credit card,8.509655485
354-39-5160,A,Trichy,Member,Female,Home and lifestyle,34.42,5,206.52,10.326,229.85,13.00,2/18/2022,15:39,Cash,9.47666179
241-72-9525,B,karur,Normal,Male,Sports and travel,51.91,9,519.1,25.955,575.06,30.00,2/16/2022,12:21,Cash,7.929451702
575-30-8091,A,Trichy,Normal,Male,Sports and travel,72.5,7,580,29,621.00,12.00,3/16/2022,19:25,Ewallet,8.896458007
731-81-9469,C,Chennai,Member,Female,Sports and travel,89.8,9,898,44.9,974.90,32.00,1/23/2022,13:00,Credit card,5.221834048
280-17-4359,C,Chennai,Member,Male,Health and beauty,90.5,9,905,45.25,990.25,40.00,1/25/2022,13:48,Cash,7.832751072
338-65-2210,C,Chennai,Member,Female,Health and beauty,68.6,9,686,34.3,737.30,17.00,5/2/2022,19:57,Cash,8.799757377
488-25-4221,C,Chennai,Member,Female,Food and beverages,30.41,1,30.41,1.5205,67.93,36.00,2/22/2022,10:36,Credit card,8.122852963
239-10-7476,A,Trichy,Normal,Female,Home and lifestyle,77.95,5,467.7,23.385,522.09,31.00,1/21/2022,16:37,Ewallet,7.736050441
458-41-1477,C,Chennai,Normal,Female,Health and beauty,46.26,5,277.56,13.878,304.44,13.00,8/3/2022,17:11,Credit card,9.186559899
685-64-1609,A,Trichy,Member,Female,Fashion accessories,30.14,9,301.4,15.07,334.47,18.00,10/2/2022,12:28,Ewallet,8.896458007
568-90-5112,C,Chennai,Normal,Male,Health and beauty,66.14,4,264.56,13.228,288.79,11.00,3/19/2022,12:46,Credit card,5.415235309
262-47-2794,B,karur,Member,Male,Home and lifestyle,71.86,7,574.88,28.744,645.62,42.00,6/3/2022,15:07,Credit card,5.995439092
238-49-0436,A,Trichy,Normal,Male,Health and beauty,32.46,7,259.68,12.984,310.66,38.00,3/27/2022,13:48,Credit card,4.738330895
608-96-3517,B,karur,Member,Female,Fashion accessories,91.54,4,366.16,18.308,433.47,49.00,3/23/2022,19:20,Credit card,4.641630265
584-86-7256,C,Chennai,Member,Male,Sports and travel,34.56,6,241.92,12.096,292.02,38.00,11/3/2022,16:07,Credit card,7.059146027
746-94-0204,A,Trichy,Normal,Male,Fashion accessories,83.24,8,749.16,37.458,801.62,15.00,1/29/2022,11:56,Credit card,7.155846658
214-17-6927,C,Chennai,Normal,Female,Food and beverages,16.48,5,98.88,4.944,139.82,36.00,7/2/2022,18:23,Ewallet,9.573362421
400-89-4171,C,Chennai,Normal,Female,Sports and travel,80.97,7,647.76,32.388,718.15,38.00,1/28/2022,13:05,Cash,8.993158638
782-95-9291,A,Trichy,Member,Male,Food and beverages,92.29,4,461.45,23.0725,502.52,18.00,2/20/2022,15:55,Credit card,8.703056746
279-74-2924,B,karur,Member,Male,Electronic accessories,72.17,1,72.17,3.6085,118.78,43.00,4/1/2022,19:40,Cash,5.898738461
307-85-2293,B,karur,Normal,Male,Home and lifestyle,50.28,4,251.4,12.57,307.97,44.00,7/3/2022,13:58,Ewallet,9.37996116
743-04-1105,B,karur,Member,Male,Health and beauty,97.22,8,874.98,43.749,963.73,45.00,3/30/2022,14:43,Ewallet,5.802037831
423-57-2993,B,karur,Normal,Male,Sports and travel,93.39,5,560.34,28.017,630.36,42.00,3/27/2022,19:18,Ewallet,9.670063051
894-41-5205,C,Chennai,Normal,Female,Food and beverages,43.18,7,345.44,17.272,374.71,12.00,1/19/2022,19:39,Credit card,8.026152333
275-28-0149,A,Trichy,Normal,Male,Sports and travel,63.69,1,63.69,3.1845,115.87,49.00,2/25/2022,16:21,Cash,5.802037831
101-17-6199,A,Trichy,Normal,Male,Food and beverages,45.79,6,320.53,16.0265,379.56,43.00,3/13/2022,19:44,Credit card,6.769044136
423-80-0988,C,Chennai,Normal,Male,Sports and travel,76.4,2,152.8,7.64,210.44,50.00,1/30/2022,19:42,Ewallet,6.285540983
548-46-9322,B,karur,Normal,Male,Food and beverages,39.9,9,399,19.95,449.95,31.00,2/20/2022,15:24,Credit card,5.7053372
505-02-0892,B,karur,Member,Male,Health and beauty,42.57,7,340.56,17.028,399.59,42.00,2/25/2022,14:12,Ewallet,5.415235309
234-65-2137,C,Chennai,Normal,Male,Home and lifestyle,95.58,9,955.8,47.79,1037.59,34.00,1/16/2022,13:32,Cash,4.641630265
687-47-8271,A,Trichy,Normal,Male,Fashion accessories,98.98,9,989.8,49.49,1069.29,30.00,8/2/2022,16:20,Credit card,8.412954855
796-32-9050,A,Trichy,Normal,Male,Food and beverages,51.28,5,307.68,15.384,362.06,39.00,1/19/2022,16:31,Cash,6.285540983
105-31-1824,A,Trichy,Member,Male,Sports and travel,69.52,6,486.64,24.332,550.97,40.00,1/2/2022,15:10,Credit card,8.219553594
249-42-3782,A,Trichy,Normal,Male,Health and beauty,70.01,4,350.05,17.5025,405.55,38.00,3/1/2022,11:36,Ewallet,5.318534678
316-55-4634,B,karur,Member,Male,Food and beverages,80.05,4,400.25,20.0125,440.26,20.00,1/26/2022,12:45,Credit card,9.089859268
733-33-4967,C,Chennai,Normal,Male,Electronic accessories,20.85,7,166.8,8.34,222.14,47.00,3/3/2022,19:17,Cash,6.092139722
608-27-6295,B,karur,Member,Male,Electronic accessories,52.89,5,317.34,15.867,382.21,49.00,1/19/2022,17:34,Credit card,9.47666179
414-12-7047,B,karur,Normal,Male,Food and beverages,19.79,7,158.32,7.916,178.24,12.00,1/18/2022,12:04,Ewallet,8.412954855
827-26-2100,A,Trichy,Member,Male,Home and lifestyle,33.84,8,304.56,15.228,362.79,43.00,3/21/2022,16:21,Ewallet,8.509655485
175-54-2529,A,Trichy,Member,Male,Food and beverages,22.17,7,177.36,8.868,236.23,50.00,3/3/2022,17:01,Credit card,9.283260529
139-52-2867,C,Chennai,Normal,Female,Fashion accessories,22.51,6,157.57,7.8785,183.45,18.00,2/13/2022,10:50,Credit card,4.641630265
407-63-8975,A,Trichy,Normal,Male,Food and beverages,73.88,5,443.28,22.164,508.44,43.00,3/23/2022,19:16,Ewallet,4.254827743
342-65-4817,C,Chennai,Member,Male,Health and beauty,86.8,3,260.4,13.02,314.42,41.00,1/28/2022,16:47,Ewallet,9.573362421
130-98-8941,C,Chennai,Normal,Male,Fashion accessories,64.26,6,449.82,22.491,515.31,43.00,9/2/2022,10:00,Cash,5.511935939
434-83-9547,C,Chennai,Member,Male,Food and beverages,38.47,7,307.76,15.388,350.15,27.00,1/23/2022,11:51,Cash,7.44594855
851-28-6367,A,Trichy,Member,Male,Sports and travel,15.5,9,155,7.75,209.75,47.00,3/23/2022,10:55,Ewallet,7.736050441
824-88-3614,C,Chennai,Normal,Male,Health and beauty,34.31,7,274.48,13.724,315.20,27.00,1/25/2022,15:00,Ewallet,5.511935939
586-25-0848,A,Trichy,Normal,Female,Sports and travel,12.34,6,86.38,4.319,100.70,10.00,4/3/2022,11:19,Credit card,6.478942244
895-66-0685,B,karur,Member,Male,Food and beverages,18.08,3,54.24,2.712,106.95,50.00,5/3/2022,19:46,Ewallet,7.736050441
305-14-0245,B,karur,Member,Female,Home and lifestyle,94.49,7,755.92,37.796,811.72,18.00,3/3/2022,19:00,Ewallet,7.252547288
732-04-5373,B,karur,Member,Male,Home and lifestyle,46.47,4,185.88,9.294,238.17,43.00,8/2/2022,10:53,Cash,6.769044136
400-60-7251,A,Trichy,Normal,Male,Home and lifestyle,74.07,1,74.07,3.7035,116.77,39.00,10/2/2022,12:50,Ewallet,9.573362421
593-65-1552,C,Chennai,Normal,Female,Home and lifestyle,69.81,4,279.24,13.962,335.20,42.00,1/28/2022,20:50,Credit card,5.7053372
284-34-9626,B,karur,Normal,Female,Home and lifestyle,77.04,3,231.12,11.556,276.68,34.00,11/2/2022,10:39,Credit card,6.962445397
437-58-8131,B,karur,Normal,Female,Fashion accessories,73.52,2,147.04,7.352,188.39,34.00,1/15/2022,13:41,Ewallet,4.448229004
286-43-6208,C,Chennai,Normal,Female,Food and beverages,87.8,8,790.2,39.51,856.71,27.00,3/16/2022,19:08,Cash,8.896458007
641-43-2399,B,karur,Normal,Male,Home and lifestyle,25.55,4,102.2,5.11,123.31,16.00,1/26/2022,20:23,Ewallet,5.511935939
831-07-6050,A,Trichy,Normal,Male,Electronic accessories,32.71,4,163.55,8.1775,193.73,22.00,3/19/2022,11:30,Credit card,9.573362421
556-86-3144,C,Chennai,Member,Female,Fashion accessories,74.29,1,74.29,3.7145,127.00,49.00,1/13/2022,19:30,Cash,4.835031526
848-24-9445,C,Chennai,Member,Male,Health and beauty,43.7,2,87.4,4.37,141.77,50.00,3/26/2022,18:03,Cash,4.738330895
856-22-8149,A,Trichy,Normal,Female,Home and lifestyle,25.29,1,25.29,1.2645,40.55,14.00,3/23/2022,10:13,Ewallet,5.898738461
699-01-4164,C,Chennai,Normal,Male,Health and beauty,41.5,4,166,8.3,224.30,50.00,12/3/2022,19:58,Credit card,7.929451702
420-11-4919,C,Chennai,Member,Female,Food and beverages,71.39,4,356.95,17.8475,414.80,40.00,2/17/2022,19:57,Credit card,5.318534678
606-80-4905,C,Chennai,Member,Female,Sports and travel,19.15,5,114.9,5.745,163.65,43.00,1/29/2022,10:01,Credit card,6.575642875
542-41-0513,B,karur,Member,Female,Electronic accessories,57.49,4,229.96,11.498,288.46,47.00,3/15/2022,11:57,Cash,6.382241614
426-39-2418,C,Chennai,Normal,Male,Electronic accessories,61.41,6,429.87,21.4935,497.36,46.00,1/14/2022,10:02,Cash,9.47666179
875-46-5808,B,karur,Member,Male,Health and beauty,25.9,9,259,12.95,286.95,15.00,6/2/2022,14:51,Ewallet,8.412954855
394-43-4238,B,karur,Member,Male,Home and lifestyle,17.77,4,88.85,4.4425,115.29,22.00,2/15/2022,12:42,Credit card,5.221834048
749-24-1565,A,Trichy,Normal,Female,Health and beauty,23.03,8,207.27,10.3635,258.63,41.00,3/1/2022,12:02,Ewallet,7.639349811
672-51-8681,C,Chennai,Member,Female,Electronic accessories,66.65,8,599.85,29.9925,679.84,50.00,4/1/2022,18:19,Credit card,9.37996116
263-87-5680,C,Chennai,Member,Female,Home and lifestyle,28.53,9,285.3,14.265,316.57,17.00,3/18/2022,17:38,Ewallet,7.54264918
573-58-9734,B,karur,Normal,Female,Fashion accessories,30.37,3,91.11,4.5555,138.67,43.00,3/28/2022,13:41,Ewallet,4.931732156
817-69-8206,B,karur,Normal,Female,Electronic accessories,99.73,8,897.57,44.8785,957.45,15.00,2/3/2022,19:42,Credit card,6.285540983
888-02-0338,A,Trichy,Normal,Male,Electronic accessories,26.23,8,236.07,11.8035,273.87,26.00,1/25/2022,20:24,Ewallet,5.7053372
677-11-0152,C,Chennai,Normal,Female,Food and beverages,93.26,8,839.34,41.967,907.31,26.00,1/16/2022,18:08,Cash,8.509655485
142-63-6033,B,karur,Normal,Male,Home and lifestyle,92.36,4,461.8,23.09,528.89,44.00,3/20/2022,19:17,Ewallet,4.738330895
656-16-1063,B,karur,Normal,Male,Sports and travel,46.42,3,139.26,6.963,189.22,43.00,4/1/2022,13:24,Credit card,4.254827743
891-58-8335,B,karur,Member,Female,Sports and travel,29.61,6,207.27,10.3635,243.63,26.00,11/3/2022,15:53,Cash,6.285540983
802-43-8934,A,Trichy,Normal,Male,Home and lifestyle,18.28,1,18.28,0.914,55.19,36.00,3/22/2022,15:05,Credit card,8.026152333
560-30-5617,B,karur,Normal,Female,Sports and travel,24.77,4,123.85,6.1925,173.04,43.00,3/24/2022,18:27,Cash,8.219553594
319-74-2561,A,Trichy,Member,Female,Electronic accessories,94.64,3,283.92,14.196,328.12,30.00,2/21/2022,16:55,Cash,5.318534678
549-03-9315,B,karur,Normal,Male,Fashion accessories,94.87,7,758.96,37.948,830.91,34.00,12/2/2022,12:58,Ewallet,8.412954855
790-29-1172,B,karur,Normal,Female,Food and beverages,57.34,3,172.02,8.601,201.62,21.00,10/3/2022,18:59,Credit card,7.639349811
239-36-3640,B,karur,Normal,Male,Electronic accessories,45.35,5,272.1,13.605,306.71,21.00,1/31/2022,13:44,Ewallet,5.898738461
468-01-2051,B,karur,Normal,Male,Food and beverages,62.08,6,434.56,21.728,501.29,45.00,6/3/2022,13:46,Ewallet,5.221834048
389-25-3394,C,Chennai,Normal,Male,Electronic accessories,11.81,4,59.05,2.9525,72.00,10.00,2/17/2022,18:06,Cash,9.089859268
279-62-1445,C,Chennai,Member,Female,Fashion accessories,12.54,1,12.54,0.627,23.17,10.00,2/21/2022,12:38,Cash,7.929451702
213-72-6612,A,Trichy,Normal,Male,Food and beverages,43.25,2,86.5,4.325,121.83,31.00,3/20/2022,15:56,Cash,5.995439092
746-68-6593,C,Chennai,Member,Female,Sports and travel,87.16,2,174.32,8.716,206.04,23.00,11/1/2022,14:29,Credit card,9.37996116
836-82-5858,B,karur,Member,Male,Health and beauty,69.37,8,624.33,31.2165,665.55,10.00,1/26/2022,19:14,Ewallet,3.868025221
583-72-1480,C,Chennai,Member,Male,Electronic accessories,37.06,4,148.24,7.412,165.65,10.00,1/31/2022,16:24,Ewallet,9.37996116
466-61-5506,B,karur,Member,Female,Electronic accessories,90.7,5,544.2,27.21,611.41,40.00,2/26/2022,10:52,Cash,5.125133417
721-86-6247,A,Trichy,Normal,Female,Home and lifestyle,63.42,7,507.36,25.368,562.73,30.00,11/3/2022,12:55,Ewallet,7.155846658
289-65-5721,B,karur,Normal,Female,Fashion accessories,81.37,2,162.74,8.137,187.88,17.00,1/26/2022,19:28,Cash,6.285540983
545-46-3100,B,karur,Member,Female,Electronic accessories,10.59,3,31.77,1.5885,48.36,15.00,12/3/2022,13:52,Credit card,8.412954855
418-02-5978,B,karur,Normal,Female,Health and beauty,84.09,8,756.81,37.8405,836.65,42.00,11/2/2022,10:54,Cash,7.736050441
269-04-5750,B,karur,Member,Male,Fashion accessories,73.82,4,295.28,14.764,359.04,49.00,2/21/2022,18:31,Cash,6.478942244
157-13-5295,A,Trichy,Member,Male,Health and beauty,51.94,9,519.4,25.97,558.37,13.00,9/3/2022,18:24,Ewallet,6.285540983
645-78-8093,A,Trichy,Normal,Female,Sports and travel,93.14,2,186.28,9.314,214.59,19.00,1/20/2022,18:09,Ewallet,3.964725851
211-30-9270,C,Chennai,Normal,Male,Health and beauty,17.41,4,87.05,4.3525,120.40,29.00,1/28/2022,15:16,Credit card,4.738330895
755-12-3214,C,Chennai,Member,Female,Fashion accessories,44.22,4,221.1,11.055,267.16,35.00,5/3/2022,17:07,Credit card,8.316254224
346-84-3103,B,karur,Member,Female,Electronic accessories,13.22,4,66.1,3.305,109.41,40.00,2/3/2022,19:26,Cash,4.158127112
478-06-7835,A,Trichy,Normal,Male,Fashion accessories,89.69,1,89.69,4.4845,119.17,25.00,11/1/2022,11:20,Ewallet,4.738330895
540-11-4336,A,Trichy,Normal,Male,Food and beverages,24.94,8,224.46,11.223,282.68,47.00,11/1/2022,16:49,Credit card,5.415235309
448-81-5016,A,Trichy,Normal,Male,Health and beauty,59.77,2,119.54,5.977,153.52,28.00,11/3/2022,12:01,Credit card,5.60863657
142-72-4741,C,Chennai,Member,Male,Fashion accessories,93.2,2,186.4,9.32,243.72,48.00,2/28/2022,18:37,Credit card,5.802037831
217-58-1179,A,Trichy,Member,Male,Home and lifestyle,62.65,4,250.6,12.53,298.13,35.00,5/1/2022,11:25,Cash,4.061426482
376-02-8238,B,karur,Normal,Male,Home and lifestyle,93.87,7,750.96,37.548,819.51,31.00,2/2/2022,18:42,Credit card,8.026152333
530-90-9855,A,Trichy,Member,Male,Home and lifestyle,47.59,7,380.72,19.036,432.76,33.00,1/1/2022,14:47,Cash,5.511935939
866-05-7563,B,karur,Member,Female,Electronic accessories,81.4,3,244.2,12.21,306.41,50.00,9/2/2022,19:43,Cash,4.641630265
604-70-6476,A,Trichy,Member,Male,Fashion accessories,17.94,4,89.7,4.485,107.19,13.00,1/23/2022,14:04,Ewallet,6.575642875
799-71-1548,A,Trichy,Member,Male,Electronic accessories,77.72,4,310.88,15.544,369.42,43.00,7/1/2022,16:11,Credit card,8.509655485
785-13-7708,B,karur,Normal,Male,Food and beverages,73.06,6,511.42,25.571,574.99,38.00,1/14/2022,19:06,Credit card,4.061426482
845-51-0542,B,karur,Member,Male,Food and beverages,46.55,8,418.95,20.9475,466.90,27.00,2/2/2022,15:34,Ewallet,6.188840353
662-47-5456,C,Chennai,Member,Male,Fashion accessories,35.19,9,351.9,17.595,395.50,26.00,3/17/2022,19:06,Credit card,8.122852963
883-17-4236,C,Chennai,Normal,Female,Sports and travel,14.39,2,28.78,1.439,74.22,44.00,2/3/2022,19:44,Credit card,6.962445397
290-68-2984,A,Trichy,Normal,Male,Home and lifestyle,23.75,4,95,4.75,136.75,37.00,3/16/2022,11:22,Cash,5.028432787
704-11-6354,A,Trichy,Member,Male,Home and lifestyle,58.9,7,471.2,23.56,544.76,50.00,6/1/2022,11:23,Cash,8.606356116
110-48-7033,B,karur,Member,Male,Fashion accessories,32.62,4,130.48,6.524,154.00,17.00,1/29/2022,14:12,Cash,8.703056746
366-93-0948,A,Trichy,Member,Male,Electronic accessories,66.35,1,66.35,3.3175,80.67,11.00,1/31/2022,10:46,Credit card,9.37996116
729-09-9681,A,Trichy,Member,Male,Home and lifestyle,25.91,5,155.46,7.773,205.23,42.00,5/2/2022,10:16,Ewallet,8.412954855
151-16-1484,A,Trichy,Member,Male,Electronic accessories,32.25,4,129,6.45,159.45,24.00,2/13/2022,12:38,Ewallet,6.285540983
380-94-4661,C,Chennai,Member,Male,Electronic accessories,65.94,4,263.76,13.188,310.95,34.00,7/2/2022,13:05,Credit card,6.672343505
850-41-9669,A,Trichy,Normal,Female,Electronic accessories,75.06,8,675.54,33.777,752.32,43.00,3/19/2022,13:25,Ewallet,5.995439092
821-07-3596,C,Chennai,Normal,Female,Fashion accessories,16.45,4,65.8,3.29,82.09,13.00,7/3/2022,14:53,Ewallet,5.415235309
655-85-5130,B,karur,Member,Female,Fashion accessories,38.3,4,153.2,7.66,195.86,35.00,3/13/2022,19:22,Cash,5.511935939
447-15-7839,A,Trichy,Member,Female,Sports and travel,22.24,9,222.4,11.12,249.52,16.00,9/2/2022,11:00,Cash,4.061426482
154-74-7179,B,karur,Normal,Male,Sports and travel,54.45,1,54.45,2.7225,89.17,32.00,2/26/2022,19:24,Ewallet,7.639349811
253-12-6086,A,Trichy,Member,Female,Sports and travel,98.4,6,688.8,34.44,737.24,14.00,12/3/2022,12:43,Credit card,8.412954855
808-65-0703,C,Chennai,Normal,Male,Home and lifestyle,35.47,4,141.88,7.094,176.97,28.00,3/14/2022,17:22,Credit card,6.672343505
571-94-0759,B,karur,Member,Female,Food and beverages,74.6,9,746,37.3,822.30,39.00,8/1/2022,20:55,Cash,9.186559899
144-51-6085,A,Trichy,Member,Male,Home and lifestyle,70.74,4,282.96,14.148,325.11,28.00,5/1/2022,16:05,Credit card,4.254827743
731-14-2199,A,Trichy,Member,Female,Home and lifestyle,35.54,9,355.4,17.77,396.17,23.00,4/1/2022,13:34,Ewallet,6.769044136
783-09-1637,B,karur,Normal,Female,Sports and travel,67.43,4,337.15,16.8575,371.01,17.00,6/3/2022,18:13,Ewallet,6.092139722
687-15-1097,C,Chennai,Member,Female,Health and beauty,21.12,2,42.24,2.112,58.35,14.00,3/1/2022,19:17,Cash,9.37996116
126-54-1082,A,Trichy,Member,Female,Home and lifestyle,21.54,8,193.86,9.693,253.55,50.00,7/1/2022,11:44,Credit card,8.509655485
633-91-1052,A,Trichy,Normal,Female,Home and lifestyle,12.03,2,24.06,1.203,55.26,30.00,1/27/2022,15:51,Cash,4.931732156
477-24-6490,B,karur,Normal,Female,Health and beauty,99.71,5,598.26,29.913,673.17,45.00,2/26/2022,16:52,Ewallet,7.639349811
566-19-5475,B,karur,Normal,Male,Fashion accessories,47.97,6,335.79,16.7895,393.58,41.00,7/1/2022,20:52,Cash,5.995439092
526-86-8552,C,Chennai,Member,Female,Home and lifestyle,21.82,9,218.2,10.91,269.11,40.00,7/1/2022,17:36,Cash,6.865744766
376-56-3573,C,Chennai,Normal,Female,Fashion accessories,95.42,4,381.68,19.084,439.76,39.00,2/2/2022,13:23,Ewallet,6.188840353
537-72-0426,C,Chennai,Member,Male,Fashion accessories,70.99,9,709.9,35.495,755.40,10.00,3/20/2022,16:28,Cash,5.511935939
828-61-5674,A,Trichy,Member,Male,Sports and travel,44.02,9,440.2,22.01,506.21,44.00,3/20/2022,19:57,Credit card,9.283260529
136-08-6195,A,Trichy,Normal,Female,Home and lifestyle,69.96,7,559.68,27.984,622.66,35.00,2/15/2022,17:01,Credit card,6.188840353
523-38-0215,C,Chennai,Normal,Male,Home and lifestyle,37,1,37,1.85,61.85,23.00,6/3/2022,13:29,Credit card,7.639349811
490-29-1201,A,Trichy,Normal,Female,Sports and travel,15.34,1,15.34,0.767,53.11,37.00,6/1/2022,11:09,Cash,6.285540983
667-92-0055,A,Trichy,Member,Male,Health and beauty,99.83,5,598.98,29.949,678.93,50.00,4/3/2022,15:02,Ewallet,8.219553594
565-17-3836,A,Trichy,Member,Female,Health and beauty,47.67,4,190.68,9.534,221.21,21.00,12/3/2022,14:21,Cash,8.799757377
498-41-1961,B,karur,Normal,Male,Health and beauty,66.68,4,333.4,16.67,362.07,12.00,2/20/2022,18:01,Cash,7.349247919
593-95-4461,C,Chennai,Member,Male,Home and lifestyle,74.86,1,74.86,3.743,89.60,11.00,3/24/2022,14:49,Cash,6.672343505
226-71-3580,C,Chennai,Normal,Female,Sports and travel,23.75,8,213.75,10.6875,262.44,38.00,1/31/2022,12:02,Cash,9.186559899
283-79-9594,B,karur,Normal,Female,Food and beverages,48.51,6,339.57,16.9785,391.55,35.00,1/25/2022,13:30,Credit card,5.028432787
430-60-3493,A,Trichy,Member,Female,Home and lifestyle,94.88,6,664.16,33.208,725.37,28.00,3/2/2022,14:38,Cash,4.061426482
139-20-0155,B,karur,Member,Male,Electronic accessories,40.3,9,403,20.15,439.15,16.00,1/24/2022,17:37,Credit card,6.769044136
558-80-4082,C,Chennai,Normal,Male,Electronic accessories,27.85,6,194.95,9.7475,244.70,40.00,3/14/2022,17:20,Ewallet,5.802037831
278-97-7759,A,Trichy,Member,Female,Electronic accessories,62.48,1,62.48,3.124,99.60,34.00,2/18/2022,20:29,Cash,4.544929634
316-68-6352,A,Trichy,Member,Female,Food and beverages,36.36,2,72.72,3.636,118.36,42.00,1/21/2022,10:00,Cash,6.865744766
585-03-5943,B,karur,Normal,Male,Health and beauty,18.11,9,181.1,9.055,218.16,28.00,3/13/2022,11:46,Ewallet,5.7053372
211-05-0490,C,Chennai,Member,Female,Electronic accessories,51.92,4,259.6,12.98,283.58,11.00,3/3/2022,13:42,Cash,7.252547288
727-75-6477,C,Chennai,Normal,Male,Electronic accessories,28.84,4,115.36,5.768,151.13,30.00,3/29/2022,14:44,Cash,6.188840353
744-02-5987,A,Trichy,Member,Male,Home and lifestyle,78.38,5,470.28,23.514,523.79,30.00,10/1/2022,14:16,Ewallet,5.60863657
307-83-9164,A,Trichy,Member,Male,Home and lifestyle,60.01,4,240.04,12.002,271.04,19.00,1/25/2022,15:54,Cash,4.351528373
779-06-0012,C,Chennai,Member,Female,Home and lifestyle,88.61,1,88.61,4.4305,107.04,14.00,1/19/2022,10:21,Cash,7.44594855
446-47-6729,C,Chennai,Normal,Male,Fashion accessories,99.82,2,199.64,9.982,235.62,26.00,2/1/2022,18:09,Credit card,6.478942244
573-10-3877,B,karur,Member,Male,Health and beauty,39.01,1,39.01,1.9505,60.96,20.00,12/3/2022,16:46,Credit card,4.544929634
735-06-4124,C,Chennai,Normal,Male,Food and beverages,48.61,1,48.61,2.4305,73.04,22.00,2/25/2022,15:31,Cash,4.254827743
439-54-7422,A,Trichy,Normal,Female,Electronic accessories,51.19,4,204.76,10.238,248.00,33.00,3/18/2022,17:15,Credit card,4.544929634
396-90-2219,B,karur,Normal,Female,Electronic accessories,14.96,7,119.68,5.984,154.66,29.00,2/23/2022,12:29,Cash,8.316254224
411-77-0180,A,Trichy,Member,Male,Electronic accessories,72.2,6,505.4,25.27,568.67,38.00,3/26/2022,20:14,Ewallet,4.158127112
286-01-5402,A,Trichy,Normal,Female,Sports and travel,40.23,6,281.61,14.0805,338.69,43.00,3/30/2022,13:22,Cash,9.283260529
803-17-8013,A,Trichy,Member,Female,Home and lifestyle,88.79,7,710.32,35.516,781.84,36.00,2/17/2022,17:09,Cash,3.964725851
512-98-1403,A,Trichy,Member,Female,Electronic accessories,26.48,3,79.44,3.972,100.41,17.00,3/21/2022,10:40,Ewallet,4.544929634
848-42-2560,A,Trichy,Normal,Female,Fashion accessories,81.91,2,163.82,8.191,191.01,19.00,5/3/2022,17:43,Cash,7.54264918
532-59-7201,B,karur,Member,Male,Sports and travel,79.93,5,479.58,23.979,543.56,40.00,1/31/2022,14:04,Cash,5.318534678
181-94-6432,C,Chennai,Member,Male,Fashion accessories,69.33,2,138.66,6.933,163.59,18.00,5/2/2022,19:05,Ewallet,9.37996116
870-76-1733,A,Trichy,Member,Female,Food and beverages,14.23,4,71.15,3.5575,115.71,41.00,1/2/2022,10:08,Credit card,4.254827743
423-64-4619,A,Trichy,Member,Female,Health and beauty,15.55,8,139.95,6.9975,187.95,41.00,7/3/2022,13:12,Cash,4.835031526
227-07-4446,C,Chennai,Member,Female,Electronic accessories,78.13,9,781.3,39.065,865.37,45.00,10/2/2022,20:51,Cash,4.254827743
174-36-3675,C,Chennai,Member,Male,Food and beverages,99.37,2,198.74,9.937,221.68,13.00,2/14/2022,17:29,Cash,5.028432787
428-83-5800,C,Chennai,Member,Female,Food and beverages,21.08,3,63.24,3.162,100.40,34.00,9/2/2022,10:25,Cash,7.059146027
603-07-0961,C,Chennai,Member,Male,Electronic accessories,74.79,4,373.95,18.6975,428.65,36.00,10/1/2022,11:34,Cash,4.738330895
704-20-4138,C,Chennai,Member,Female,Health and beauty,29.67,6,207.69,10.3845,266.07,48.00,11/3/2022,18:58,Credit card,7.832751072
787-15-1757,C,Chennai,Member,Male,Health and beauty,44.07,4,176.28,8.814,214.09,29.00,2/18/2022,16:28,Ewallet,8.122852963
649-11-3678,C,Chennai,Normal,Female,Food and beverages,22.93,8,206.37,10.3185,252.69,36.00,2/26/2022,20:26,Cash,5.318534678
622-20-1945,C,Chennai,Normal,Female,Health and beauty,39.42,1,39.42,1.971,74.39,33.00,1/18/2022,15:08,Cash,8.122852963
372-94-8041,A,Trichy,Normal,Male,Health and beauty,15.26,5,91.56,4.578,139.14,43.00,2/15/2022,18:03,Ewallet,9.47666179
563-91-7120,A,Trichy,Normal,Female,Fashion accessories,61.77,4,308.85,15.4425,334.29,10.00,8/3/2022,13:21,Cash,6.478942244
746-54-5508,A,Trichy,Normal,Male,Home and lifestyle,21.52,5,129.12,6.456,165.58,30.00,1/17/2022,12:48,Credit card,9.089859268
276-54-0879,B,karur,Normal,Male,Sports and travel,97.74,4,390.96,19.548,434.51,24.00,12/3/2022,19:53,Ewallet,6.188840353
815-11-1168,A,Trichy,Member,Male,Food and beverages,99.78,4,498.9,24.945,558.85,35.00,9/3/2022,19:09,Cash,5.221834048
719-76-3868,C,Chennai,Member,Male,Food and beverages,94.26,4,377.04,18.852,408.89,13.00,12/3/2022,16:30,Cash,8.316254224
730-61-8757,B,karur,Member,Male,Health and beauty,51.13,4,204.52,10.226,247.75,33.00,1/25/2022,10:11,Credit card,3.868025221
340-66-0321,A,Trichy,Member,Male,Electronic accessories,36.36,4,145.44,7.272,187.71,35.00,3/25/2022,13:07,Cash,7.349247919
868-81-1752,B,karur,Normal,Male,Home and lifestyle,22.02,8,198.18,9.909,249.09,41.00,7/2/2022,18:48,Cash,6.575642875
634-97-8956,A,Trichy,Normal,Male,Food and beverages,32.9,3,98.7,4.935,113.64,10.00,2/17/2022,17:27,Credit card,8.799757377
566-71-1091,A,Trichy,Normal,Male,Fashion accessories,77.02,4,385.1,19.255,419.36,15.00,3/2/2022,15:59,Cash,5.318534678
442-48-3607,A,Trichy,Member,Male,Food and beverages,23.48,2,46.96,2.348,68.31,19.00,3/14/2022,11:21,Credit card,7.639349811
835-16-0096,C,Chennai,Member,Male,Sports and travel,14.7,4,73.5,3.675,94.18,17.00,3/24/2022,13:48,Ewallet,8.219553594
527-09-6272,A,Trichy,Member,Female,Electronic accessories,28.45,4,142.25,7.1125,172.36,23.00,3/21/2022,10:17,Credit card,8.799757377
898-04-2717,A,Trichy,Normal,Male,Fashion accessories,76.4,8,687.6,34.38,736.98,15.00,3/19/2022,15:49,Ewallet,7.252547288
692-27-8933,B,karur,Normal,Female,Sports and travel,57.95,5,347.7,17.385,378.09,13.00,2/24/2022,13:02,Cash,5.028432787
633-09-3463,C,Chennai,Normal,Female,Electronic accessories,47.65,3,142.95,7.1475,165.10,15.00,3/28/2022,12:58,Credit card,9.186559899
374-17-3652,B,karur,Member,Female,Food and beverages,42.82,8,385.38,19.269,425.65,21.00,5/2/2022,15:26,Credit card,8.606356116
378-07-7001,B,karur,Member,Male,Electronic accessories,48.09,3,144.27,7.2135,167.48,16.00,10/2/2022,18:23,Credit card,7.54264918
433-75-6987,B,karur,Member,Female,Health and beauty,55.97,6,391.79,19.5895,436.38,25.00,5/3/2022,19:06,Ewallet,8.606356116
873-95-4984,B,karur,Member,Female,Health and beauty,76.9,6,538.3,26.915,610.22,45.00,2/15/2022,20:21,Cash,7.44594855
416-13-5917,C,Chennai,Normal,Female,Food and beverages,97.03,4,485.15,24.2575,529.41,20.00,1/30/2022,16:24,Ewallet,8.993158638
150-89-8043,A,Trichy,Normal,Male,Sports and travel,44.65,3,133.95,6.6975,180.65,40.00,2/14/2022,15:04,Cash,5.995439092
135-84-8019,A,Trichy,Normal,Female,Fashion accessories,77.93,8,701.37,35.0685,771.44,35.00,2/27/2022,16:10,Ewallet,7.349247919
441-94-7118,A,Trichy,Member,Male,Electronic accessories,71.95,1,71.95,3.5975,96.55,21.00,4/2/2022,12:14,Cash,7.059146027
725-96-3778,C,Chennai,Member,Female,Home and lifestyle,89.25,7,714,35.7,798.70,49.00,1/20/2022,10:13,Cash,4.544929634
531-80-1784,A,Trichy,Normal,Male,Electronic accessories,26.02,6,182.14,9.107,210.25,19.00,3/28/2022,17:38,Cash,4.931732156
400-45-1220,B,karur,Normal,Female,Health and beauty,13.5,9,135,6.75,151.75,10.00,2/27/2022,11:06,Credit card,4.641630265
860-79-0874,C,Chennai,Member,Female,Fashion accessories,99.3,9,993,49.65,1081.65,39.00,2/15/2022,14:53,Credit card,6.382241614
834-61-8124,A,Trichy,Normal,Male,Electronic accessories,51.69,6,361.83,18.0915,412.92,33.00,1/26/2022,18:22,Cash,5.318534678
115-99-4379,B,karur,Member,Female,Fashion accessories,54.73,6,383.11,19.1555,415.27,13.00,3/14/2022,19:02,Credit card,8.219553594
565-67-6697,B,karur,Member,Male,Home and lifestyle,27,8,243,12.15,287.15,32.00,2/3/2022,14:16,Cash,4.641630265
320-49-6392,C,Chennai,Normal,Female,Electronic accessories,30.24,1,30.24,1.512,69.75,38.00,4/3/2022,15:44,Cash,8.122852963
889-04-9723,B,karur,Member,Female,Food and beverages,89.14,4,356.56,17.828,404.39,30.00,7/1/2022,12:20,Credit card,7.54264918
632-90-0281,C,Chennai,Normal,Female,Fashion accessories,37.55,9,375.5,18.775,412.28,18.00,8/3/2022,20:01,Credit card,8.993158638
554-42-2417,C,Chennai,Normal,Female,Sports and travel,95.44,9,954.4,47.72,1051.12,49.00,9/1/2022,13:45,Cash,5.028432787
453-63-6187,B,karur,Normal,Male,Electronic accessories,27.5,3,82.5,4.125,106.63,20.00,1/3/2022,15:40,Ewallet,6.285540983
578-80-7669,B,karur,Normal,Male,Sports and travel,74.97,1,74.97,3.7485,109.72,31.00,3/16/2022,16:58,Cash,5.415235309
612-36-5536,A,Trichy,Member,Male,Food and beverages,80.96,7,647.68,32.384,691.06,11.00,2/17/2022,11:12,Credit card,7.155846658
605-72-4132,C,Chennai,Normal,Female,Food and beverages,94.47,7,755.76,37.788,812.55,19.00,2/27/2022,15:12,Cash,8.799757377
471-41-2823,C,Chennai,Normal,Male,Food and beverages,99.79,2,199.58,9.979,244.56,35.00,7/3/2022,20:37,Ewallet,7.736050441
462-67-9126,A,Trichy,Normal,Male,Home and lifestyle,73.22,5,439.32,21.966,473.29,12.00,1/21/2022,17:44,Cash,6.962445397
272-27-9238,C,Chennai,Normal,Female,Food and beverages,41.24,4,164.96,8.248,199.21,26.00,2/19/2022,16:23,Cash,6.865744766
834-25-9262,C,Chennai,Normal,Female,Fashion accessories,81.68,4,326.72,16.336,382.06,39.00,6/1/2022,12:12,Cash,8.799757377
122-61-9553,C,Chennai,Normal,Female,Electronic accessories,51.32,8,461.88,23.094,530.97,46.00,3/14/2022,19:33,Cash,5.415235309
468-88-0009,A,Trichy,Member,Male,Home and lifestyle,65.94,4,263.76,13.188,321.95,45.00,3/24/2022,10:29,Cash,5.802037831
613-59-9758,C,Chennai,Normal,Female,Sports and travel,14.36,9,143.6,7.18,166.78,16.00,1/27/2022,14:28,Cash,5.221834048
254-31-0042,A,Trichy,Member,Male,Electronic accessories,21.5,8,193.5,9.675,231.18,28.00,6/3/2022,12:46,Credit card,7.54264918
201-86-2184,B,karur,Member,Female,Electronic accessories,26.26,6,183.82,9.191,240.01,47.00,2/2/2022,19:40,Cash,9.573362421
261-12-8671,B,karur,Normal,Female,Fashion accessories,60.96,2,121.92,6.096,167.02,39.00,1/25/2022,19:39,Credit card,4.738330895
730-70-9830,C,Chennai,Normal,Female,Home and lifestyle,70.11,5,420.66,21.033,485.69,44.00,3/14/2022,17:54,Ewallet,5.028432787
382-25-8917,C,Chennai,Normal,Male,Fashion accessories,42.08,5,252.48,12.624,286.10,21.00,1/29/2022,12:25,Cash,8.606356116
422-29-8786,A,Trichy,Normal,Female,Home and lifestyle,67.09,4,335.45,16.7725,401.22,49.00,3/1/2022,16:47,Credit card,8.799757377
667-23-5919,A,Trichy,Member,Female,Fashion accessories,96.7,4,483.5,24.175,534.68,27.00,1/14/2022,12:52,Ewallet,6.769044136
843-01-4703,B,karur,Member,Female,Home and lifestyle,35.38,8,318.42,15.921,383.34,49.00,5/1/2022,19:50,Credit card,9.283260529
743-88-1662,C,Chennai,Normal,Male,Sports and travel,95.49,6,668.43,33.4215,715.85,14.00,2/22/2022,18:17,Ewallet,8.412954855
595-86-2894,C,Chennai,Member,Male,Fashion accessories,96.98,4,387.92,19.396,423.32,16.00,6/2/2022,17:20,Ewallet,9.089859268
182-69-8360,B,karur,Normal,Female,Electronic accessories,23.65,4,94.6,4.73,113.33,14.00,1/30/2022,13:32,Credit card,3.868025221
289-15-7034,A,Trichy,Member,Male,Sports and travel,82.33,4,329.32,16.466,385.79,40.00,11/1/2022,10:37,Credit card,7.252547288
462-78-5240,C,Chennai,Normal,Female,Electronic accessories,26.61,2,53.22,2.661,105.88,50.00,3/19/2022,14:35,Cash,4.061426482
868-52-7573,B,karur,Normal,Female,Food and beverages,99.69,4,498.45,24.9225,568.37,45.00,1/14/2022,12:09,Cash,9.573362421
153-58-4872,C,Chennai,Member,Female,Food and beverages,74.89,4,299.56,14.978,355.54,41.00,1/3/2022,15:32,Ewallet,4.061426482
662-72-2873,A,Trichy,Normal,Female,Food and beverages,40.94,4,204.7,10.235,255.94,41.00,6/1/2022,13:58,Ewallet,9.573362421
525-88-7307,B,karur,Member,Male,Sports and travel,75.82,1,75.82,3.791,101.61,22.00,1/31/2022,13:19,Cash,5.60863657
689-16-9784,C,Chennai,Normal,Male,Food and beverages,46.77,5,280.62,14.031,330.65,36.00,11/3/2022,13:37,Cash,5.802037831
725-56-0833,A,Trichy,Normal,Female,Health and beauty,32.32,9,323.2,16.16,365.36,26.00,2/20/2022,16:49,Credit card,9.670063051
394-41-0748,C,Chennai,Member,Female,Fashion accessories,54.07,8,486.63,24.3315,543.96,33.00,1/27/2022,14:55,Ewallet,9.186559899
596-42-3999,B,karur,Normal,Male,Food and beverages,18.22,6,127.54,6.377,168.92,35.00,10/3/2022,14:04,Credit card,6.382241614
541-89-9860,C,Chennai,Member,Female,Fashion accessories,80.48,3,241.44,12.072,294.51,41.00,2/15/2022,12:31,Cash,7.832751072
173-82-9529,B,karur,Normal,Female,Fashion accessories,37.95,9,379.5,18.975,440.48,42.00,1/26/2022,14:51,Cash,9.37996116
563-36-9814,A,Trichy,Member,Male,Electronic accessories,76.82,1,76.82,3.841,106.66,26.00,2/13/2022,18:27,Ewallet,6.962445397
308-47-4913,A,Trichy,Member,Female,Sports and travel,52.26,9,522.6,26.13,587.73,39.00,9/3/2022,12:45,Credit card,5.995439092
885-17-6250,A,Trichy,Normal,Female,Health and beauty,79.74,1,79.74,3.987,133.73,50.00,6/3/2022,10:36,Ewallet,7.059146027
726-27-2396,A,Trichy,Normal,Female,Health and beauty,77.5,4,387.5,19.375,452.88,46.00,1/24/2022,20:36,Ewallet,4.158127112
316-01-3952,A,Trichy,Normal,Female,Food and beverages,54.27,4,271.35,13.5675,310.92,26.00,3/13/2022,14:16,Ewallet,4.448229004
760-54-1821,B,karur,Normal,Male,Home and lifestyle,13.59,8,122.31,6.1155,162.43,34.00,3/15/2022,10:26,Cash,5.60863657
793-10-3222,B,karur,Member,Female,Health and beauty,41.06,5,246.36,12.318,298.68,40.00,5/3/2022,13:30,Credit card,8.026152333
346-12-3257,B,karur,Member,Male,Electronic accessories,19.24,8,173.16,8.658,226.82,45.00,4/3/2022,16:28,Cash,7.736050441
110-05-6330,C,Chennai,Normal,Female,Food and beverages,39.43,5,236.58,11.829,260.41,12.00,3/25/2022,20:18,Credit card,9.089859268
651-61-0874,C,Chennai,Normal,Male,Home and lifestyle,46.22,4,184.88,9.244,222.12,28.00,12/3/2022,20:04,Credit card,5.995439092
236-86-3015,C,Chennai,Member,Male,Home and lifestyle,13.98,1,13.98,0.699,40.68,26.00,4/2/2022,13:38,Ewallet,9.47666179
831-64-0259,B,karur,Normal,Female,Fashion accessories,39.75,4,198.75,9.9375,236.69,28.00,2/22/2022,10:43,Ewallet,9.283260529
587-03-7455,C,Chennai,Member,Female,Fashion accessories,97.79,6,684.53,34.2265,766.76,48.00,2/16/2022,17:30,Ewallet,4.738330895
882-40-4577,A,Trichy,Member,Male,Sports and travel,67.26,4,269.04,13.452,317.49,35.00,1/19/2022,15:28,Credit card,7.736050441
732-67-5346,A,Trichy,Normal,Male,Food and beverages,13.79,4,68.95,3.4475,118.40,46.00,11/1/2022,19:07,Credit card,7.54264918
725-32-9708,B,karur,Member,Female,Fashion accessories,68.71,4,274.84,13.742,322.58,34.00,4/1/2022,19:01,Cash,3.964725851
256-08-8343,A,Trichy,Normal,Female,Home and lifestyle,56.53,4,226.12,11.306,280.43,43.00,4/3/2022,19:48,Ewallet,5.318534678
372-26-1506,C,Chennai,Normal,Female,Fashion accessories,23.82,4,119.1,5.955,170.06,45.00,1/28/2022,19:24,Ewallet,5.221834048
244-08-0162,B,karur,Normal,Female,Health and beauty,34.21,9,342.1,17.105,400.21,41.00,2/1/2022,13:00,Cash,4.931732156
569-71-4390,B,karur,Normal,Male,Sports and travel,21.87,2,43.74,2.187,58.93,13.00,1/25/2022,14:29,Ewallet,6.672343505
132-23-6451,A,Trichy,Member,Male,Health and beauty,20.97,4,104.85,5.2425,137.09,27.00,4/1/2022,13:21,Cash,7.54264918
696-90-2548,A,Trichy,Normal,Male,Sports and travel,25.84,3,77.52,3.876,124.40,43.00,10/3/2022,18:55,Ewallet,6.382241614
472-15-9636,A,Trichy,Normal,Male,Home and lifestyle,50.93,7,407.44,20.372,473.81,46.00,3/22/2022,19:36,Ewallet,8.896458007
268-03-6164,B,karur,Normal,Male,Health and beauty,96.11,1,96.11,4.8055,110.92,10.00,1/25/2022,16:28,Ewallet,7.54264918
750-57-9686,C,Chennai,Normal,Female,Home and lifestyle,45.38,4,181.52,9.076,236.60,46.00,8/1/2022,13:48,Credit card,8.412954855
186-09-3669,C,Chennai,Member,Female,Health and beauty,81.51,1,81.51,4.0755,130.59,45.00,1/22/2022,10:57,Ewallet,8.896458007
848-07-1692,B,karur,Normal,Female,Health and beauty,57.22,2,114.44,5.722,166.16,46.00,12/1/2022,17:13,Ewallet,8.026152333
745-71-3520,A,Trichy,Member,Female,Electronic accessories,25.22,6,176.54,8.827,224.37,39.00,4/2/2022,10:23,Cash,7.929451702
266-76-6436,C,Chennai,Member,Female,Food and beverages,38.6,3,115.8,5.79,132.59,11.00,3/28/2022,13:57,Ewallet,7.252547288
740-22-2500,C,Chennai,Normal,Female,Electronic accessories,84.05,3,252.15,12.6075,302.76,38.00,1/23/2022,13:29,Cash,9.47666179
271-88-8734,C,Chennai,Member,Female,Fashion accessories,97.21,9,972.1,48.605,1046.71,26.00,8/2/2022,13:00,Credit card,8.412954855
301-81-8610,B,karur,Member,Male,Fashion accessories,25.42,7,203.36,10.168,244.53,31.00,3/19/2022,19:42,Credit card,6.478942244
489-64-4354,C,Chennai,Normal,Male,Fashion accessories,16.28,1,16.28,0.814,44.09,27.00,9/3/2022,15:36,Cash,4.835031526
198-84-7132,B,karur,Member,Male,Fashion accessories,40.61,8,365.49,18.2745,423.76,40.00,2/1/2022,13:40,Cash,6.769044136
269-10-8440,A,Trichy,Member,Male,Health and beauty,53.17,6,372.19,18.6095,439.80,49.00,1/21/2022,18:01,Cash,8.606356116
650-98-6268,B,karur,Member,Female,Food and beverages,20.87,3,62.61,3.1305,92.74,27.00,3/20/2022,13:53,Credit card,7.736050441
741-73-3559,B,karur,Normal,Male,Sports and travel,67.27,4,336.35,16.8175,365.17,12.00,2/27/2022,17:27,Cash,6.672343505
325-77-6186,A,Trichy,Member,Female,Home and lifestyle,90.65,9,906.5,45.325,972.83,21.00,8/3/2022,10:53,Ewallet,7.059146027
286-75-7818,B,karur,Normal,Male,Fashion accessories,69.08,2,138.16,6.908,183.07,38.00,1/31/2022,19:48,Credit card,6.672343505
574-57-9721,C,Chennai,Normal,Male,Food and beverages,43.27,2,86.54,4.327,110.87,20.00,8/3/2022,16:53,Ewallet,5.511935939
459-50-7686,A,Trichy,Normal,Female,Electronic accessories,23.46,5,140.76,7.038,181.80,34.00,1/13/2022,19:14,Ewallet,6.188840353
616-87-0016,B,karur,Normal,Male,Fashion accessories,95.54,6,668.78,33.439,721.22,19.00,9/3/2022,14:36,Credit card,9.283260529
837-55-7229,B,karur,Normal,Female,Fashion accessories,47.44,1,47.44,2.372,84.81,35.00,2/22/2022,18:19,Credit card,6.575642875
751-69-0068,C,Chennai,Normal,Male,Sports and travel,99.24,8,893.16,44.658,978.82,41.00,3/19/2022,19:09,Ewallet,8.703056746
257-73-1380,C,Chennai,Member,Male,Sports and travel,82.93,4,331.72,16.586,394.31,46.00,1/20/2022,16:51,Ewallet,9.283260529
345-08-4992,A,Trichy,Normal,Male,Home and lifestyle,33.99,5,203.94,10.197,235.14,21.00,8/3/2022,15:37,Credit card,7.44594855
549-96-4200,C,Chennai,Member,Male,Food and beverages,17.04,4,68.16,3.408,83.57,12.00,8/3/2022,20:15,Ewallet,6.769044136
810-60-6344,C,Chennai,Normal,Female,Electronic accessories,40.86,7,326.88,16.344,378.22,35.00,7/2/2022,14:38,Credit card,6.285540983
450-28-2866,C,Chennai,Member,Male,Food and beverages,17.44,4,87.2,4.36,117.56,26.00,1/15/2022,19:25,Cash,7.832751072
394-30-3170,B,karur,Member,Female,Sports and travel,88.43,7,707.44,35.372,764.81,22.00,3/22/2022,19:35,Credit card,4.158127112
138-17-5109,A,Trichy,Member,Female,Home and lifestyle,89.21,8,802.89,40.1445,893.03,50.00,1/15/2022,15:42,Credit card,6.285540983
192-98-7397,C,Chennai,Normal,Male,Fashion accessories,12.78,1,12.78,0.639,52.42,39.00,8/1/2022,14:11,Ewallet,9.186559899
301-11-9629,A,Trichy,Normal,Female,Sports and travel,19.1,6,133.7,6.685,180.39,40.00,1/15/2022,10:43,Cash,9.37996116
390-80-5128,B,karur,Member,Female,Health and beauty,19.15,1,19.15,0.9575,62.11,42.00,1/28/2022,17:58,Credit card,9.186559899
235-46-8343,C,Chennai,Member,Male,Food and beverages,27.66,9,276.6,13.83,340.43,50.00,2/14/2022,11:26,Credit card,8.606356116
453-12-7053,C,Chennai,Normal,Male,Fashion accessories,45.74,3,137.22,6.861,160.08,16.00,10/3/2022,17:38,Credit card,6.285540983
296-11-7041,B,karur,Member,Female,Health and beauty,27.07,1,27.07,1.3535,60.42,32.00,12/1/2022,20:07,Credit card,5.125133417
449-27-2918,B,karur,Member,Female,Sports and travel,39.12,1,39.12,1.956,72.08,31.00,3/26/2022,11:02,Credit card,9.283260529
891-01-7034,B,karur,Normal,Female,Electronic accessories,74.71,5,448.26,22.413,513.67,43.00,1/1/2022,19:07,Cash,6.478942244
744-09-5786,B,karur,Normal,Male,Electronic accessories,22.01,5,132.06,6.603,154.66,16.00,2/1/2022,18:50,Cash,7.349247919
727-17-0390,A,Trichy,Normal,Female,Food and beverages,63.61,4,318.05,15.9025,364.95,31.00,3/16/2022,12:43,Ewallet,4.641630265
568-88-3448,A,Trichy,Normal,Male,Health and beauty,25,1,25,1.25,57.25,31.00,3/3/2022,15:09,Ewallet,5.318534678
187-83-5490,A,Trichy,Member,Male,Electronic accessories,20.77,4,83.08,4.154,120.23,33.00,1/31/2022,13:47,Cash,4.544929634
767-54-1907,B,karur,Member,Female,Fashion accessories,29.56,4,147.8,7.39,166.19,11.00,2/13/2022,16:59,Cash,6.672343505
710-46-4433,B,karur,Member,Female,Food and beverages,77.4,8,696.6,34.83,770.43,39.00,2/15/2022,14:15,Credit card,4.351528373
533-33-5337,B,karur,Normal,Male,Electronic accessories,79.39,9,793.9,39.695,849.60,16.00,7/2/2022,20:24,Cash,5.995439092
325-90-8763,C,Chennai,Member,Female,Electronic accessories,46.57,9,465.7,23.285,528.99,40.00,1/27/2022,13:58,Cash,7.349247919
729-46-7422,C,Chennai,Normal,Male,Food and beverages,35.89,1,35.89,1.7945,61.68,24.00,2/23/2022,16:52,Credit card,7.639349811
639-76-1242,C,Chennai,Normal,Male,Food and beverages,40.52,4,202.6,10.13,233.73,21.00,3/2/2022,15:19,Cash,4.351528373
234-03-4040,B,karur,Member,Female,Food and beverages,73.05,9,730.5,36.525,782.03,15.00,3/3/2022,12:25,Credit card,8.412954855
326-71-2155,C,Chennai,Normal,Female,Sports and travel,73.95,4,295.8,14.79,325.59,15.00,3/2/2022,10:02,Cash,5.898738461
320-32-8842,C,Chennai,Member,Female,Food and beverages,22.62,1,22.62,1.131,61.75,38.00,3/17/2022,18:58,Cash,6.188840353
470-32-9057,A,Trichy,Member,Male,Food and beverages,51.34,4,256.7,12.835,312.54,43.00,3/28/2022,15:31,Credit card,8.799757377
878-30-2331,C,Chennai,Member,Female,Sports and travel,54.55,9,545.5,27.275,590.78,18.00,2/3/2022,11:22,Credit card,6.865744766
440-59-5691,C,Chennai,Member,Female,Health and beauty,37.15,6,260.05,13.0025,320.05,47.00,8/2/2022,13:12,Credit card,7.44594855
554-53-3790,B,karur,Normal,Male,Sports and travel,37.02,5,222.12,11.106,257.23,24.00,3/22/2022,18:33,Cash,4.351528373
746-19-0921,C,Chennai,Normal,Male,Food and beverages,21.58,1,21.58,1.079,38.66,16.00,9/2/2022,10:02,Ewallet,6.962445397
233-34-0817,C,Chennai,Member,Female,Electronic accessories,98.84,1,98.84,4.942,121.78,18.00,2/15/2022,11:21,Cash,8.122852963
767-05-1286,C,Chennai,Member,Female,Home and lifestyle,83.77,5,502.62,25.131,576.75,49.00,1/23/2022,12:10,Ewallet,5.221834048
340-21-9136,A,Trichy,Member,Female,Sports and travel,40.05,4,160.2,8.01,192.21,24.00,1/25/2022,11:40,Cash,9.37996116
405-31-3305,A,Trichy,Member,Male,Fashion accessories,43.13,9,431.3,21.565,480.87,28.00,2/2/2022,18:31,Credit card,5.318534678
731-59-7531,B,karur,Member,Male,Health and beauty,72.57,7,580.56,29.028,626.59,17.00,3/30/2022,17:58,Cash,4.448229004
676-39-6028,A,Trichy,Member,Female,Electronic accessories,64.44,4,322.2,16.11,385.31,47.00,3/30/2022,17:04,Cash,6.382241614
502-05-1910,A,Trichy,Normal,Male,Health and beauty,65.18,3,195.54,9.777,242.32,37.00,2/25/2022,20:35,Credit card,6.092139722
485-30-8700,A,Trichy,Normal,Female,Sports and travel,33.26,4,166.3,8.315,185.62,11.00,3/18/2022,16:10,Credit card,4.061426482
598-47-9715,C,Chennai,Normal,Male,Electronic accessories,84.07,4,336.28,16.814,373.09,20.00,7/3/2022,16:54,Ewallet,4.254827743
701-69-8742,B,karur,Normal,Male,Sports and travel,34.37,9,343.7,17.185,401.89,41.00,3/16/2022,10:11,Ewallet,6.478942244
575-67-1508,A,Trichy,Normal,Male,Electronic accessories,38.6,1,38.6,1.93,66.53,26.00,1/29/2022,11:26,Ewallet,6.478942244
541-08-3113,C,Chennai,Normal,Male,Food and beverages,65.97,7,527.76,26.388,597.15,43.00,2/2/2022,20:29,Cash,8.122852963
246-11-3901,C,Chennai,Normal,Female,Electronic accessories,32.8,9,328,16.4,388.40,44.00,2/15/2022,12:12,Cash,5.995439092
674-15-9296,A,Trichy,Normal,Male,Sports and travel,37.14,4,185.7,9.285,238.99,44.00,8/1/2022,13:05,Ewallet,4.835031526
305-18-3552,B,karur,Member,Male,Home and lifestyle,60.38,9,603.8,30.19,654.99,21.00,12/2/2022,16:19,Cash,5.802037831
493-65-6248,C,Chennai,Member,Female,Sports and travel,36.98,9,369.8,18.49,416.29,28.00,1/1/2022,19:48,Credit card,6.769044136
438-01-4015,B,karur,Member,Female,Sports and travel,49.49,4,197.96,9.898,231.86,24.00,3/21/2022,15:25,Ewallet,6.382241614
709-58-4068,B,karur,Normal,Female,Fashion accessories,41.09,9,410.9,20.545,476.45,45.00,2/28/2022,14:42,Cash,7.059146027
795-49-7276,A,Trichy,Normal,Male,Fashion accessories,37.15,4,148.6,7.43,196.03,40.00,3/23/2022,18:59,Ewallet,8.026152333
556-72-8512,C,Chennai,Normal,Male,Home and lifestyle,22.96,1,22.96,1.148,44.11,20.00,1/30/2022,20:47,Cash,4.158127112
627-95-3243,B,karur,Member,Female,Home and lifestyle,77.68,8,699.12,34.956,775.08,41.00,4/2/2022,13:21,Ewallet,9.47666179
686-41-0932,B,karur,Normal,Female,Fashion accessories,34.7,2,69.4,3.47,107.87,35.00,3/13/2022,19:48,Ewallet,7.929451702
510-09-5628,A,Trichy,Member,Female,Fashion accessories,19.66,9,196.6,9.83,218.43,12.00,3/15/2022,18:20,Credit card,6.962445397
608-04-3797,B,karur,Member,Female,Health and beauty,25.32,7,202.56,10.128,258.69,46.00,5/3/2022,20:24,Ewallet,8.412954855
148-82-2527,C,Chennai,Member,Female,Home and lifestyle,12.12,9,121.2,6.06,174.26,47.00,5/3/2022,13:44,Credit card,8.122852963
437-53-3084,B,karur,Normal,Male,Fashion accessories,99.89,2,199.78,9.989,225.77,16.00,2/26/2022,11:48,Ewallet,6.865744766
632-32-4574,B,karur,Normal,Male,Sports and travel,75.92,7,607.36,30.368,687.73,50.00,3/20/2022,14:14,Cash,5.318534678
556-97-7101,C,Chennai,Normal,Female,Electronic accessories,63.22,2,126.44,6.322,150.76,18.00,1/1/2022,15:51,Cash,8.219553594
862-59-8517,C,Chennai,Normal,Female,Food and beverages,90.24,5,541.44,27.072,599.51,31.00,1/27/2022,11:17,Cash,5.995439092
401-18-8016,B,karur,Member,Female,Sports and travel,98.13,1,98.13,4.9065,122.04,19.00,1/21/2022,17:36,Cash,8.606356116
420-18-8989,A,Trichy,Member,Female,Sports and travel,51.52,7,412.16,20.608,454.77,22.00,2/2/2022,15:47,Cash,9.283260529
277-63-2961,B,karur,Member,Male,Sports and travel,73.97,1,73.97,3.6985,106.67,29.00,3/2/2022,15:53,Credit card,5.221834048
573-98-8548,C,Chennai,Member,Female,Fashion accessories,31.9,1,31.9,1.595,79.50,46.00,5/1/2022,12:40,Ewallet,8.799757377
620-02-2046,C,Chennai,Normal,Male,Home and lifestyle,69.4,2,138.8,6.94,176.74,31.00,1/27/2022,19:48,Ewallet,8.703056746
282-35-2475,B,karur,Normal,Female,Sports and travel,93.31,2,186.62,9.331,230.95,35.00,3/25/2022,17:53,Cash,6.092139722
511-54-3087,B,karur,Normal,Male,Sports and travel,88.45,1,88.45,4.4225,122.87,30.00,2/25/2022,16:36,Credit card,9.186559899
726-29-6793,A,Trichy,Member,Male,Electronic accessories,24.18,7,193.44,9.672,230.11,27.00,1/28/2022,20:54,Ewallet,9.47666179
387-49-4215,B,karur,Member,Female,Sports and travel,48.5,3,145.5,7.275,164.78,12.00,8/1/2022,12:50,Cash,6.478942244
862-17-9201,B,karur,Normal,Female,Food and beverages,84.05,5,504.3,25.215,576.52,47.00,1/29/2022,10:48,Credit card,7.44594855
291-21-5991,B,karur,Member,Male,Health and beauty,61.29,4,306.45,15.3225,359.77,38.00,3/29/2022,14:28,Cash,6.769044136
602-80-9671,C,Chennai,Member,Female,Home and lifestyle,15.95,5,95.7,4.785,118.49,18.00,9/2/2022,17:15,Credit card,4.931732156
347-72-6115,B,karur,Member,Female,Sports and travel,90.74,6,635.18,31.759,696.94,30.00,1/16/2022,18:03,Credit card,5.995439092
209-61-0206,A,Trichy,Normal,Female,Home and lifestyle,42.91,4,214.55,10.7275,274.28,49.00,5/1/2022,17:29,Ewallet,5.898738461
595-27-4851,A,Trichy,Normal,Female,Fashion accessories,54.28,6,379.96,18.998,437.96,39.00,1/27/2022,18:05,Ewallet,8.993158638
189-52-0236,A,Trichy,Normal,Male,Electronic accessories,99.55,6,696.85,34.8425,755.69,24.00,3/14/2022,12:07,Cash,7.349247919
503-07-0930,C,Chennai,Member,Male,Sports and travel,58.39,6,408.73,20.4365,455.17,26.00,2/23/2022,19:49,Credit card,7.929451702
413-20-6708,C,Chennai,Member,Female,Fashion accessories,51.47,1,51.47,2.5735,71.04,17.00,3/18/2022,15:52,Ewallet,8.219553594
425-85-2085,B,karur,Member,Male,Health and beauty,54.86,4,274.3,13.715,317.02,29.00,3/29/2022,16:48,Ewallet,9.47666179
521-18-7827,C,Chennai,Member,Male,Home and lifestyle,39.39,4,196.95,9.8475,256.80,50.00,1/22/2022,20:46,Credit card,8.412954855
220-28-1851,A,Trichy,Normal,Male,Home and lifestyle,34.73,2,69.46,3.473,103.93,31.00,1/3/2022,18:14,Ewallet,9.37996116
600-38-9738,C,Chennai,Member,Male,Sports and travel,71.92,4,359.6,17.98,395.58,18.00,1/17/2022,15:05,Credit card,4.158127112
734-91-1155,B,karur,Normal,Female,Electronic accessories,45.71,3,137.13,6.8565,188.99,45.00,3/26/2022,10:34,Credit card,7.44594855
451-28-5717,C,Chennai,Member,Female,Home and lifestyle,83.17,5,499.02,24.951,533.97,10.00,3/20/2022,11:23,Cash,7.059146027
609-81-8548,A,Trichy,Member,Female,Home and lifestyle,37.44,5,224.64,11.232,276.87,41.00,6/2/2022,13:55,Credit card,5.7053372
133-14-7229,C,Chennai,Normal,Male,Health and beauty,62.87,2,125.74,6.287,167.03,35.00,1/1/2022,11:43,Cash,4.835031526
534-01-4457,A,Trichy,Normal,Male,Food and beverages,81.71,5,490.26,24.513,531.77,17.00,1/27/2022,14:36,Credit card,7.736050441
719-89-8991,A,Trichy,Member,Female,Sports and travel,91.41,4,457.05,22.8525,494.90,15.00,2/25/2022,16:03,Ewallet,6.865744766
286-62-6248,B,karur,Normal,Male,Fashion accessories,39.21,4,156.84,7.842,212.68,48.00,1/16/2022,20:03,Credit card,8.703056746
339-38-9982,B,karur,Member,Male,Fashion accessories,59.86,2,119.72,5.986,154.71,29.00,1/13/2022,14:55,Ewallet,6.478942244
827-44-5872,B,karur,Member,Female,Food and beverages,54.36,9,543.6,27.18,609.78,39.00,7/2/2022,11:28,Credit card,5.898738461
827-77-7633,A,Trichy,Normal,Male,Sports and travel,98.09,8,882.81,44.1405,951.95,25.00,2/17/2022,19:41,Cash,8.993158638
287-83-1405,A,Trichy,Normal,Male,Health and beauty,25.43,5,152.58,7.629,193.21,33.00,12/2/2022,19:01,Ewallet,6.769044136
435-13-4908,A,Trichy,Member,Male,Fashion accessories,86.68,7,693.44,34.672,758.11,30.00,1/24/2022,18:04,Credit card,6.962445397
857-67-9057,B,karur,Normal,Male,Electronic accessories,22.95,9,229.5,11.475,262.98,22.00,6/2/2022,19:20,Ewallet,7.929451702
236-27-1144,C,Chennai,Normal,Female,Food and beverages,16.31,8,146.79,7.3395,177.13,23.00,3/26/2022,10:31,Ewallet,8.122852963
892-05-6689,A,Trichy,Normal,Female,Home and lifestyle,28.32,4,141.6,7.08,159.68,11.00,11/3/2022,13:28,Ewallet,5.995439092
583-41-4548,C,Chennai,Normal,Male,Home and lifestyle,16.67,6,116.69,5.8345,139.52,17.00,7/2/2022,11:36,Ewallet,7.155846658
339-12-4827,B,karur,Member,Female,Fashion accessories,73.96,1,73.96,3.698,105.66,28.00,5/1/2022,11:32,Credit card,4.835031526
643-38-7867,A,Trichy,Normal,Male,Home and lifestyle,97.94,1,97.94,4.897,130.84,28.00,7/3/2022,11:44,Ewallet,6.672343505
308-81-0538,A,Trichy,Normal,Female,Fashion accessories,73.05,4,292.2,14.61,322.81,16.00,2/25/2022,17:16,Credit card,4.738330895
358-88-9262,C,Chennai,Member,Female,Food and beverages,87.48,5,524.88,26.244,595.12,44.00,1/2/2022,18:43,Ewallet,4.931732156
460-35-4390,A,Trichy,Normal,Male,Home and lifestyle,30.68,3,92.04,4.602,140.64,44.00,1/22/2022,11:00,Ewallet,8.799757377
343-87-0864,C,Chennai,Member,Male,Health and beauty,75.88,1,75.88,3.794,127.67,48.00,3/1/2022,10:30,Credit card,6.865744766
173-50-1108,B,karur,Member,Female,Sports and travel,20.18,4,80.72,4.036,128.76,44.00,2/13/2022,12:14,Credit card,4.835031526
243-47-2663,C,Chennai,Member,Male,Electronic accessories,18.77,5,112.62,5.631,168.25,50.00,1/28/2022,16:43,Credit card,5.318534678
841-18-8232,B,karur,Normal,Female,Food and beverages,71.2,1,71.2,3.56,101.76,27.00,5/1/2022,20:40,Credit card,8.896458007
701-23-5550,B,karur,Member,Male,Home and lifestyle,38.81,4,155.24,7.762,207.00,44.00,3/19/2022,13:40,Ewallet,4.738330895
647-50-1224,A,Trichy,Normal,Female,Fashion accessories,29.42,9,294.2,14.71,338.91,30.00,12/1/2022,16:23,Ewallet,8.606356116
541-48-8554,A,Trichy,Normal,Male,Sports and travel,60.95,8,548.55,27.4275,601.98,26.00,7/1/2022,12:08,Credit card,5.802037831
539-21-7227,B,karur,Normal,Female,Sports and travel,51.54,4,257.7,12.885,283.59,13.00,1/26/2022,17:45,Cash,4.061426482
213-32-1216,A,Trichy,Normal,Female,Electronic accessories,66.06,5,396.36,19.818,443.18,27.00,1/23/2022,10:28,Cash,7.059146027
747-58-7183,B,karur,Normal,Male,Fashion accessories,57.27,3,171.81,8.5905,207.40,27.00,9/2/2022,20:31,Ewallet,6.285540983
582-52-8065,B,karur,Normal,Female,Fashion accessories,54.31,8,488.79,24.4395,541.23,28.00,2/22/2022,10:49,Cash,8.606356116
210-57-1719,B,karur,Normal,Female,Health and beauty,58.24,8,524.16,26.208,570.37,20.00,5/2/2022,12:34,Cash,9.37996116
399-69-4630,C,Chennai,Normal,Male,Electronic accessories,22.21,5,133.26,6.663,183.92,44.00,7/3/2022,10:23,Credit card,8.316254224
134-75-2619,A,Trichy,Member,Male,Electronic accessories,19.32,6,135.24,6.762,167.00,25.00,3/25/2022,18:51,Cash,6.672343505
356-44-8813,B,karur,Normal,Male,Home and lifestyle,37.48,3,112.44,5.622,132.06,14.00,1/20/2022,13:45,Credit card,7.44594855
198-66-9832,B,karur,Member,Female,Fashion accessories,72.04,2,144.08,7.204,162.28,11.00,4/2/2022,19:38,Cash,9.186559899
283-26-5248,C,Chennai,Member,Female,Food and beverages,98.52,9,985.2,49.26,1074.46,40.00,1/30/2022,20:23,Ewallet,4.351528373
712-39-0363,A,Trichy,Member,Male,Food and beverages,41.66,5,249.96,12.498,283.46,21.00,2/1/2022,15:24,Ewallet,5.415235309
218-59-9410,A,Trichy,Member,Female,Home and lifestyle,72.42,3,217.26,10.863,278.12,50.00,3/29/2022,16:54,Ewallet,7.929451702
174-75-0888,B,karur,Normal,Male,Electronic accessories,21.58,8,194.22,9.711,214.93,11.00,3/14/2022,12:32,Cash,7.059146027
866-99-7614,C,Chennai,Normal,Male,Food and beverages,89.2,9,892,44.6,957.60,21.00,11/2/2022,15:42,Credit card,4.254827743
134-54-4720,B,karur,Normal,Female,Electronic accessories,42.42,7,339.36,16.968,401.33,45.00,1/30/2022,13:58,Ewallet,5.511935939
760-90-2357,A,Trichy,Member,Male,Electronic accessories,74.51,5,447.06,22.353,498.41,29.00,3/20/2022,15:08,Ewallet,4.835031526
514-37-2845,B,karur,Normal,Male,Fashion accessories,99.25,2,198.5,9.925,236.43,28.00,3/20/2022,13:02,Cash,8.703056746
698-98-5964,A,Trichy,Normal,Female,Food and beverages,81.21,9,812.1,40.605,885.71,33.00,1/17/2022,13:01,Credit card,6.092139722
718-57-9773,C,Chennai,Normal,Female,Sports and travel,49.33,9,493.3,24.665,551.97,34.00,3/2/2022,16:40,Credit card,9.089859268
651-88-7328,A,Trichy,Normal,Female,Fashion accessories,65.74,8,591.66,29.583,647.24,26.00,1/1/2022,13:55,Cash,7.44594855
241-11-2261,B,karur,Normal,Female,Fashion accessories,79.86,6,559.02,27.951,613.97,27.00,10/1/2022,10:33,Credit card,5.318534678
408-26-9866,C,Chennai,Normal,Female,Sports and travel,73.98,6,517.86,25.893,584.75,41.00,2/3/2022,16:42,Ewallet,3.964725851
834-83-1826,B,karur,Member,Female,Home and lifestyle,82.04,4,410.2,20.51,446.71,16.00,2/25/2022,17:16,Credit card,7.349247919
343-61-3544,B,karur,Member,Male,Sports and travel,26.67,9,266.7,13.335,326.04,46.00,1/29/2022,11:48,Cash,8.316254224
239-48-4278,A,Trichy,Member,Male,Food and beverages,10.13,6,70.91,3.5455,97.46,23.00,10/3/2022,19:35,Ewallet,8.026152333
355-34-6244,B,karur,Normal,Male,Food and beverages,72.39,2,144.78,7.239,167.02,15.00,1/13/2022,19:55,Credit card,7.832751072
550-84-8664,A,Trichy,Normal,Male,Sports and travel,85.91,4,429.55,21.4775,486.03,35.00,3/22/2022,14:33,Credit card,8.316254224
339-96-8318,B,karur,Member,Male,Fashion accessories,81.31,6,569.17,28.4585,631.63,34.00,1/3/2022,19:49,Ewallet,6.092139722
458-61-0011,B,karur,Normal,Male,Food and beverages,60.3,4,241.2,12.06,303.26,50.00,2/20/2022,18:43,Cash,5.60863657
592-34-6155,C,Chennai,Normal,Male,Food and beverages,31.77,4,127.08,6.354,170.43,37.00,1/14/2022,14:43,Ewallet,5.995439092
797-88-0493,A,Trichy,Normal,Female,Health and beauty,64.27,4,257.08,12.854,303.93,34.00,3/26/2022,13:54,Cash,7.44594855
207-73-1363,B,karur,Normal,Male,Health and beauty,69.51,2,139.02,6.951,184.97,39.00,1/3/2022,12:15,Ewallet,7.832751072
390-31-6381,C,Chennai,Normal,Male,Food and beverages,27.22,3,81.66,4.083,115.74,30.00,7/1/2022,12:37,Cash,7.059146027
443-82-0585,A,Trichy,Member,Female,Health and beauty,77.68,4,310.72,15.536,376.26,50.00,1/2/2022,19:54,Cash,8.122852963
339-18-7061,C,Chennai,Member,Female,Fashion accessories,92.98,2,185.96,9.298,235.26,40.00,2/13/2022,15:06,Credit card,7.736050441
359-90-3665,B,karur,Member,Female,Fashion accessories,18.08,4,72.32,3.616,124.94,49.00,1/14/2022,18:03,Credit card,9.186559899
375-72-3056,B,karur,Normal,Male,Sports and travel,63.06,3,189.18,9.459,228.64,30.00,1/19/2022,15:58,Ewallet,6.769044136
127-47-6963,A,Trichy,Normal,Male,Health and beauty,51.71,4,206.84,10.342,251.18,34.00,9/3/2022,13:53,Credit card,9.47666179
278-86-2735,A,Trichy,Normal,Female,Food and beverages,52.34,3,157.02,7.851,201.87,37.00,3/27/2022,14:03,Cash,8.896458007
695-28-6250,A,Trichy,Normal,Female,Sports and travel,43.06,4,215.3,10.765,240.07,14.00,4/2/2022,16:38,Ewallet,7.44594855
379-17-6588,C,Chennai,Normal,Male,Fashion accessories,59.61,9,596.1,29.805,638.91,13.00,3/14/2022,11:07,Cash,5.125133417
227-50-3718,A,Trichy,Normal,Male,Health and beauty,14.62,4,73.1,3.655,112.76,36.00,4/3/2022,12:23,Cash,4.254827743
302-15-2162,C,Chennai,Member,Male,Health and beauty,46.53,5,279.18,13.959,313.14,20.00,3/3/2022,10:54,Credit card,4.158127112
788-07-8452,C,Chennai,Member,Female,Home and lifestyle,24.24,6,169.68,8.484,216.16,38.00,1/27/2022,17:38,Ewallet,9.089859268
560-49-6611,A,Trichy,Member,Female,Sports and travel,45.58,1,45.58,2.279,86.86,39.00,7/2/2022,14:13,Cash,9.47666179
880-35-0356,A,Trichy,Member,Female,Sports and travel,75.2,3,225.6,11.28,282.88,46.00,5/2/2022,11:51,Ewallet,4.641630265
585-11-6748,B,karur,Member,Male,Sports and travel,96.8,3,290.4,14.52,315.92,11.00,3/15/2022,13:05,Cash,5.125133417
470-31-3286,B,karur,Normal,Male,Health and beauty,14.82,3,44.46,2.223,84.68,38.00,1/3/2022,11:30,Credit card,8.412954855
152-68-2907,A,Trichy,Normal,Male,Food and beverages,52.2,3,156.6,7.83,174.43,10.00,2/15/2022,13:30,Credit card,9.186559899
123-35-4896,C,Chennai,Normal,Female,Sports and travel,46.66,8,419.94,20.997,475.94,35.00,2/17/2022,19:11,Ewallet,5.125133417
258-69-7810,C,Chennai,Normal,Female,Fashion accessories,36.85,4,184.25,9.2125,237.46,44.00,1/26/2022,18:53,Cash,8.896458007
334-64-2006,A,Trichy,Member,Female,Home and lifestyle,70.32,2,140.64,7.032,185.67,38.00,3/24/2022,14:22,Ewallet,9.283260529
219-61-4139,C,Chennai,Normal,Male,Electronic accessories,83.08,1,83.08,4.154,131.23,44.00,1/23/2022,17:16,Ewallet,6.188840353
881-41-7302,C,Chennai,Normal,Female,Fashion accessories,64.99,1,64.99,3.2495,105.24,37.00,1/26/2022,10:06,Credit card,4.351528373
373-09-4567,C,Chennai,Normal,Male,Food and beverages,77.56,9,775.6,38.78,827.38,13.00,3/14/2022,20:35,Ewallet,6.672343505
642-30-6693,B,karur,Normal,Female,Sports and travel,54.51,5,327.06,16.353,362.41,19.00,3/17/2022,13:54,Ewallet,7.54264918
484-22-8230,C,Chennai,Member,Female,Fashion accessories,51.89,6,363.23,18.1615,406.39,25.00,8/1/2022,20:08,Cash,4.351528373
830-58-2383,B,karur,Normal,Male,Home and lifestyle,31.75,4,127,6.35,145.35,12.00,8/2/2022,15:26,Cash,8.316254224
559-98-9873,A,Trichy,Member,Female,Fashion accessories,53.65,6,375.55,18.7775,442.33,48.00,10/2/2022,12:56,Ewallet,5.028432787
544-32-5024,C,Chennai,Member,Female,Food and beverages,49.79,4,199.16,9.958,224.12,15.00,3/28/2022,19:16,Credit card,6.188840353
318-12-0304,A,Trichy,Normal,Male,Fashion accessories,30.61,1,30.61,1.5305,46.14,14.00,1/23/2022,12:20,Ewallet,5.028432787
349-97-8902,B,karur,Member,Male,Food and beverages,57.89,2,115.78,5.789,135.57,14.00,1/17/2022,10:37,Ewallet,8.606356116
421-95-9805,A,Trichy,Normal,Female,Electronic accessories,28.96,1,28.96,1.448,55.41,25.00,7/2/2022,10:18,Credit card,5.995439092
277-35-5865,C,Chennai,Member,Female,Food and beverages,98.97,8,890.73,44.5365,965.27,30.00,9/3/2022,11:23,Cash,6.478942244
789-23-8625,B,karur,Member,Male,Fashion accessories,93.22,3,279.66,13.983,303.64,10.00,1/24/2022,11:45,Cash,6.962445397
284-54-4231,C,Chennai,Member,Male,Sports and travel,80.93,1,80.93,4.0465,105.98,21.00,1/19/2022,16:08,Credit card,8.703056746
443-59-0061,A,Trichy,Member,Male,Food and beverages,67.45,9,674.5,33.725,736.23,28.00,3/2/2022,11:25,Ewallet,4.061426482
509-29-3912,A,Trichy,Member,Female,Sports and travel,38.72,8,348.48,17.424,406.90,41.00,3/20/2022,12:24,Ewallet,4.061426482
327-40-9673,B,karur,Member,Male,Sports and travel,72.6,5,435.6,21.78,490.38,33.00,1/13/2022,19:51,Cash,6.672343505
840-19-2096,C,Chennai,Member,Male,Electronic accessories,87.91,4,439.55,21.9775,497.53,36.00,3/14/2022,18:10,Ewallet,4.254827743
828-46-6863,A,Trichy,Member,Male,Food and beverages,98.53,5,591.18,29.559,664.74,44.00,1/23/2022,11:22,Credit card,3.868025221
641-96-3695,C,Chennai,Member,Female,Fashion accessories,43.46,5,260.76,13.038,320.80,47.00,7/2/2022,17:55,Ewallet,8.219553594
420-97-3340,A,Trichy,Normal,Female,Food and beverages,71.68,3,215.04,10.752,275.79,50.00,3/28/2022,15:30,Credit card,8.896458007
436-54-4512,A,Trichy,Member,Female,Food and beverages,91.61,1,91.61,4.5805,145.19,49.00,3/20/2022,19:44,Cash,9.47666179
670-79-6321,B,karur,Member,Female,Home and lifestyle,94.59,6,662.13,33.1065,739.24,44.00,1/17/2022,15:27,Credit card,4.738330895
852-62-7105,B,karur,Normal,Female,Fashion accessories,83.25,9,832.5,41.625,915.13,41.00,12/1/2022,11:25,Credit card,4.254827743
598-06-7312,B,karur,Member,Male,Fashion accessories,91.35,1,91.35,4.5675,121.92,26.00,2/16/2022,15:42,Cash,6.575642875
135-13-8269,B,karur,Member,Female,Food and beverages,78.88,2,157.76,7.888,210.65,45.00,1/26/2022,16:04,Cash,8.799757377
816-57-2053,A,Trichy,Normal,Male,Sports and travel,60.87,2,121.74,6.087,163.83,36.00,9/3/2022,12:37,Ewallet,8.412954855
628-90-8624,B,karur,Member,Male,Health and beauty,82.58,9,825.8,41.29,904.09,37.00,3/14/2022,14:41,Cash,4.835031526
856-66-2701,A,Trichy,Member,Male,Home and lifestyle,53.3,3,159.9,7.995,201.90,34.00,1/25/2022,14:19,Ewallet,7.252547288
308-39-1707,A,Trichy,Normal,Female,Fashion accessories,12.09,1,12.09,0.6045,59.69,47.00,1/26/2022,18:19,Credit card,7.929451702
149-61-1929,A,Trichy,Normal,Male,Sports and travel,64.19,9,641.9,32.095,706.00,32.00,1/19/2022,14:08,Credit card,6.478942244
655-07-2265,A,Trichy,Normal,Male,Electronic accessories,78.31,3,234.93,11.7465,295.68,49.00,5/3/2022,16:38,Ewallet,5.221834048
589-02-8023,A,Trichy,Member,Male,Food and beverages,83.77,2,167.54,8.377,219.92,44.00,1/15/2022,10:54,Credit card,6.769044136
420-04-7590,B,karur,Normal,Male,Home and lifestyle,99.7,3,299.1,14.955,354.06,40.00,3/18/2022,11:29,Ewallet,4.544929634
182-88-2763,B,karur,Member,Male,Food and beverages,79.91,3,239.73,11.9865,267.72,16.00,3/20/2022,19:28,Credit card,4.835031526
188-55-0967,B,karur,Member,Male,Health and beauty,66.47,9,664.7,33.235,743.94,46.00,1/15/2022,15:01,Credit card,4.835031526
610-46-4100,A,Trichy,Normal,Male,Health and beauty,28.95,6,202.65,10.1325,229.78,17.00,3/3/2022,20:31,Credit card,5.802037831
318-81-2368,C,Chennai,Normal,Female,Electronic accessories,46.2,1,46.2,2.31,58.51,10.00,3/19/2022,12:16,Cash,6.092139722
364-33-8584,B,karur,Member,Female,Food and beverages,17.63,4,88.15,4.4075,126.56,34.00,8/3/2022,15:27,Cash,8.219553594
665-63-9737,B,karur,Normal,Male,Fashion accessories,52.42,3,157.26,7.863,201.12,36.00,2/27/2022,17:36,Ewallet,7.252547288
695-09-5146,B,karur,Member,Female,Food and beverages,98.79,3,296.37,14.8185,338.19,27.00,2/23/2022,20:00,Ewallet,6.188840353
155-45-3814,C,Chennai,Member,Female,Electronic accessories,88.55,7,708.4,35.42,781.82,38.00,3/19/2022,15:29,Ewallet,4.544929634
794-32-2436,B,karur,Member,Male,Electronic accessories,55.67,2,111.34,5.567,157.91,41.00,3/27/2022,15:08,Ewallet,5.802037831
131-15-8856,C,Chennai,Member,Female,Food and beverages,72.52,7,580.16,29.008,622.17,13.00,3/30/2022,19:26,Credit card,3.868025221
273-84-2164,C,Chennai,Member,Male,Electronic accessories,12.05,4,60.25,3.0125,87.26,24.00,2/16/2022,15:53,Ewallet,5.318534678
706-36-6154,A,Trichy,Member,Male,Home and lifestyle,19.36,8,174.24,8.712,215.95,33.00,1/18/2022,18:43,Ewallet,8.412954855
778-89-7974,C,Chennai,Normal,Male,Health and beauty,70.21,5,421.26,21.063,473.32,31.00,3/30/2022,14:58,Cash,7.155846658
574-31-8277,B,karur,Member,Male,Fashion accessories,33.63,1,33.63,1.6815,59.31,24.00,3/20/2022,19:55,Cash,5.415235309
859-71-0933,C,Chennai,Member,Female,Sports and travel,15.49,2,30.98,1.549,67.53,35.00,1/16/2022,15:10,Cash,6.092139722
740-11-5257,C,Chennai,Normal,Male,Electronic accessories,24.74,9,247.4,12.37,271.77,12.00,2/24/2022,16:44,Cash,6.865744766
369-82-2676,B,karur,Normal,Male,Electronic accessories,75.66,4,378.3,18.915,427.22,30.00,1/15/2022,18:22,Ewallet,7.54264918
563-47-4072,B,karur,Normal,Female,Health and beauty,55.81,5,334.86,16.743,400.60,49.00,1/22/2022,11:52,Cash,9.573362421
742-04-5161,A,Trichy,Member,Male,Home and lifestyle,72.78,9,727.8,36.39,796.19,32.00,3/2/2022,17:24,Cash,7.059146027
149-15-7606,B,karur,Member,Male,Sports and travel,37.32,8,335.88,16.794,388.67,36.00,6/3/2022,15:31,Ewallet,4.931732156
133-77-3154,B,karur,Member,Male,Fashion accessories,60.18,4,240.72,12.036,274.76,22.00,2/16/2022,18:04,Credit card,9.089859268
169-52-4504,A,Trichy,Normal,Female,Electronic accessories,15.69,3,47.07,2.3535,88.42,39.00,3/14/2022,14:13,Credit card,5.60863657
250-81-7186,C,Chennai,Normal,Female,Electronic accessories,99.69,1,99.69,4.9845,118.67,14.00,2/27/2022,10:23,Credit card,7.736050441
562-12-5430,A,Trichy,Member,Female,Fashion accessories,88.15,3,264.45,13.2225,320.67,43.00,1/18/2022,10:11,Ewallet,7.639349811
816-72-8853,A,Trichy,Member,Female,Sports and travel,27.93,4,139.65,6.9825,172.63,26.00,1/29/2022,15:48,Cash,5.7053372
491-38-3499,A,Trichy,Member,Male,Fashion accessories,55.45,1,55.45,2.7725,80.22,22.00,2/26/2022,17:46,Credit card,4.738330895
322-02-2271,B,karur,Normal,Female,Sports and travel,42.97,3,128.91,6.4455,158.36,23.00,3/2/2022,11:46,Cash,8.993158638
842-29-4695,C,Chennai,Member,Male,Sports and travel,17.14,6,119.98,5.999,153.98,28.00,1/16/2022,12:07,Credit card,7.639349811
725-67-2480,B,karur,Member,Female,Fashion accessories,58.75,5,352.5,17.625,415.13,45.00,3/24/2022,18:14,Credit card,5.7053372
641-51-2661,C,Chennai,Member,Female,Food and beverages,87.1,9,871,43.55,952.55,38.00,12/2/2022,14:45,Credit card,9.573362421
714-02-3114,C,Chennai,Normal,Female,Sports and travel,98.8,2,197.6,9.88,230.48,23.00,2/21/2022,11:39,Cash,7.44594855
518-17-2983,A,Trichy,Normal,Female,Fashion accessories,48.63,4,194.52,9.726,223.25,19.00,4/2/2022,15:44,Ewallet,7.349247919
779-42-2410,B,karur,Member,Male,Food and beverages,57.74,3,173.22,8.661,203.88,22.00,2/20/2022,13:06,Ewallet,7.44594855
190-14-3147,B,karur,Normal,Female,Health and beauty,17.97,4,71.88,3.594,105.47,30.00,2/23/2022,20:43,Ewallet,6.188840353
408-66-6712,C,Chennai,Member,Female,Health and beauty,47.71,5,286.26,14.313,339.57,39.00,2/16/2022,14:19,Ewallet,4.254827743
679-22-6530,B,karur,Normal,Female,Sports and travel,40.62,2,81.24,4.062,98.30,13.00,1/17/2022,10:01,Credit card,3.964725851
588-47-8641,A,Trichy,Member,Male,Fashion accessories,56.04,9,560.4,28.02,611.42,23.00,1/14/2022,19:30,Ewallet,4.254827743
642-61-4706,B,karur,Member,Male,Food and beverages,93.4,2,186.8,9.34,210.14,14.00,3/30/2022,16:34,Cash,5.318534678
576-31-4774,B,karur,Normal,Female,Health and beauty,73.41,3,220.23,11.0115,267.24,36.00,2/3/2022,13:10,Ewallet,3.868025221
556-41-6224,C,Chennai,Normal,Male,Health and beauty,33.64,7,269.12,13.456,323.58,41.00,2/15/2022,17:10,Credit card,8.993158638
811-03-8790,A,Trichy,Normal,Female,Electronic accessories,45.48,9,454.8,22.74,497.54,20.00,1/3/2022,10:22,Credit card,4.641630265
242-11-3142,B,karur,Member,Male,Fashion accessories,83.77,2,167.54,8.377,224.92,49.00,2/24/2022,19:57,Cash,4.448229004
752-23-3760,B,karur,Member,Female,Sports and travel,64.08,6,448.56,22.428,484.99,14.00,2/19/2022,19:29,Credit card,7.059146027
274-05-5470,A,Trichy,Member,Female,Food and beverages,73.47,4,293.88,14.694,349.57,41.00,2/23/2022,18:30,Cash,5.802037831
648-94-3045,C,Chennai,Normal,Male,Health and beauty,58.95,9,589.5,29.475,667.98,49.00,7/2/2022,14:27,Ewallet,7.832751072
130-67-4723,A,Trichy,Member,Male,Food and beverages,48.5,5,291,14.55,332.55,27.00,11/1/2022,13:57,Ewallet,9.089859268
528-87-5606,B,karur,Member,Female,Electronic accessories,39.48,1,39.48,1.974,87.45,46.00,12/2/2022,19:43,Cash,6.285540983
320-85-2052,B,karur,Normal,Female,Sports and travel,34.81,1,34.81,1.7405,64.55,28.00,1/14/2022,10:11,Credit card,6.769044136
370-96-0655,C,Chennai,Normal,Female,Fashion accessories,49.32,5,295.92,14.796,341.72,31.00,9/1/2022,13:46,Ewallet,6.865744766
105-10-6182,A,Trichy,Member,Male,Fashion accessories,21.48,2,42.96,2.148,68.11,23.00,2/27/2022,12:22,Ewallet,6.382241614
510-79-0415,B,karur,Member,Female,Sports and travel,23.08,5,138.48,6.924,175.40,30.00,1/24/2022,19:20,Ewallet,4.738330895
241-96-5076,B,karur,Member,Female,Home and lifestyle,49.1,2,98.2,4.91,122.11,19.00,8/1/2022,12:58,Credit card,6.188840353
767-97-4650,B,karur,Member,Female,Sports and travel,64.83,2,129.66,6.483,153.14,17.00,8/1/2022,11:59,Credit card,7.736050441
648-83-1321,A,Trichy,Member,Male,Home and lifestyle,63.56,9,635.6,31.78,710.38,43.00,1/16/2022,17:59,Cash,4.158127112
173-57-2300,C,Chennai,Member,Male,Sports and travel,72.88,2,145.76,7.288,170.05,17.00,3/13/2022,12:51,Cash,5.898738461
305-03-2383,A,Trichy,Normal,Female,Food and beverages,67.1,3,201.3,10.065,245.37,34.00,2/15/2022,10:36,Cash,7.252547288
394-55-6384,C,Chennai,Member,Female,Sports and travel,70.19,8,631.71,31.5855,707.30,44.00,1/25/2022,13:38,Cash,6.478942244
266-20-6657,C,Chennai,Member,Male,Food and beverages,55.04,6,385.28,19.264,446.54,42.00,12/3/2022,19:39,Ewallet,5.028432787
689-05-1884,A,Trichy,Member,Male,Health and beauty,48.63,9,486.3,24.315,543.62,33.00,4/3/2022,12:44,Cash,8.509655485
196-01-2849,C,Chennai,Member,Female,Fashion accessories,73.38,6,513.66,25.683,585.34,46.00,10/2/2022,13:56,Cash,9.186559899
372-62-5264,C,Chennai,Normal,Female,Food and beverages,52.6,8,473.4,23.67,507.07,10.00,1/16/2022,14:42,Cash,7.349247919
800-09-8606,A,Trichy,Member,Female,Home and lifestyle,87.37,4,436.85,21.8425,503.69,45.00,1/29/2022,19:45,Cash,6.382241614
182-52-7000,A,Trichy,Member,Female,Sports and travel,27.04,4,108.16,5.408,138.57,25.00,1/1/2022,20:26,Ewallet,6.672343505
826-58-8051,B,karur,Normal,Male,Home and lifestyle,62.19,4,248.76,12.438,286.20,25.00,6/1/2022,19:46,Ewallet,4.158127112
868-06-0466,A,Trichy,Member,Male,Electronic accessories,69.58,8,626.22,31.311,680.53,23.00,2/19/2022,19:38,Credit card,7.54264918
751-41-9720,C,Chennai,Normal,Male,Home and lifestyle,97.5,9,975,48.75,1070.75,47.00,12/1/2022,16:18,Ewallet,7.736050441
626-43-7888,C,Chennai,Normal,Female,Fashion accessories,60.41,7,483.28,24.164,523.44,16.00,7/2/2022,12:23,Ewallet,9.283260529
176-64-7711,B,karur,Normal,Male,Food and beverages,32.32,3,96.96,4.848,131.81,30.00,3/27/2022,19:11,Credit card,4.158127112
191-29-0321,B,karur,Member,Female,Fashion accessories,19.77,9,197.7,9.885,220.59,13.00,2/27/2022,18:57,Credit card,4.835031526
729-06-2010,B,karur,Member,Male,Health and beauty,80.47,8,724.23,36.2115,803.44,43.00,6/1/2022,11:18,Cash,8.896458007
640-48-5028,B,karur,Member,Female,Home and lifestyle,88.39,8,795.51,39.7755,871.29,36.00,2/3/2022,12:40,Cash,6.092139722
186-79-9562,B,karur,Normal,Male,Health and beauty,71.77,6,502.39,25.1195,560.51,33.00,3/29/2022,14:06,Cash,8.606356116
834-45-5519,B,karur,Normal,Female,Electronic accessories,43,4,172,8.6,220.60,40.00,1/31/2022,20:48,Ewallet,7.349247919
162-65-8559,C,Chennai,Member,Male,Food and beverages,68.98,1,68.98,3.449,99.43,27.00,1/21/2022,20:13,Cash,4.641630265
760-27-5490,C,Chennai,Normal,Male,Fashion accessories,15.62,7,124.96,6.248,173.21,42.00,1/20/2022,20:37,Ewallet,8.799757377
445-30-9252,A,Trichy,Normal,Male,Sports and travel,25.7,3,77.1,3.855,90.96,10.00,1/17/2022,17:59,Ewallet,5.898738461
786-94-2700,A,Trichy,Member,Male,Food and beverages,80.62,5,483.72,24.186,530.91,23.00,2/28/2022,20:18,Cash,8.799757377
728-88-7867,C,Chennai,Member,Female,Home and lifestyle,75.53,4,302.12,15.106,354.23,37.00,3/19/2022,15:52,Ewallet,8.026152333
183-21-3799,C,Chennai,Normal,Female,Electronic accessories,77.63,8,698.67,34.9335,775.60,42.00,2/19/2022,15:14,Ewallet,6.962445397
268-20-3585,C,Chennai,Normal,Female,Health and beauty,13.85,8,124.65,6.2325,147.88,17.00,4/2/2022,12:50,Ewallet,5.802037831
735-32-9839,C,Chennai,Member,Male,Fashion accessories,98.7,7,789.6,39.48,852.08,23.00,1/31/2022,10:36,Ewallet,8.219553594
258-92-7466,A,Trichy,Normal,Female,Health and beauty,35.68,4,178.4,8.92,207.32,20.00,6/2/2022,18:33,Credit card,6.382241614
857-16-3520,A,Trichy,Member,Female,Fashion accessories,71.46,6,500.22,25.011,545.23,20.00,3/28/2022,16:06,Ewallet,4.351528373
482-17-1179,A,Trichy,Member,Male,Electronic accessories,11.94,3,35.82,1.791,72.61,35.00,1/19/2022,12:47,Credit card,7.832751072
788-21-5741,A,Trichy,Normal,Male,Fashion accessories,45.38,3,136.14,6.807,185.95,43.00,2/17/2022,13:34,Credit card,6.962445397
821-14-9046,B,karur,Member,Female,Fashion accessories,17.48,5,104.88,5.244,130.12,20.00,1/18/2022,15:04,Credit card,5.898738461
418-05-0656,B,karur,Normal,Female,Fashion accessories,25.56,6,178.92,8.946,221.87,34.00,2/2/2022,20:42,Cash,6.865744766
678-79-0726,C,Chennai,Member,Female,Sports and travel,90.63,8,815.67,40.7835,869.45,13.00,1/18/2022,15:28,Cash,4.931732156
776-68-1096,B,karur,Normal,Male,Home and lifestyle,44.12,3,132.36,6.618,151.98,13.00,3/18/2022,13:45,Credit card,7.639349811
592-46-1692,C,Chennai,Member,Female,Food and beverages,36.77,6,257.39,12.8695,315.26,45.00,11/1/2022,20:10,Cash,7.155846658
434-35-9162,B,karur,Member,Male,Food and beverages,23.34,4,93.36,4.668,135.03,37.00,4/2/2022,18:53,Ewallet,7.155846658
149-14-0304,C,Chennai,Member,Female,Health and beauty,28.5,7,228,11.4,282.40,43.00,6/2/2022,14:24,Cash,6.382241614
442-44-6497,C,Chennai,Member,Male,Home and lifestyle,55.57,3,166.71,8.3355,208.05,33.00,8/1/2022,11:42,Credit card,5.7053372
174-64-0215,B,karur,Normal,Male,Sports and travel,69.74,9,697.4,34.87,752.27,20.00,5/3/2022,17:49,Credit card,8.606356116
210-74-9613,C,Chennai,Normal,Male,Fashion accessories,97.26,4,389.04,19.452,447.49,39.00,3/16/2022,15:33,Ewallet,6.575642875
299-29-0180,B,karur,Member,Female,Home and lifestyle,52.18,6,365.26,18.263,413.52,30.00,9/3/2022,10:54,Cash,8.993158638
247-11-2470,A,Trichy,Member,Female,Fashion accessories,22.32,4,89.28,4.464,137.74,44.00,1/3/2022,16:23,Credit card,4.254827743
635-28-5728,A,Trichy,Normal,Male,Health and beauty,56,3,168,8.4,191.40,15.00,2/28/2022,19:33,Ewallet,4.641630265
756-49-0168,A,Trichy,Member,Male,Fashion accessories,19.7,1,19.7,0.985,58.69,38.00,8/2/2022,11:39,Ewallet,9.186559899
438-23-1242,B,karur,Normal,Male,Electronic accessories,75.88,6,531.16,26.558,604.72,47.00,1/24/2022,10:38,Ewallet,8.606356116
238-45-6950,B,karur,Member,Male,Food and beverages,53.72,1,53.72,2.686,97.41,41.00,1/3/2022,20:03,Ewallet,6.188840353
607-65-2441,C,Chennai,Member,Male,Health and beauty,81.95,9,819.5,40.975,902.48,42.00,10/3/2022,12:39,Credit card,5.802037831
386-27-7606,C,Chennai,Member,Female,Home and lifestyle,81.2,6,568.4,28.42,639.82,43.00,3/23/2022,15:59,Credit card,7.832751072
137-63-5492,C,Chennai,Normal,Male,Electronic accessories,58.76,9,587.6,29.38,662.98,46.00,1/29/2022,14:26,Ewallet,8.703056746
197-77-7132,B,karur,Member,Male,Electronic accessories,91.56,7,732.48,36.624,817.10,48.00,12/1/2022,18:22,Ewallet,5.802037831
805-86-0265,A,Trichy,Normal,Male,Home and lifestyle,93.96,8,845.64,42.282,935.92,48.00,3/20/2022,11:32,Cash,9.47666179
733-29-1227,C,Chennai,Normal,Male,Home and lifestyle,55.61,6,389.27,19.4635,439.73,31.00,3/23/2022,12:41,Cash,8.219553594
451-73-2711,C,Chennai,Normal,Male,Food and beverages,84.83,1,84.83,4.2415,111.07,22.00,1/14/2022,15:20,Ewallet,8.509655485
373-14-0504,A,Trichy,Member,Female,Sports and travel,71.63,2,143.26,7.163,194.42,44.00,12/2/2022,14:33,Ewallet,8.509655485
546-80-2899,A,Trichy,Member,Male,Home and lifestyle,37.69,2,75.38,3.769,113.15,34.00,2/20/2022,15:29,Ewallet,9.186559899
345-68-9016,C,Chennai,Member,Female,Sports and travel,31.67,7,253.36,12.668,292.03,26.00,2/1/2022,16:19,Credit card,5.415235309
390-17-5806,C,Chennai,Member,Female,Food and beverages,38.42,1,38.42,1.921,89.34,49.00,2/2/2022,16:33,Cash,8.316254224
457-13-1708,B,karur,Member,Male,Fashion accessories,65.23,9,652.3,32.615,734.92,50.00,8/1/2022,19:07,Credit card,5.028432787
664-14-2882,C,Chennai,Member,Female,Home and lifestyle,10.53,4,52.65,2.6325,76.28,21.00,1/30/2022,14:43,Credit card,5.60863657
487-79-6868,B,karur,Member,Female,Home and lifestyle,12.29,8,110.61,5.5305,160.14,44.00,3/26/2022,19:28,Credit card,7.736050441
314-23-4520,C,Chennai,Member,Male,Health and beauty,81.23,6,568.61,28.4305,623.04,26.00,1/15/2022,20:44,Cash,8.703056746
210-30-7976,B,karur,Member,Female,Fashion accessories,22.32,4,89.28,4.464,113.74,20.00,3/14/2022,11:16,Ewallet,3.964725851
585-86-8361,A,Trichy,Normal,Female,Food and beverages,27.28,4,136.4,6.82,154.22,11.00,3/2/2022,10:31,Credit card,8.316254224
807-14-7833,A,Trichy,Member,Female,Electronic accessories,17.42,9,174.2,8.71,227.91,45.00,2/22/2022,12:30,Ewallet,6.769044136
775-72-1988,B,karur,Normal,Male,Home and lifestyle,73.28,4,366.4,18.32,400.72,16.00,1/24/2022,15:05,Ewallet,8.122852963
288-38-3758,C,Chennai,Member,Female,Fashion accessories,84.87,3,254.61,12.7305,312.34,45.00,1/25/2022,18:30,Ewallet,7.155846658
652-43-6591,A,Trichy,Normal,Female,Fashion accessories,97.29,7,778.32,38.916,850.24,33.00,9/3/2022,13:18,Credit card,5.995439092
785-96-0615,B,karur,Member,Female,Electronic accessories,35.74,7,285.92,14.296,346.22,46.00,2/17/2022,15:28,Ewallet,4.738330895
406-46-7107,A,Trichy,Normal,Female,Home and lifestyle,96.52,5,579.12,28.956,648.08,40.00,11/1/2022,11:52,Cash,4.351528373
250-17-5703,A,Trichy,Member,Male,Food and beverages,18.85,9,188.5,9.425,244.93,47.00,2/27/2022,18:24,Ewallet,5.415235309
156-95-3964,A,Trichy,Normal,Female,Food and beverages,55.39,4,221.56,11.078,257.64,25.00,3/25/2022,15:19,Ewallet,7.736050441
842-40-8179,B,karur,Member,Female,Food and beverages,77.2,9,772,38.6,848.60,38.00,11/2/2022,10:38,Credit card,5.415235309
525-09-8450,B,karur,Normal,Male,Electronic accessories,72.13,9,721.3,36.065,789.37,32.00,1/31/2022,15:12,Credit card,4.061426482
410-67-1709,A,Trichy,Member,Female,Fashion accessories,63.88,7,511.04,25.552,576.59,40.00,1/20/2022,17:48,Ewallet,9.573362421
587-73-4862,A,Trichy,Member,Female,Health and beauty,10.69,4,53.45,2.6725,88.12,32.00,3/26/2022,11:07,Ewallet,7.349247919
787-87-2010,A,Trichy,Member,Male,Health and beauty,55.5,4,222,11.1,248.10,15.00,1/20/2022,15:48,Credit card,6.382241614
593-14-4239,B,karur,Normal,Female,Home and lifestyle,95.46,7,763.68,38.184,829.86,28.00,5/3/2022,19:40,Ewallet,4.544929634
801-88-0346,C,Chennai,Normal,Female,Fashion accessories,76.06,3,228.18,11.409,277.59,38.00,5/1/2022,20:30,Credit card,9.47666179
388-76-2555,B,karur,Normal,Male,Sports and travel,13.69,5,82.14,4.107,120.25,34.00,2/13/2022,13:59,Cash,6.092139722
711-31-1234,B,karur,Normal,Female,Electronic accessories,95.64,4,382.56,19.128,414.69,13.00,3/16/2022,18:51,Cash,7.639349811
886-54-6089,A,Trichy,Normal,Female,Home and lifestyle,11.43,5,68.58,3.429,108.01,36.00,1/15/2022,17:24,Cash,7.44594855
707-32-7409,B,karur,Member,Female,Sports and travel,95.54,4,382.16,19.108,432.27,31.00,2/26/2022,11:58,Ewallet,4.351528373
759-98-4285,C,Chennai,Member,Female,Health and beauty,85.87,6,601.09,30.0545,679.14,48.00,2/27/2022,19:01,Credit card,7.736050441
201-63-8275,C,Chennai,Member,Female,Sports and travel,67.99,6,475.93,23.7965,522.73,23.00,2/17/2022,16:50,Ewallet,5.511935939
471-06-8611,C,Chennai,Normal,Female,Food and beverages,52.42,1,52.42,2.621,82.04,27.00,6/2/2022,10:22,Credit card,6.092139722
200-16-5952,C,Chennai,Member,Male,Food and beverages,65.65,2,131.3,6.565,177.87,40.00,1/17/2022,16:46,Cash,5.802037831
120-54-2248,B,karur,Normal,Female,Food and beverages,28.86,4,144.3,7.215,176.52,25.00,1/22/2022,18:08,Credit card,7.736050441
102-77-2261,C,Chennai,Member,Male,Health and beauty,65.31,6,457.17,22.8585,530.03,50.00,5/3/2022,18:02,Credit card,4.061426482
875-31-8302,B,karur,Normal,Male,Sports and travel,93.38,1,93.38,4.669,119.05,21.00,3/1/2022,13:07,Cash,9.283260529
102-06-2002,C,Chennai,Member,Male,Sports and travel,25.25,4,126.25,6.3125,142.56,10.00,3/20/2022,17:52,Cash,5.898738461
457-94-0464,B,karur,Member,Male,Electronic accessories,87.87,8,790.83,39.5415,869.37,39.00,1/31/2022,20:32,Ewallet,5.415235309
629-42-4133,C,Chennai,Normal,Male,Health and beauty,21.8,7,174.4,8.72,232.12,49.00,2/19/2022,19:24,Cash,8.026152333
534-53-3526,A,Trichy,Normal,Female,Sports and travel,94.76,4,379.04,18.952,436.99,39.00,11/2/2022,16:06,Ewallet,7.54264918
307-04-2070,A,Trichy,Member,Female,Fashion accessories,30.62,1,30.62,1.531,60.15,28.00,5/2/2022,14:14,Credit card,3.964725851
468-99-7231,C,Chennai,Normal,Female,Home and lifestyle,44.01,7,352.08,17.604,384.68,15.00,3/3/2022,17:36,Cash,8.509655485
516-77-6464,C,Chennai,Member,Female,Health and beauty,10.16,4,50.8,2.54,101.34,48.00,2/24/2022,13:08,Ewallet,3.964725851
404-91-5964,A,Trichy,Normal,Male,Electronic accessories,74.58,6,522.06,26.103,590.16,42.00,4/2/2022,16:09,Credit card,8.703056746
886-77-9084,C,Chennai,Normal,Male,Electronic accessories,71.89,7,575.12,28.756,640.88,37.00,2/19/2022,11:33,Ewallet,5.318534678
790-38-4466,C,Chennai,Normal,Female,Health and beauty,10.99,4,54.95,2.7475,79.70,22.00,1/23/2022,10:18,Credit card,8.993158638
704-10-4056,C,Chennai,Member,Male,Health and beauty,60.47,3,181.41,9.0705,233.48,43.00,1/14/2022,10:55,Credit card,5.415235309
497-37-6538,A,Trichy,Normal,Male,Sports and travel,58.91,6,412.37,20.6185,481.99,49.00,1/17/2022,15:15,Ewallet,9.37996116
651-96-5970,A,Trichy,Normal,Male,Fashion accessories,46.41,1,46.41,2.3205,74.73,26.00,3/3/2022,20:06,Credit card,3.868025221
400-80-4065,C,Chennai,Member,Male,Health and beauty,68.55,4,274.2,13.71,301.91,14.00,2/15/2022,20:21,Credit card,8.896458007
744-16-7898,B,karur,Normal,Female,Home and lifestyle,97.37,9,973.7,48.685,1052.39,30.00,1/15/2022,13:48,Credit card,4.738330895
263-12-5321,A,Trichy,Member,Male,Electronic accessories,92.6,6,648.2,32.41,691.61,11.00,2/27/2022,12:52,Credit card,8.993158638
702-72-0487,A,Trichy,Normal,Female,Electronic accessories,46.61,2,93.22,4.661,112.88,15.00,2/26/2022,12:28,Credit card,6.382241614
605-83-1050,B,karur,Normal,Male,Fashion accessories,27.18,2,54.36,2.718,101.08,44.00,3/15/2022,16:26,Ewallet,4.158127112
443-60-9639,C,Chennai,Member,Female,Home and lifestyle,60.87,1,60.87,3.0435,88.91,25.00,1/24/2022,13:24,Cash,5.318534678
864-24-7918,A,Trichy,Member,Female,Sports and travel,24.49,9,244.9,12.245,306.15,49.00,2/22/2022,15:15,Cash,7.832751072
359-94-5395,B,karur,Normal,Male,Health and beauty,92.78,1,92.78,4.639,118.42,21.00,3/15/2022,10:50,Credit card,9.47666179
401-09-4232,C,Chennai,Member,Male,Home and lifestyle,86.69,4,433.45,21.6725,491.12,36.00,11/2/2022,18:38,Ewallet,9.089859268
751-15-6198,B,karur,Normal,Male,Sports and travel,23.01,5,138.06,6.903,185.96,41.00,12/1/2022,16:45,Ewallet,7.639349811
324-41-6833,C,Chennai,Member,Female,Electronic accessories,30.2,7,241.6,12.08,284.68,31.00,3/3/2022,19:30,Ewallet,4.931732156
474-33-8305,C,Chennai,Member,Male,Fashion accessories,67.39,6,471.73,23.5865,524.32,29.00,3/23/2022,13:23,Ewallet,6.672343505
759-29-9521,A,Trichy,Member,Female,Fashion accessories,48.96,8,440.64,22.032,498.67,36.00,4/3/2022,11:27,Cash,7.736050441
831-81-6575,B,karur,Member,Female,Electronic accessories,75.59,8,680.31,34.0155,749.33,35.00,2/23/2022,11:12,Cash,7.736050441
220-68-6701,A,Trichy,Normal,Female,Home and lifestyle,77.47,4,309.88,15.494,374.37,49.00,3/17/2022,16:36,Cash,4.061426482
618-34-8551,A,Trichy,Normal,Female,Sports and travel,93.18,2,186.36,9.318,209.68,14.00,1/16/2022,18:41,Credit card,8.219553594
257-60-7754,A,Trichy,Normal,Female,Electronic accessories,50.23,4,200.92,10.046,221.97,11.00,8/1/2022,17:12,Cash,8.703056746
559-61-5987,B,karur,Normal,Female,Health and beauty,17.75,1,17.75,0.8875,48.64,30.00,1/14/2022,10:38,Cash,8.316254224
189-55-2313,C,Chennai,Normal,Female,Fashion accessories,62.18,9,621.8,31.09,685.89,33.00,1/31/2022,10:33,Ewallet,5.802037831
565-91-4567,B,karur,Normal,Male,Health and beauty,10.75,7,86,4.3,103.30,13.00,3/15/2022,14:38,Ewallet,5.995439092
380-60-5336,A,Trichy,Normal,Female,Electronic accessories,40.26,9,402.6,20.13,439.73,17.00,2/24/2022,18:06,Credit card,4.835031526
815-04-6282,C,Chennai,Member,Female,Sports and travel,64.97,4,324.85,16.2425,388.09,47.00,8/2/2022,12:52,Credit card,6.285540983
674-56-6360,A,Trichy,Normal,Male,Electronic accessories,95.15,1,95.15,4.7575,114.91,15.00,3/22/2022,14:00,Cash,5.802037831
778-34-2523,A,Trichy,Member,Female,Electronic accessories,48.62,7,388.96,19.448,450.41,42.00,1/24/2022,10:57,Cash,4.835031526
499-27-7781,B,karur,Normal,Female,Food and beverages,53.21,7,425.68,21.284,476.96,30.00,3/14/2022,16:45,Ewallet,4.835031526
477-59-2456,C,Chennai,Normal,Female,Fashion accessories,45.44,6,318.08,15.904,346.98,13.00,1/23/2022,11:15,Cash,8.896458007
832-51-6761,A,Trichy,Normal,Male,Food and beverages,33.88,7,271.04,13.552,302.59,18.00,1/19/2022,20:29,Ewallet,9.283260529
869-11-3082,B,karur,Member,Male,Health and beauty,96.16,4,384.64,19.232,451.87,48.00,1/27/2022,20:03,Credit card,8.122852963
190-59-3964,B,karur,Member,Male,Food and beverages,47.16,4,235.8,11.79,279.59,32.00,3/2/2022,14:35,Credit card,5.802037831
366-43-6862,B,karur,Normal,Male,Electronic accessories,52.89,4,211.56,10.578,247.14,25.00,3/25/2022,16:32,Ewallet,6.478942244
186-43-8965,A,Trichy,Member,Female,Home and lifestyle,47.68,2,95.36,4.768,130.13,30.00,2/24/2022,10:10,Credit card,3.964725851
784-21-9238,C,Chennai,Member,Male,Sports and travel,10.17,1,10.17,0.5085,38.68,28.00,7/2/2022,14:15,Cash,5.7053372
276-75-6884,A,Trichy,Normal,Female,Health and beauty,68.71,3,206.13,10.3065,249.44,33.00,4/3/2022,10:05,Cash,8.412954855
109-86-4363,B,karur,Member,Female,Sports and travel,60.08,6,420.56,21.028,477.59,36.00,2/14/2022,11:36,Credit card,4.351528373
569-76-2760,A,Trichy,Member,Female,Sports and travel,22.01,4,88.04,4.402,138.44,46.00,1/29/2022,18:15,Credit card,6.382241614
222-42-0244,B,karur,Member,Female,Health and beauty,72.11,8,648.99,32.4495,691.44,10.00,1/28/2022,13:53,Credit card,7.44594855
760-53-9233,A,Trichy,Member,Male,Fashion accessories,41.28,3,123.84,6.192,143.03,13.00,3/26/2022,18:37,Credit card,8.219553594
538-22-0304,C,Chennai,Normal,Male,Electronic accessories,64.95,9,649.5,32.475,703.98,22.00,3/24/2022,18:27,Cash,5.028432787
416-17-9926,A,Trichy,Member,Female,Electronic accessories,74.22,9,742.2,37.11,791.31,12.00,1/1/2022,14:42,Credit card,4.158127112
237-44-6163,A,Trichy,Normal,Male,Electronic accessories,10.56,7,84.48,4.224,104.70,16.00,1/24/2022,17:43,Cash,7.349247919
636-17-0325,B,karur,Normal,Male,Health and beauty,62.57,4,250.28,12.514,273.79,11.00,2/25/2022,18:37,Cash,9.186559899
343-75-9322,B,karur,Member,Female,Sports and travel,11.85,7,94.8,4.74,126.54,27.00,9/1/2022,16:34,Cash,3.964725851
528-14-9470,A,Trichy,Member,Male,Health and beauty,91.3,1,91.3,4.565,109.87,14.00,2/14/2022,14:42,Ewallet,8.896458007
427-45-9297,B,karur,Member,Female,Home and lifestyle,40.73,6,285.11,14.2555,338.37,39.00,12/3/2022,11:01,Ewallet,5.221834048
807-34-3742,A,Trichy,Normal,Male,Fashion accessories,52.38,1,52.38,2.619,94.00,39.00,3/26/2022,19:44,Cash,5.60863657
288-62-1085,A,Trichy,Member,Male,Fashion accessories,38.54,4,192.7,9.635,237.34,35.00,9/1/2022,13:34,Ewallet,5.415235309
670-71-7306,B,karur,Normal,Male,Sports and travel,44.63,5,267.78,13.389,309.17,28.00,2/1/2022,20:08,Credit card,4.931732156
660-29-7083,C,Chennai,Normal,Male,Electronic accessories,55.87,9,558.7,27.935,623.64,37.00,1/15/2022,15:01,Cash,5.60863657
271-77-8740,C,Chennai,Member,Female,Sports and travel,29.22,5,175.32,8.766,201.09,17.00,1/1/2022,11:40,Ewallet,4.835031526
497-36-0989,A,Trichy,Normal,Male,Fashion accessories,51.94,3,155.82,7.791,181.61,18.00,2/15/2022,15:21,Cash,7.639349811
291-59-1384,B,karur,Normal,Male,Electronic accessories,60.3,1,60.3,3.015,79.32,16.00,2/28/2022,17:38,Cash,5.802037831
860-73-6466,A,Trichy,Member,Female,Sports and travel,39.47,2,78.94,3.947,109.89,27.00,2/3/2022,16:16,Credit card,4.835031526
549-23-9016,C,Chennai,Member,Female,Food and beverages,14.87,2,29.74,1.487,49.23,18.00,2/13/2022,18:15,Credit card,8.606356116
896-34-0956,A,Trichy,Normal,Male,Fashion accessories,21.32,1,21.32,1.066,61.39,39.00,1/26/2022,12:43,Cash,5.7053372
804-38-3935,A,Trichy,Member,Male,Electronic accessories,93.78,3,281.34,14.067,307.41,12.00,1/30/2022,11:32,Credit card,5.7053372
585-90-0249,A,Trichy,Member,Male,Electronic accessories,73.26,1,73.26,3.663,104.92,28.00,1/27/2022,18:08,Ewallet,9.37996116
862-29-5914,C,Chennai,Normal,Female,Sports and travel,22.38,1,22.38,1.119,62.50,39.00,1/30/2022,17:08,Credit card,8.316254224
845-94-6841,C,Chennai,Member,Female,Food and beverages,72.88,8,655.92,32.796,737.72,49.00,8/1/2022,19:38,Cash,3.868025221
125-45-2293,A,Trichy,Normal,Female,Fashion accessories,99.1,5,594.6,29.73,644.33,20.00,1/19/2022,13:11,Cash,4.061426482
843-73-4724,A,Trichy,Normal,Male,Fashion accessories,74.1,1,74.1,3.705,125.81,48.00,1/25/2022,11:05,Cash,8.896458007
409-33-9708,A,Trichy,Normal,Female,Fashion accessories,98.48,2,196.96,9.848,222.81,16.00,2/19/2022,10:12,Ewallet,8.896458007
658-66-3967,C,Chennai,Normal,Male,Health and beauty,53.19,6,372.33,18.6165,429.95,39.00,1/14/2022,15:42,Ewallet,4.835031526
866-70-2814,B,karur,Normal,Female,Electronic accessories,52.79,9,527.9,26.395,592.30,38.00,2/25/2022,11:58,Ewallet,9.670063051
160-22-2687,A,Trichy,Member,Female,Health and beauty,95.95,4,479.75,23.9875,515.74,12.00,1/23/2022,14:21,Ewallet,8.509655485
895-03-6665,B,karur,Normal,Female,Fashion accessories,36.51,8,328.59,16.4295,356.02,11.00,2/16/2022,10:52,Cash,4.061426482
770-42-8960,B,karur,Normal,Male,Food and beverages,21.12,7,168.96,8.448,201.41,24.00,1/1/2022,19:31,Cash,6.092139722
748-45-2862,A,Trichy,Member,Female,Home and lifestyle,28.31,4,113.24,5.662,143.90,25.00,7/3/2022,18:35,Cash,7.929451702
234-36-2483,B,karur,Normal,Male,Health and beauty,57.59,5,345.54,17.277,385.82,23.00,2/15/2022,13:51,Cash,4.931732156
316-66-3011,A,Trichy,Member,Female,Food and beverages,47.63,8,428.67,21.4335,486.10,36.00,1/23/2022,12:35,Cash,4.835031526
848-95-6252,C,Chennai,Member,Female,Home and lifestyle,86.27,1,86.27,4.3135,134.58,44.00,2/20/2022,13:24,Ewallet,6.769044136
840-76-5966,A,Trichy,Member,Male,Sports and travel,12.76,2,25.52,1.276,54.80,28.00,8/1/2022,18:06,Ewallet,7.54264918
152-03-4217,B,karur,Normal,Female,Home and lifestyle,11.28,8,101.52,5.076,135.60,29.00,3/17/2022,11:55,Credit card,4.158127112
533-66-5566,B,karur,Normal,Female,Home and lifestyle,51.07,6,357.49,17.8745,407.36,32.00,12/1/2022,11:42,Cash,6.769044136
124-31-1458,A,Trichy,Member,Female,Electronic accessories,79.59,3,238.77,11.9385,300.71,50.00,8/1/2022,14:30,Cash,6.382241614
176-78-1170,C,Chennai,Member,Male,Health and beauty,33.81,3,101.43,5.0715,139.50,33.00,1/26/2022,15:11,Ewallet,7.059146027
361-59-0574,B,karur,Member,Male,Sports and travel,90.53,7,724.24,36.212,798.45,38.00,3/15/2022,14:48,Credit card,6.285540983
101-81-4070,C,Chennai,Member,Female,Health and beauty,62.82,2,125.64,6.282,174.92,43.00,1/17/2022,12:36,Ewallet,4.738330895
631-34-1880,C,Chennai,Member,Male,Food and beverages,24.31,3,72.93,3.6465,91.58,15.00,8/1/2022,19:09,Credit card,4.158127112
852-82-2749,A,Trichy,Normal,Male,Sports and travel,64.59,4,258.36,12.918,302.28,31.00,6/1/2022,13:35,Ewallet,8.993158638
873-14-6353,A,Trichy,Member,Male,Food and beverages,24.82,6,173.74,8.687,220.43,38.00,2/16/2022,10:33,Credit card,6.865744766
584-66-4073,C,Chennai,Normal,Male,Fashion accessories,56.5,1,56.5,2.825,100.33,41.00,3/13/2022,15:45,Ewallet,9.283260529
544-55-9589,B,karur,Member,Female,Electronic accessories,21.43,9,214.3,10.715,269.02,44.00,1/28/2022,11:51,Cash,5.995439092
166-19-2553,A,Trichy,Member,Male,Sports and travel,89.06,5,534.36,26.718,594.08,33.00,1/18/2022,17:26,Cash,9.573362421
737-88-5876,A,Trichy,Member,Male,Home and lifestyle,23.29,4,93.16,4.658,139.82,42.00,3/19/2022,11:52,Credit card,5.7053372
154-87-7367,C,Chennai,Normal,Male,Home and lifestyle,65.26,7,522.08,26.104,584.18,36.00,3/15/2022,14:04,Ewallet,6.092139722
885-56-0389,C,Chennai,Member,Male,Fashion accessories,52.35,1,52.35,2.6175,101.97,47.00,12/2/2022,17:49,Cash,3.868025221
608-05-3804,B,karur,Member,Male,Electronic accessories,39.75,1,39.75,1.9875,78.74,37.00,2/25/2022,20:19,Cash,5.898738461
448-61-3783,A,Trichy,Normal,Female,Electronic accessories,90.02,7,720.16,36.008,805.17,49.00,3/21/2022,16:08,Credit card,4.351528373
761-49-0439,B,karur,Member,Female,Electronic accessories,12.1,7,96.8,4.84,126.64,25.00,1/19/2022,10:17,Ewallet,8.316254224
490-95-0021,B,karur,Member,Female,Food and beverages,33.21,9,332.1,16.605,363.71,15.00,8/1/2022,14:25,Ewallet,5.802037831
115-38-7388,C,Chennai,Member,Female,Fashion accessories,10.18,7,81.44,4.072,100.51,15.00,3/30/2022,12:51,Credit card,9.186559899
311-13-6971,B,karur,Member,Male,Sports and travel,31.99,9,319.9,15.995,383.90,48.00,2/20/2022,15:18,Credit card,9.573362421
291-55-6563,A,Trichy,Member,Female,Home and lifestyle,34.42,5,206.52,10.326,266.85,50.00,3/30/2022,12:45,Ewallet,7.252547288
548-48-3156,A,Trichy,Member,Female,Food and beverages,83.34,2,166.68,8.334,221.01,46.00,3/19/2022,13:37,Cash,7.349247919
460-93-5834,A,Trichy,Normal,Male,Sports and travel,45.58,6,319.06,15.953,352.01,17.00,1/13/2022,10:03,Cash,4.835031526
325-89-4209,A,Trichy,Member,Male,Food and beverages,87.9,1,87.9,4.395,115.30,23.00,5/2/2022,19:42,Ewallet,6.478942244
884-80-6021,A,Trichy,Member,Female,Electronic accessories,73.47,9,734.7,36.735,781.44,10.00,3/23/2022,13:14,Ewallet,9.186559899
137-74-8729,C,Chennai,Normal,Female,Fashion accessories,12.19,7,97.52,4.876,127.40,25.00,3/13/2022,12:47,Ewallet,6.575642875
880-46-5796,A,Trichy,Member,Male,Sports and travel,76.92,9,769.2,38.46,826.66,19.00,3/17/2022,19:53,Ewallet,5.415235309
389-70-2397,C,Chennai,Normal,Female,Health and beauty,83.66,4,418.3,20.915,467.22,28.00,2/21/2022,10:26,Cash,6.962445397
114-35-5271,B,karur,Normal,Female,Electronic accessories,57.91,7,463.28,23.164,510.44,24.00,7/2/2022,15:06,Cash,7.832751072
607-76-6216,C,Chennai,Member,Female,Fashion accessories,92.49,4,462.45,23.1225,522.57,37.00,2/3/2022,16:35,Credit card,8.316254224
715-20-1673,B,karur,Normal,Male,Electronic accessories,28.38,4,141.9,7.095,175.00,26.00,6/3/2022,20:57,Cash,9.089859268
811-35-1094,B,karur,Member,Male,Electronic accessories,50.45,5,302.7,15.135,343.84,26.00,6/2/2022,15:16,Credit card,8.606356116
699-88-1972,B,karur,Normal,Male,Health and beauty,99.16,7,793.28,39.664,882.94,50.00,1/28/2022,17:47,Credit card,4.061426482
781-84-8059,C,Chennai,Normal,Male,Fashion accessories,60.74,6,425.18,21.259,488.44,42.00,1/18/2022,16:23,Ewallet,4.835031526
409-49-6995,C,Chennai,Member,Female,Food and beverages,47.27,5,283.62,14.181,342.80,45.00,5/2/2022,10:17,Cash,8.509655485
725-54-0677,C,Chennai,Member,Male,Health and beauty,85.6,6,599.2,29.96,670.16,41.00,2/3/2022,13:50,Cash,5.125133417
146-09-5432,A,Trichy,Member,Male,Food and beverages,35.04,8,315.36,15.768,360.13,29.00,9/2/2022,19:17,Ewallet,4.448229004
377-79-7592,C,Chennai,Member,Female,Electronic accessories,44.84,8,403.56,20.178,458.74,35.00,1/14/2022,14:00,Credit card,7.252547288
509-10-0516,B,karur,Normal,Male,Home and lifestyle,45.97,4,183.88,9.194,243.07,50.00,9/2/2022,12:02,Ewallet,4.931732156
595-94-9924,A,Trichy,Member,Female,Health and beauty,27.73,4,138.65,6.9325,185.58,40.00,3/26/2022,20:21,Credit card,4.061426482
865-41-9075,A,Trichy,Normal,Male,Food and beverages,11.53,6,80.71,4.0355,117.75,33.00,1/28/2022,17:35,Cash,7.832751072
545-07-8534,C,Chennai,Normal,Female,Health and beauty,58.32,2,116.64,5.832,153.47,31.00,2/14/2022,12:42,Ewallet,5.802037831
118-62-1812,C,Chennai,Member,Female,Home and lifestyle,78.38,4,313.52,15.676,379.20,50.00,3/24/2022,17:56,Cash,7.639349811
450-42-3339,C,Chennai,Normal,Male,Health and beauty,84.61,9,846.1,42.305,938.41,50.00,9/2/2022,18:58,Credit card,8.509655485
851-98-3555,B,karur,Normal,Female,Health and beauty,82.88,4,414.4,20.72,463.12,28.00,3/24/2022,14:08,Credit card,6.382241614
186-71-5196,A,Trichy,Member,Female,Food and beverages,79.54,2,159.08,7.954,216.03,49.00,3/27/2022,16:30,Ewallet,5.995439092
624-01-8356,B,karur,Normal,Female,Home and lifestyle,49.01,9,490.1,24.505,564.61,50.00,1/27/2022,10:44,Credit card,4.061426482
313-66-9943,B,karur,Member,Female,Food and beverages,29.15,3,87.45,4.3725,106.82,15.00,3/27/2022,20:29,Credit card,7.059146027
151-27-8496,C,Chennai,Normal,Female,Electronic accessories,56.13,4,224.52,11.226,285.75,50.00,1/19/2022,11:43,Ewallet,8.316254224
453-33-6436,A,Trichy,Normal,Female,Home and lifestyle,93.12,7,744.96,37.248,801.21,19.00,7/2/2022,10:09,Cash,6.575642875
522-57-8364,A,Trichy,Member,Male,Fashion accessories,51.34,7,410.72,20.536,460.26,29.00,1/31/2022,10:00,Ewallet,7.349247919
459-45-2396,A,Trichy,Member,Female,Food and beverages,99.6,3,298.8,14.94,329.74,16.00,2/25/2022,18:45,Cash,5.60863657
717-96-4189,C,Chennai,Normal,Female,Electronic accessories,35.49,5,212.94,10.647,233.59,10.00,2/2/2022,12:40,Cash,3.964725851
722-13-2115,C,Chennai,Member,Male,Sports and travel,42.85,1,42.85,2.1425,58.99,14.00,3/14/2022,15:36,Credit card,8.993158638
749-81-8133,A,Trichy,Normal,Female,Fashion accessories,94.67,4,378.68,18.934,424.61,27.00,11/3/2022,12:04,Cash,6.575642875
777-67-2495,B,karur,Normal,Male,Home and lifestyle,68.97,3,206.91,10.3455,251.26,34.00,2/22/2022,11:26,Ewallet,8.412954855
636-98-3364,B,karur,Member,Female,Electronic accessories,26.26,3,78.78,3.939,96.72,14.00,2/3/2022,12:36,Ewallet,6.092139722
246-55-6923,C,Chennai,Member,Female,Home and lifestyle,35.79,8,322.11,16.1055,360.22,22.00,10/3/2022,15:06,Credit card,4.931732156
181-82-6255,B,karur,Normal,Female,Home and lifestyle,16.37,5,98.22,4.911,125.13,22.00,8/2/2022,10:58,Cash,6.769044136
838-02-1821,C,Chennai,Member,Female,Home and lifestyle,12.73,2,25.46,1.273,40.73,14.00,2/22/2022,12:10,Credit card,5.028432787
887-42-0517,C,Chennai,Normal,Female,Sports and travel,83.14,6,581.98,29.099,638.08,27.00,10/1/2022,10:31,Credit card,6.382241614
457-12-0244,C,Chennai,Member,Female,Sports and travel,35.22,5,211.32,10.566,251.89,30.00,3/14/2022,13:49,Ewallet,6.285540983
226-34-0034,B,karur,Normal,Female,Electronic accessories,13.78,4,55.12,2.756,81.88,24.00,10/1/2022,11:10,Ewallet,8.703056746
321-49-7382,B,karur,Member,Male,Sports and travel,88.31,1,88.31,4.4155,112.73,20.00,2/15/2022,17:38,Credit card,5.028432787
397-25-8725,A,Trichy,Member,Female,Health and beauty,39.62,8,356.58,17.829,423.41,49.00,1/13/2022,17:54,Credit card,6.575642875
431-66-2305,B,karur,Normal,Female,Electronic accessories,88.25,8,794.25,39.7125,874.96,41.00,2/15/2022,20:51,Credit card,7.349247919
825-94-5922,B,karur,Normal,Male,Sports and travel,25.31,2,50.62,2.531,102.15,49.00,2/3/2022,19:26,Ewallet,6.962445397
641-62-7288,B,karur,Normal,Male,Home and lifestyle,99.92,5,599.52,29.976,665.50,36.00,3/24/2022,13:33,Ewallet,6.865744766
756-93-1854,C,Chennai,Member,Female,Fashion accessories,83.35,2,166.7,8.335,221.04,46.00,2/2/2022,14:05,Credit card,9.186559899
243-55-8457,A,Trichy,Normal,Female,Food and beverages,74.44,9,744.4,37.22,812.62,31.00,2/27/2022,11:40,Ewallet,4.931732156
458-10-8612,C,Chennai,Normal,Male,Health and beauty,64.08,6,448.56,22.428,518.99,48.00,1/20/2022,12:27,Ewallet,7.349247919
501-61-1753,B,karur,Normal,Female,Home and lifestyle,63.15,5,378.9,18.945,408.85,11.00,3/1/2022,20:24,Ewallet,9.47666179
235-06-8510,C,Chennai,Member,Male,Home and lifestyle,85.72,3,257.16,12.858,316.02,46.00,1/24/2022,20:59,Ewallet,4.931732156
433-08-7822,C,Chennai,Normal,Female,Health and beauty,78.89,6,552.23,27.6115,596.84,17.00,5/1/2022,19:48,Ewallet,7.252547288
361-85-2571,A,Trichy,Normal,Female,Sports and travel,89.48,4,447.4,22.37,498.77,29.00,3/30/2022,10:18,Cash,7.155846658
131-70-8179,A,Trichy,Member,Female,Health and beauty,92.09,3,276.27,13.8135,338.08,48.00,2/17/2022,16:27,Cash,4.061426482
500-02-2261,C,Chennai,Normal,Female,Food and beverages,57.29,5,343.74,17.187,374.93,14.00,3/21/2022,17:04,Ewallet,5.7053372
720-72-2436,A,Trichy,Normal,Male,Food and beverages,66.52,4,266.08,13.304,325.38,46.00,2/3/2022,18:14,Ewallet,6.672343505
702-83-5291,C,Chennai,Member,Male,Fashion accessories,99.82,8,898.38,44.919,961.30,18.00,3/27/2022,10:43,Cash,6.382241614
809-69-9497,A,Trichy,Normal,Female,Home and lifestyle,45.68,9,456.8,22.84,501.64,22.00,1/19/2022,19:30,Ewallet,5.511935939
449-16-6770,A,Trichy,Normal,Male,Health and beauty,50.79,4,253.95,12.6975,305.65,39.00,2/19/2022,14:53,Credit card,5.125133417
333-23-2632,A,Trichy,Member,Male,Health and beauty,10.08,6,70.56,3.528,84.09,10.00,3/28/2022,20:14,Cash,4.061426482
489-82-1237,A,Trichy,Normal,Female,Electronic accessories,93.88,6,657.16,32.858,716.02,26.00,5/1/2022,11:51,Credit card,7.059146027
859-97-6048,C,Chennai,Member,Male,Electronic accessories,84.25,2,168.5,8.425,186.93,10.00,3/26/2022,14:13,Credit card,5.125133417
676-10-2200,B,karur,Member,Male,Fashion accessories,53.78,1,53.78,2.689,79.47,23.00,3/2/2022,20:13,Ewallet,4.544929634
373-88-1424,C,Chennai,Member,Male,Home and lifestyle,35.81,4,179.05,8.9525,227.00,39.00,6/2/2022,18:44,Ewallet,7.639349811
365-16-4334,B,karur,Normal,Female,Food and beverages,26.43,7,211.44,10.572,236.01,14.00,2/24/2022,14:26,Ewallet,8.606356116
503-21-4385,B,karur,Member,Male,Health and beauty,39.91,3,119.73,5.9865,162.72,37.00,2/21/2022,12:40,Ewallet,8.993158638
305-89-2768,B,karur,Member,Female,Home and lifestyle,21.9,3,65.7,3.285,87.99,19.00,9/1/2022,18:43,Ewallet,4.544929634
574-80-1489,B,karur,Member,Female,Food and beverages,62.85,4,251.4,12.57,300.97,37.00,2/25/2022,13:22,Ewallet,8.412954855
784-08-0310,C,Chennai,Member,Female,Food and beverages,21.04,4,84.16,4.208,114.37,26.00,1/13/2022,13:58,Cash,7.349247919
200-40-6154,B,karur,Member,Male,Home and lifestyle,65.91,5,395.46,19.773,461.23,46.00,9/2/2022,11:45,Cash,5.511935939
846-10-0341,A,Trichy,Normal,Female,Fashion accessories,42.57,6,297.99,14.8995,326.89,14.00,6/1/2022,11:51,Cash,6.575642875
577-34-7579,C,Chennai,Member,Male,Food and beverages,50.49,8,454.41,22.7205,487.13,10.00,10/1/2022,17:16,Cash,5.221834048
430-02-3888,B,karur,Normal,Male,Electronic accessories,46.02,5,276.12,13.806,299.93,10.00,7/2/2022,15:55,Cash,6.865744766
867-47-1948,C,Chennai,Normal,Female,Home and lifestyle,15.8,9,158,7.9,206.90,41.00,9/1/2022,12:07,Cash,7.54264918
384-59-6655,A,Trichy,Member,Female,Food and beverages,98.66,8,887.94,44.397,960.34,28.00,2/19/2022,15:07,Cash,8.122852963
256-58-3609,C,Chennai,Member,Male,Fashion accessories,91.98,1,91.98,4.599,111.58,15.00,3/18/2022,15:29,Cash,9.47666179
324-92-3863,A,Trichy,Member,Male,Electronic accessories,20.89,2,41.78,2.089,75.87,32.00,5/2/2022,18:45,Cash,9.47666179
593-08-5916,A,Trichy,Normal,Female,Fashion accessories,15.5,1,15.5,0.775,39.28,23.00,3/19/2022,15:23,Credit card,7.155846658
364-34-2972,C,Chennai,Member,Male,Electronic accessories,96.82,3,290.46,14.523,344.98,40.00,3/30/2022,20:37,Cash,6.478942244
794-42-3736,B,karur,Normal,Male,Food and beverages,33.33,2,66.66,3.333,83.99,14.00,1/26/2022,14:41,Credit card,6.188840353
172-42-8274,B,karur,Normal,Female,Electronic accessories,38.27,2,76.54,3.827,109.37,29.00,2/3/2022,18:18,Credit card,5.60863657
558-60-5016,A,Trichy,Normal,Female,Home and lifestyle,33.3,8,299.7,14.985,345.69,31.00,4/3/2022,15:27,Ewallet,6.962445397
195-06-0432,A,Trichy,Member,Male,Home and lifestyle,81.01,3,243.03,12.1515,265.18,10.00,1/13/2022,12:55,Credit card,8.993158638
605-03-2706,A,Trichy,Normal,Female,Health and beauty,15.8,3,47.4,2.37,94.77,45.00,3/25/2022,18:02,Cash,9.186559899
214-30-2776,B,karur,Member,Female,Electronic accessories,34.49,4,172.45,8.6225,200.07,19.00,11/3/2022,19:44,Credit card,8.703056746
746-04-1077,B,karur,Member,Female,Food and beverages,84.63,9,846.3,42.315,905.62,17.00,1/1/2022,11:36,Credit card,8.703056746
448-34-8700,B,karur,Member,Male,Home and lifestyle,36.91,6,258.37,12.9185,296.29,25.00,10/2/2022,13:51,Ewallet,6.478942244
452-04-8808,B,karur,Normal,Male,Electronic accessories,87.08,6,609.56,30.478,660.04,20.00,1/26/2022,15:17,Cash,5.318534678
531-56-4728,A,Trichy,Normal,Male,Home and lifestyle,80.08,3,240.24,12.012,286.25,34.00,11/2/2022,15:29,Cash,5.221834048
744-82-9138,C,Chennai,Normal,Male,Fashion accessories,86.13,2,172.26,8.613,216.87,36.00,7/2/2022,17:59,Cash,7.929451702
883-69-1285,B,karur,Member,Male,Fashion accessories,49.92,2,99.84,4.992,132.83,28.00,6/3/2022,11:55,Credit card,6.769044136
221-25-5073,A,Trichy,Normal,Female,Food and beverages,74.66,4,298.64,14.932,359.57,46.00,4/3/2022,10:39,Cash,8.219553594
518-71-6847,B,karur,Member,Male,Food and beverages,26.6,5,159.6,7.98,186.58,19.00,2/26/2022,15:10,Ewallet,4.738330895
156-20-0370,B,karur,Normal,Female,Electronic accessories,25.45,1,25.45,1.2725,73.72,47.00,10/3/2022,18:10,Credit card,4.931732156
151-33-7434,B,karur,Normal,Female,Food and beverages,67.77,1,67.77,3.3885,114.16,43.00,4/2/2022,20:43,Credit card,6.285540983
728-47-9078,C,Chennai,Member,Male,Food and beverages,59.59,4,238.36,11.918,269.28,19.00,1/19/2022,12:46,Cash,9.47666179
809-46-1866,A,Trichy,Normal,Male,Health and beauty,58.15,4,232.6,11.63,255.23,11.00,1/23/2022,17:44,Cash,8.122852963
139-32-4183,A,Trichy,Member,Female,Sports and travel,97.48,8,877.32,43.866,935.19,14.00,3/14/2022,14:19,Ewallet,7.155846658
148-41-7930,C,Chennai,Normal,Male,Health and beauty,99.96,6,699.72,34.986,783.71,49.00,1/23/2022,10:33,Cash,5.898738461
189-40-5216,C,Chennai,Normal,Male,Electronic accessories,96.37,6,674.59,33.7295,721.32,13.00,9/1/2022,11:40,Cash,5.802037831
374-38-5555,B,karur,Normal,Female,Fashion accessories,63.71,4,318.55,15.9275,375.48,41.00,7/2/2022,19:30,Ewallet,8.219553594
764-44-8999,B,karur,Normal,Female,Health and beauty,14.76,2,29.52,1.476,68.00,37.00,2/18/2022,14:42,Ewallet,4.158127112
552-44-5977,B,karur,Member,Male,Health and beauty,62,7,496,24.8,564.80,44.00,3/1/2022,19:08,Credit card,5.995439092
267-62-7380,C,Chennai,Member,Male,Electronic accessories,82.34,9,823.4,41.17,908.57,44.00,3/29/2022,19:12,Ewallet,4.158127112
430-53-4718,B,karur,Member,Male,Health and beauty,75.37,7,602.96,30.148,664.11,31.00,1/28/2022,15:46,Credit card,8.122852963
886-18-2897,A,Trichy,Normal,Female,Food and beverages,56.56,4,282.8,14.14,345.94,49.00,3/22/2022,19:06,Credit card,4.351528373
602-16-6955,B,karur,Normal,Female,Sports and travel,76.6,9,766,38.3,814.30,10.00,1/24/2022,18:10,Ewallet,5.802037831
745-74-0715,A,Trichy,Normal,Male,Electronic accessories,58.03,2,116.06,5.803,149.86,28.00,10/3/2022,20:46,Ewallet,8.509655485
690-01-6631,B,karur,Normal,Male,Fashion accessories,17.49,9,174.9,8.745,220.65,37.00,2/22/2022,18:35,Ewallet,6.382241614
652-49-6720,C,Chennai,Member,Female,Electronic accessories,60.95,1,60.95,3.0475,75.00,11.00,2/18/2022,11:40,Ewallet,5.7053372
233-67-5758,C,Chennai,Normal,Male,Health and beauty,40.35,1,40.35,2.0175,55.37,13.00,1/29/2022,13:46,Ewallet,5.995439092
303-96-2227,B,karur,Normal,Female,Home and lifestyle,97.38,9,973.8,48.69,1063.49,41.00,2/3/2022,17:16,Ewallet,4.254827743
727-02-1313,A,Trichy,Member,Male,Food and beverages,31.84,1,31.84,1.592,62.43,29.00,9/2/2022,13:22,Cash,7.44594855
347-56-2442,A,Trichy,Normal,Male,Home and lifestyle,65.82,1,65.82,3.291,95.11,26.00,2/22/2022,15:33,Cash,3.964725851
849-09-3807,A,Trichy,Member,Female,Fashion accessories,88.34,6,618.38,30.919,691.30,42.00,2/18/2022,13:28,Cash,6.382241614
750-67-8428,A,Trichy,Member,Female,Health and beauty,74.69,7,522.83,26.1415,585.97,37.00,5/1/2024,13:08,Ewallet,9.872852715
226-31-3081,C,Chennai,Normal,Female,Electronic accessories,15.28,5,76.4,3.82,124.22,44.00,8/3/2024,10:29,Cash,10
631-41-3108,A,Trichy,Normal,Male,Home and lifestyle,46.33,7,324.31,16.2155,375.53,35.00,3/3/2024,13:23,Credit card,8.028473636
123-19-1176,A,Trichy,Member,Male,Health and beauty,58.22,8,465.76,23.288,528.05,39.00,1/27/2024,20:33,Ewallet,9.113402506
373-73-7910,A,Trichy,Normal,Male,Sports and travel,86.31,7,604.17,30.2085,663.38,29.00,8/2/2024,10:37,Ewallet,5.75012301
699-14-3026,C,Chennai,Normal,Male,Electronic accessories,85.39,7,597.73,29.8865,638.62,11.00,3/25/2024,18:30,Ewallet,4.448208366
355-53-5943,A,Trichy,Member,Female,Electronic accessories,68.84,6,413.04,20.652,465.69,32.00,2/25/2024,14:36,Ewallet,6.292587445
315-22-5665,C,Chennai,Normal,Female,Home and lifestyle,73.56,11,735.6,36.78,817.38,45.00,2/24/2024,11:38,Ewallet,8.679430958
665-32-9167,A,Trichy,Member,Female,Health and beauty,36.26,2,72.52,3.626,123.15,47.00,10/1/2024,17:15,Credit card,7.811487862
692-92-5582,B,karur,Member,Female,Food and beverages,54.84,3,164.52,8.226,209.75,37.00,2/20/2024,13:27,Credit card,6.401080332
351-62-0822,B,karur,Member,Female,Fashion accessories,14.48,4,57.92,2.896,83.82,23.00,6/2/2024,18:07,Ewallet,4.882179914
529-56-3974,B,karur,Member,Male,Electronic accessories,25.51,4,102.04,5.102,123.14,16.00,9/3/2024,17:03,Cash,7.377516314
365-64-0515,A,Trichy,Normal,Female,Electronic accessories,46.95,5,234.75,11.7375,283.49,37.00,12/2/2024,10:25,Ewallet,7.702994975
252-56-2699,A,Trichy,Normal,Male,Food and beverages,43.19,11,431.9,21.595,481.50,28.00,7/2/2024,16:48,Ewallet,8.896416732
829-34-3910,A,Trichy,Normal,Female,Health and beauty,71.38,11,713.8,35.69,791.49,42.00,3/29/2024,19:21,Cash,6.184094558
299-46-1805,B,karur,Member,Female,Sports and travel,93.72,6,562.32,28.116,600.44,10.00,1/15/2024,16:19,Cash,4.882179914
656-95-9349,A,Trichy,Member,Female,Health and beauty,68.93,7,482.51,24.1255,556.64,50.00,11/3/2024,11:03,Credit card,4.990672801
765-26-6951,A,Trichy,Normal,Male,Sports and travel,72.61,6,435.66,21.783,477.44,20.00,1/1/2024,10:39,Credit card,7.486009201
329-62-1586,A,Trichy,Normal,Male,Food and beverages,54.67,3,164.01,8.2005,213.21,41.00,1/21/2024,18:00,Credit card,9.33038828
319-50-3348,B,karur,Normal,Female,Home and lifestyle,40.3,2,80.6,4.03,98.63,14.00,11/3/2024,15:30,Ewallet,4.773687027
300-71-4605,C,Chennai,Member,Male,Electronic accessories,86.04,5,430.2,21.51,479.71,28.00,2/25/2024,11:24,Ewallet,5.207658575
371-85-5789,B,karur,Normal,Male,Health and beauty,87.98,3,263.94,13.197,324.14,47.00,5/3/2024,10:40,Ewallet,5.533137236
273-16-6619,B,karur,Normal,Male,Home and lifestyle,33.2,2,66.4,3.32,80.72,11.00,3/15/2024,12:20,Credit card,4.773687027
636-48-8204,A,Trichy,Normal,Male,Electronic accessories,34.56,5,172.8,8.64,193.44,12.00,2/17/2024,11:15,Ewallet,10
549-59-1358,A,Trichy,Member,Male,Sports and travel,88.63,3,265.89,13.2945,314.18,35.00,2/3/2024,17:36,Ewallet,6.509573218
227-03-5010,A,Trichy,Member,Female,Home and lifestyle,52.59,8,420.72,21.036,463.76,22.00,3/22/2024,19:20,Credit card,9.221895393
649-29-6775,B,karur,Normal,Male,Fashion accessories,33.52,1,33.52,1.676,45.20,10.00,8/2/2024,15:31,Cash,7.269023427
189-17-4241,A,Trichy,Normal,Female,Fashion accessories,87.67,2,175.34,8.767,212.11,28.00,10/3/2024,12:17,Credit card,8.353952297
145-94-9061,B,karur,Normal,Female,Food and beverages,88.36,5,441.8,22.09,477.89,14.00,1/25/2024,19:48,Cash,10
848-62-7243,A,Trichy,Normal,Male,Health and beauty,24.89,10,224.01,11.2005,283.21,48.00,3/15/2024,15:36,Cash,8.028473636
871-79-8483,B,karur,Normal,Male,Fashion accessories,94.13,5,470.65,23.5325,531.18,37.00,2/25/2024,19:39,Credit card,5.207658575
149-71-6266,B,karur,Member,Male,Sports and travel,78.07,10,702.63,35.1315,778.76,41.00,1/28/2024,12:43,Cash,4.882179914
640-49-2076,B,karur,Normal,Male,Sports and travel,83.78,8,670.24,33.512,734.75,31.00,10/1/2024,14:49,Cash,5.533137236
595-11-5460,A,Trichy,Normal,Male,Health and beauty,96.58,2,193.16,9.658,249.82,47.00,3/15/2024,10:12,Credit card,5.533137236
183-56-6882,C,Chennai,Member,Female,Food and beverages,99.42,4,397.68,19.884,453.56,36.00,6/2/2024,10:42,Ewallet,8.136966523
232-16-2483,C,Chennai,Member,Female,Sports and travel,68.12,1,68.12,3.406,83.53,12.00,7/1/2024,12:28,Ewallet,7.377516314
129-29-8530,A,Trichy,Member,Male,Sports and travel,62.62,5,313.1,15.655,354.76,26.00,10/3/2024,19:15,Ewallet,7.594502088
272-65-1806,A,Trichy,Normal,Female,Electronic accessories,60.88,10,547.92,27.396,586.32,11.00,1/15/2024,17:17,Ewallet,5.099165688
333-73-7901,C,Chennai,Normal,Female,Health and beauty,54.92,8,439.36,21.968,477.33,16.00,3/23/2024,13:24,Ewallet,8.24545941
777-82-7220,B,karur,Member,Male,Home and lifestyle,30.12,8,240.96,12.048,291.01,38.00,3/3/2024,13:01,Cash,8.353952297
280-35-5823,B,karur,Member,Female,Home and lifestyle,86.72,1,86.72,4.336,128.06,37.00,1/17/2024,18:45,Ewallet,8.570938071
554-53-8700,C,Chennai,Member,Male,Home and lifestyle,56.11,2,112.22,5.611,146.83,29.00,2/2/2024,10:11,Cash,6.835051879
354-25-5821,B,karur,Member,Female,Sports and travel,69.12,6,414.72,20.736,452.46,17.00,8/2/2024,13:03,Cash,6.075601671
228-96-1411,C,Chennai,Member,Female,Food and beverages,98.7,8,789.6,39.48,862.08,33.00,4/3/2024,20:39,Cash,8.24545941
617-15-4209,C,Chennai,Member,Male,Health and beauty,15.37,2,30.74,1.537,48.28,16.00,3/16/2024,19:47,Cash,7.811487862
132-32-9879,B,karur,Member,Female,Electronic accessories,93.96,4,375.84,18.792,433.63,39.00,9/3/2024,18:00,Cash,10
370-41-7321,B,karur,Member,Male,Health and beauty,56.69,10,510.21,25.5105,564.72,29.00,2/27/2024,17:24,Credit card,9.113402506
727-46-3608,B,karur,Member,Female,Food and beverages,20.01,10,180.09,9.0045,205.09,16.00,6/2/2024,15:47,Ewallet,4.448208366
669-54-1719,B,karur,Member,Male,Electronic accessories,18.93,6,113.58,5.679,130.26,11.00,10/2/2024,12:45,Credit card,8.787923845
574-22-5561,C,Chennai,Member,Female,Fashion accessories,82.63,11,826.3,41.315,915.62,48.00,3/19/2024,17:08,Ewallet,8.570938071
326-78-5178,C,Chennai,Member,Male,Food and beverages,91.4,7,639.8,31.99,701.79,30.00,3/2/2024,10:19,Cash,10
162-48-8011,A,Trichy,Member,Female,Food and beverages,44.59,5,222.95,11.1475,272.10,38.00,10/2/2024,15:10,Cash,9.221895393
616-24-2851,B,karur,Member,Female,Fashion accessories,17.87,4,71.48,3.574,87.05,12.00,3/22/2024,14:42,Ewallet,7.052037653
778-71-5554,C,Chennai,Member,Male,Fashion accessories,15.43,1,15.43,0.7715,58.20,42.00,1/25/2024,15:46,Credit card,6.618066105
242-55-6721,B,karur,Normal,Male,Home and lifestyle,16.16,2,32.32,1.616,52.94,19.00,7/3/2024,11:49,Ewallet,7.052037653
399-46-5918,C,Chennai,Normal,Female,Electronic accessories,85.98,8,687.84,34.392,766.23,44.00,2/28/2024,19:01,Cash,8.896416732
106-35-6779,A,Trichy,Member,Male,Home and lifestyle,44.34,2,88.68,4.434,133.11,40.00,3/27/2024,11:26,Cash,6.292587445
635-40-6220,A,Trichy,Normal,Male,Health and beauty,89.6,8,716.8,35.84,771.64,19.00,7/2/2024,11:28,Ewallet,7.16053054
817-48-8732,A,Trichy,Member,Female,Home and lifestyle,72.35,11,723.5,36.175,792.68,33.00,1/20/2024,15:55,Cash,5.858615897
120-06-4233,C,Chennai,Normal,Male,Electronic accessories,30.61,6,183.66,9.183,232.84,40.00,12/3/2024,20:36,Cash,10
285-68-5083,C,Chennai,Member,Female,Sports and travel,24.74,3,74.22,3.711,95.93,18.00,2/15/2024,17:47,Credit card,10
803-83-5989,C,Chennai,Normal,Male,Home and lifestyle,55.73,6,334.38,16.719,397.10,46.00,2/24/2024,10:55,Ewallet,7.594502088
347-34-2234,B,karur,Member,Female,Sports and travel,55.07,10,495.63,24.7815,540.41,20.00,3/2/2024,13:40,Ewallet,10
199-75-8169,A,Trichy,Member,Male,Sports and travel,15.81,11,158.1,7.905,212.01,46.00,6/3/2024,12:27,Credit card,9.33038828
853-23-2453,B,karur,Member,Male,Health and beauty,75.74,4,302.96,15.148,344.11,26.00,2/14/2024,14:35,Cash,8.24545941
877-22-3308,A,Trichy,Member,Male,Health and beauty,15.87,11,158.7,7.935,212.64,46.00,3/13/2024,16:40,Cash,6.292587445
838-78-4295,C,Chennai,Normal,Female,Health and beauty,33.47,2,66.94,3.347,80.29,10.00,10/2/2024,15:43,Ewallet,7.269023427
109-28-2512,B,karur,Member,Female,Fashion accessories,97.61,6,585.66,29.283,660.94,46.00,7/1/2024,15:01,Ewallet,10
232-11-3025,A,Trichy,Normal,Male,Sports and travel,78.77,11,787.7,39.385,844.09,17.00,1/24/2024,10:04,Cash,6.943544766
382-03-4532,A,Trichy,Member,Female,Health and beauty,18.33,1,18.33,0.9165,52.25,33.00,2/2/2024,18:50,Cash,4.66519414
393-65-2792,C,Chennai,Normal,Male,Food and beverages,89.48,11,894.8,44.74,959.54,20.00,6/1/2024,12:46,Credit card,10
796-12-2025,C,Chennai,Normal,Male,Fashion accessories,62.12,11,621.2,31.06,683.26,31.00,11/2/2024,16:19,Cash,6.401080332
510-95-6347,B,karur,Member,Female,Food and beverages,48.52,3,145.56,7.278,177.84,25.00,5/3/2024,18:17,Ewallet,4.339715479
841-35-6630,C,Chennai,Normal,Female,Electronic accessories,75.91,6,455.46,22.773,502.23,24.00,9/3/2024,18:21,Cash,9.438881167
287-21-9091,A,Trichy,Normal,Male,Home and lifestyle,74.67,10,672.03,33.6015,742.63,37.00,1/22/2024,10:55,Ewallet,10
732-94-0499,C,Chennai,Normal,Female,Electronic accessories,41.65,11,416.5,20.825,461.33,24.00,1/13/2024,17:04,Credit card,5.858615897
263-10-3913,C,Chennai,Member,Male,Fashion accessories,49.04,10,441.36,22.068,509.43,46.00,9/1/2024,14:20,Credit card,9.33038828
381-20-0914,A,Trichy,Member,Female,Fashion accessories,20.01,10,180.09,9.0045,225.09,36.00,12/1/2024,15:48,Credit card,6.184094558
829-49-1914,C,Chennai,Member,Female,Food and beverages,78.31,11,783.1,39.155,864.26,42.00,5/3/2024,16:24,Ewallet,7.16053054
756-01-7507,C,Chennai,Normal,Female,Health and beauty,20.38,5,101.9,5.095,125.00,18.00,1/22/2024,18:56,Cash,6.509573218
870-72-4431,C,Chennai,Normal,Female,Health and beauty,99.19,6,595.14,29.757,662.90,38.00,1/21/2024,14:42,Credit card,5.967108784
847-38-7188,B,karur,Normal,Female,Food and beverages,96.68,3,290.04,14.502,319.54,15.00,1/26/2024,19:56,Ewallet,6.943544766
480-63-2856,C,Chennai,Normal,Male,Food and beverages,19.25,8,154,7.7,192.70,31.00,1/23/2024,18:37,Ewallet,7.16053054
787-56-0757,C,Chennai,Member,Female,Food and beverages,80.36,4,321.44,16.072,353.51,16.00,2/23/2024,18:45,Credit card,9.004909619
360-39-5055,C,Chennai,Member,Male,Sports and travel,48.91,5,244.55,12.2275,278.78,22.00,9/3/2024,10:17,Cash,7.16053054
730-50-9884,C,Chennai,Normal,Female,Sports and travel,83.06,7,581.42,29.071,624.49,14.00,5/3/2024,14:31,Ewallet,4.339715479
362-58-8315,C,Chennai,Normal,Male,Fashion accessories,76.52,5,382.6,19.13,434.73,33.00,3/25/2024,10:23,Cash,10
633-44-8566,A,Trichy,Member,Male,Food and beverages,49.38,7,345.66,17.283,380.94,18.00,3/27/2024,20:35,Credit card,7.919980749
504-35-8843,A,Trichy,Normal,Male,Sports and travel,42.47,1,42.47,2.1235,74.59,30.00,2/1/2024,16:57,Cash,6.184094558
318-68-5053,B,karur,Normal,Female,Health and beauty,76.99,6,461.94,23.097,532.04,47.00,2/27/2024,17:55,Cash,6.618066105
565-80-5980,C,Chennai,Member,Female,Home and lifestyle,47.38,4,189.52,9.476,234.00,35.00,1/23/2024,10:25,Cash,7.702994975
225-32-0908,C,Chennai,Normal,Female,Sports and travel,44.86,11,448.6,22.43,516.03,45.00,1/26/2024,19:54,Ewallet,8.896416732
873-51-0671,A,Trichy,Member,Female,Sports and travel,21.98,7,153.86,7.693,181.55,20.00,10/1/2024,16:42,Ewallet,5.533137236
152-08-9985,B,karur,Member,Male,Health and beauty,64.36,10,579.24,28.962,652.20,44.00,12/3/2024,12:09,Credit card,9.33038828
512-91-0811,C,Chennai,Normal,Male,Health and beauty,89.75,1,89.75,4.4875,126.24,32.00,6/2/2024,20:05,Credit card,7.16053054
594-34-4444,A,Trichy,Normal,Male,Electronic accessories,97.16,1,97.16,4.858,140.02,38.00,8/3/2024,20:38,Ewallet,7.811487862
766-85-7061,B,karur,Normal,Male,Health and beauty,87.87,11,878.7,43.935,967.64,45.00,3/29/2024,10:25,Ewallet,5.533137236
871-39-9221,C,Chennai,Normal,Female,Electronic accessories,12.45,6,74.7,3.735,107.44,29.00,9/2/2024,13:11,Cash,4.448208366
865-92-6136,A,Trichy,Normal,Male,Food and beverages,52.75,3,158.25,7.9125,201.16,35.00,3/23/2024,10:16,Ewallet,10
733-01-9107,B,karur,Normal,Male,Home and lifestyle,82.7,6,496.2,24.81,556.01,35.00,5/3/2024,18:14,Cash,8.028473636
163-56-7055,C,Chennai,Member,Male,Fashion accessories,48.71,1,48.71,2.4355,88.15,37.00,3/26/2024,19:20,Cash,4.448208366
189-98-2939,C,Chennai,Normal,Male,Fashion accessories,78.55,10,706.95,35.3475,782.30,40.00,1/3/2024,13:22,Cash,7.811487862
551-21-3069,C,Chennai,Normal,Female,Electronic accessories,23.07,10,207.63,10.3815,237.01,19.00,1/2/2024,11:27,Cash,5.316151462
212-62-1842,A,Trichy,Normal,Male,Food and beverages,58.26,6,349.56,17.478,410.04,43.00,3/28/2024,16:44,Cash,10
716-39-1409,B,karur,Normal,Male,Health and beauty,30.35,7,212.45,10.6225,240.07,17.00,3/19/2024,18:19,Cash,8.679430958
704-48-3927,A,Trichy,Member,Male,Electronic accessories,88.67,11,886.7,44.335,960.04,29.00,12/1/2024,14:50,Ewallet,7.919980749
628-34-3388,C,Chennai,Normal,Male,Fashion accessories,27.38,6,164.28,8.214,219.49,47.00,5/1/2024,20:54,Credit card,8.570938071
630-74-5166,A,Trichy,Normal,Male,Sports and travel,62.13,6,372.78,18.639,427.42,36.00,3/22/2024,20:19,Cash,8.028473636
588-01-7461,C,Chennai,Normal,Female,Food and beverages,33.98,10,305.82,15.291,343.11,22.00,3/24/2024,10:43,Cash,4.556701253
861-77-0145,C,Chennai,Member,Male,Electronic accessories,81.97,11,819.7,40.985,899.69,39.00,3/3/2024,14:30,Cash,9.981345602
479-26-8945,B,karur,Member,Female,Sports and travel,16.49,2,32.98,1.649,83.63,49.00,5/2/2024,11:32,Ewallet,4.990672801
210-67-5886,C,Chennai,Member,Female,Health and beauty,98.21,3,294.63,14.7315,335.36,26.00,5/2/2024,10:41,Credit card,8.462445184
227-78-1148,B,karur,Normal,Female,Fashion accessories,72.84,7,509.88,25.494,575.37,40.00,2/15/2024,12:44,Cash,9.113402506
645-44-1170,A,Trichy,Member,Male,Home and lifestyle,58.07,10,522.63,26.1315,594.76,46.00,1/19/2024,20:07,Ewallet,4.66519414
237-01-6122,C,Chennai,Member,Female,Home and lifestyle,80.79,10,727.11,36.3555,778.47,15.00,1/2/2024,20:31,Credit card,10
225-98-1496,C,Chennai,Normal,Female,Fashion accessories,27.02,3,81.06,4.053,102.11,17.00,2/3/2024,13:01,Credit card,7.702994975
291-32-1427,B,karur,Member,Male,Fashion accessories,21.94,5,109.7,5.485,156.19,41.00,5/3/2024,12:29,Ewallet,5.75012301
659-65-8956,B,karur,Member,Male,Fashion accessories,51.36,1,51.36,2.568,83.93,30.00,1/16/2024,15:26,Ewallet,5.641630123
642-32-2990,A,Trichy,Normal,Female,Food and beverages,10.96,11,109.6,5.48,148.08,33.00,2/2/2024,20:48,Ewallet,6.509573218
378-24-2715,B,karur,Normal,Male,Home and lifestyle,53.44,2,106.88,5.344,158.22,46.00,1/20/2024,20:38,Ewallet,4.448208366
638-60-7125,A,Trichy,Normal,Female,Electronic accessories,99.56,8,796.48,39.824,874.30,38.00,2/14/2024,17:03,Credit card,5.641630123
659-36-1684,C,Chennai,Member,Male,Sports and travel,57.12,7,399.84,19.992,456.83,37.00,12/1/2024,12:02,Credit card,7.052037653
219-22-9386,B,karur,Member,Male,Sports and travel,99.96,10,899.64,44.982,968.62,24.00,9/3/2024,17:26,Credit card,4.556701253
336-78-2147,C,Chennai,Member,Male,Home and lifestyle,63.91,8,511.28,25.564,585.84,49.00,3/13/2024,19:52,Credit card,4.990672801
268-27-6179,B,karur,Member,Female,Fashion accessories,56.47,8,451.76,22.588,487.35,13.00,9/3/2024,14:57,Ewallet,7.919980749
668-90-8900,A,Trichy,Normal,Female,Home and lifestyle,93.69,7,655.83,32.7915,732.62,44.00,10/3/2024,18:44,Credit card,4.882179914
870-54-3162,A,Trichy,Normal,Female,Sports and travel,32.25,5,161.25,8.0625,180.31,11.00,1/27/2024,13:26,Cash,9.764359828
189-08-9157,C,Chennai,Normal,Female,Fashion accessories,31.73,10,285.57,14.2785,310.85,11.00,8/1/2024,16:17,Credit card,6.401080332
663-86-9076,C,Chennai,Member,Female,Food and beverages,68.54,8,548.32,27.416,622.74,47.00,8/1/2024,15:57,Ewallet,9.221895393
549-84-7482,B,karur,Normal,Female,Sports and travel,90.28,10,812.52,40.626,894.15,41.00,8/2/2024,11:15,Ewallet,7.811487862
191-10-6171,B,karur,Normal,Female,Fashion accessories,39.62,7,277.34,13.867,323.21,32.00,1/25/2024,13:18,Cash,8.136966523
802-70-5316,A,Trichy,Member,Female,Sports and travel,92.13,6,552.78,27.639,596.42,16.00,6/3/2024,20:34,Cash,9.004909619
695-51-0018,B,karur,Normal,Female,Sports and travel,34.84,4,139.36,6.968,162.33,16.00,10/2/2024,18:36,Cash,8.028473636
590-83-4591,B,karur,Member,Male,Electronic accessories,87.45,6,524.7,26.235,564.94,14.00,2/17/2024,14:40,Credit card,9.547374054
483-71-1164,C,Chennai,Normal,Female,Health and beauty,81.3,6,487.8,24.39,530.19,18.00,8/3/2024,16:43,Ewallet,5.75012301
597-78-7908,C,Chennai,Normal,Male,Fashion accessories,90.22,3,270.66,13.533,309.19,25.00,2/18/2024,19:39,Cash,6.726558992
700-81-1757,A,Trichy,Normal,Female,Electronic accessories,26.31,5,131.55,6.5775,151.13,13.00,1/18/2024,20:59,Credit card,9.547374054
354-39-5160,A,Trichy,Member,Female,Home and lifestyle,34.42,6,206.52,10.326,238.85,22.00,2/18/2024,15:39,Cash,10
241-72-9525,B,karur,Normal,Male,Sports and travel,51.91,11,519.1,25.955,558.06,13.00,2/16/2024,12:21,Cash,8.896416732
575-30-8091,A,Trichy,Normal,Male,Sports and travel,72.5,8,580,29,631.00,22.00,3/16/2024,19:25,Ewallet,9.981345602
731-81-9469,C,Chennai,Member,Female,Sports and travel,89.8,11,898,44.9,981.90,39.00,1/23/2024,13:00,Credit card,5.858615897
280-17-4359,C,Chennai,Member,Male,Health and beauty,90.5,11,905,45.25,998.25,48.00,1/25/2024,13:48,Cash,8.787923845
338-65-2210,C,Chennai,Member,Female,Health and beauty,68.6,11,686,34.3,766.30,46.00,5/2/2024,19:57,Cash,9.872852715
488-25-4221,C,Chennai,Member,Female,Food and beverages,30.41,1,30.41,1.5205,42.93,11.00,2/22/2024,10:36,Credit card,9.113402506
239-10-7476,A,Trichy,Normal,Female,Home and lifestyle,77.95,6,467.7,23.385,524.09,33.00,1/21/2024,16:37,Ewallet,8.679430958
458-41-1477,C,Chennai,Normal,Female,Health and beauty,46.26,6,277.56,13.878,324.44,33.00,8/3/2024,17:11,Credit card,10
685-64-1609,A,Trichy,Member,Female,Fashion accessories,30.14,11,301.4,15.07,366.47,50.00,10/2/2024,12:28,Ewallet,9.981345602
568-90-5112,C,Chennai,Normal,Male,Health and beauty,66.14,4,264.56,13.228,306.79,29.00,3/19/2024,12:46,Credit card,6.075601671
262-47-2794,B,karur,Member,Male,Home and lifestyle,71.86,8,574.88,28.744,622.62,19.00,6/3/2024,15:07,Credit card,6.726558992
238-49-0436,A,Trichy,Normal,Male,Health and beauty,32.46,8,259.68,12.984,290.66,18.00,3/27/2024,13:48,Credit card,5.316151462
608-96-3517,B,karur,Member,Female,Fashion accessories,91.54,4,366.16,18.308,418.47,34.00,3/23/2024,19:20,Credit card,5.207658575
584-86-7256,C,Chennai,Member,Male,Sports and travel,34.56,7,241.92,12.096,272.02,18.00,11/3/2024,16:07,Credit card,7.919980749
746-94-0204,A,Trichy,Normal,Male,Fashion accessories,83.24,10,749.16,37.458,827.62,41.00,1/29/2024,11:56,Credit card,8.028473636
214-17-6927,C,Chennai,Normal,Female,Food and beverages,16.48,6,98.88,4.944,146.82,43.00,7/2/2024,18:23,Ewallet,10
400-89-4171,C,Chennai,Normal,Female,Sports and travel,80.97,8,647.76,32.388,695.15,15.00,1/28/2024,13:05,Cash,10
782-95-9291,A,Trichy,Member,Male,Food and beverages,92.29,5,461.45,23.0725,509.52,25.00,2/20/2024,15:55,Credit card,9.764359828
279-74-2924,B,karur,Member,Male,Electronic accessories,72.17,1,72.17,3.6085,113.78,38.00,4/1/2024,19:40,Cash,6.618066105
307-85-2293,B,karur,Normal,Male,Home and lifestyle,50.28,5,251.4,12.57,310.97,47.00,7/3/2024,13:58,Ewallet,10
743-04-1105,B,karur,Member,Male,Health and beauty,97.22,10,874.98,43.749,950.73,32.00,3/30/2024,14:43,Ewallet,6.509573218
423-57-2993,B,karur,Normal,Male,Sports and travel,93.39,6,560.34,28.017,605.36,17.00,3/27/2024,19:18,Ewallet,10
894-41-5205,C,Chennai,Normal,Female,Food and beverages,43.18,8,345.44,17.272,392.71,30.00,1/19/2024,19:39,Credit card,9.004909619
275-28-0149,A,Trichy,Normal,Male,Sports and travel,63.69,1,63.69,3.1845,82.87,16.00,2/25/2024,16:21,Cash,6.509573218
101-17-6199,A,Trichy,Normal,Male,Food and beverages,45.79,7,320.53,16.0265,375.56,39.00,3/13/2024,19:44,Credit card,7.594502088
423-80-0988,C,Chennai,Normal,Male,Sports and travel,76.4,2,152.8,7.64,182.44,22.00,1/30/2024,19:42,Ewallet,7.052037653
548-46-9322,B,karur,Normal,Male,Food and beverages,39.9,11,399,19.95,447.95,29.00,2/20/2024,15:24,Credit card,6.401080332
505-02-0892,B,karur,Member,Male,Health and beauty,42.57,8,340.56,17.028,382.59,25.00,2/25/2024,14:12,Ewallet,6.075601671
234-65-2137,C,Chennai,Normal,Male,Home and lifestyle,95.58,11,955.8,47.79,1024.59,21.00,1/16/2024,13:32,Cash,5.207658575
687-47-8271,A,Trichy,Normal,Male,Fashion accessories,98.98,11,989.8,49.49,1086.29,47.00,8/2/2024,16:20,Credit card,9.438881167
796-32-9050,A,Trichy,Normal,Male,Food and beverages,51.28,6,307.68,15.384,346.06,23.00,1/19/2024,16:31,Cash,7.052037653
105-31-1824,A,Trichy,Member,Male,Sports and travel,69.52,7,486.64,24.332,521.97,11.00,1/2/2024,15:10,Credit card,9.221895393
249-42-3782,A,Trichy,Normal,Male,Health and beauty,70.01,5,350.05,17.5025,395.55,28.00,3/1/2024,11:36,Ewallet,5.967108784
316-55-4634,B,karur,Member,Male,Food and beverages,80.05,5,400.25,20.0125,432.26,12.00,1/26/2024,12:45,Credit card,10
733-33-4967,C,Chennai,Normal,Male,Electronic accessories,20.85,8,166.8,8.34,193.14,18.00,3/3/2024,19:17,Cash,6.835051879
608-27-6295,B,karur,Member,Male,Electronic accessories,52.89,6,317.34,15.867,373.21,40.00,1/19/2024,17:34,Credit card,10
414-12-7047,B,karur,Normal,Male,Food and beverages,19.79,8,158.32,7.916,205.24,39.00,1/18/2024,12:04,Ewallet,9.438881167
827-26-2100,A,Trichy,Member,Male,Home and lifestyle,33.84,10,304.56,15.228,351.79,32.00,3/21/2024,16:21,Ewallet,9.547374054
175-54-2529,A,Trichy,Member,Male,Food and beverages,22.17,8,177.36,8.868,231.23,45.00,3/3/2024,17:01,Credit card,10
139-52-2867,C,Chennai,Normal,Female,Fashion accessories,22.51,7,157.57,7.8785,191.45,26.00,2/13/2024,10:50,Credit card,5.207658575
407-63-8975,A,Trichy,Normal,Male,Food and beverages,73.88,6,443.28,22.164,510.44,45.00,3/23/2024,19:16,Ewallet,4.773687027
342-65-4817,C,Chennai,Member,Male,Health and beauty,86.8,3,260.4,13.02,294.42,21.00,1/28/2024,16:47,Ewallet,10
130-98-8941,C,Chennai,Normal,Male,Fashion accessories,64.26,7,449.82,22.491,517.31,45.00,9/2/2024,10:00,Cash,6.184094558
434-83-9547,C,Chennai,Member,Male,Food and beverages,38.47,8,307.76,15.388,365.15,42.00,1/23/2024,11:51,Cash,8.353952297
851-28-6367,A,Trichy,Member,Male,Sports and travel,15.5,11,155,7.75,202.75,40.00,3/23/2024,10:55,Ewallet,8.679430958
824-88-3614,C,Chennai,Normal,Male,Health and beauty,34.31,8,274.48,13.724,329.20,41.00,1/25/2024,15:00,Ewallet,6.184094558
586-25-0848,A,Trichy,Normal,Female,Sports and travel,12.34,7,86.38,4.319,110.70,20.00,4/3/2024,11:19,Credit card,7.269023427
895-66-0685,B,karur,Member,Male,Food and beverages,18.08,3,54.24,2.712,99.95,43.00,5/3/2024,19:46,Ewallet,8.679430958
305-14-0245,B,karur,Member,Female,Home and lifestyle,94.49,8,755.92,37.796,836.72,43.00,3/3/2024,19:00,Ewallet,8.136966523
732-04-5373,B,karur,Member,Male,Home and lifestyle,46.47,4,185.88,9.294,233.17,38.00,8/2/2024,10:53,Cash,7.594502088
400-60-7251,A,Trichy,Normal,Male,Home and lifestyle,74.07,1,74.07,3.7035,100.77,23.00,10/2/2024,12:50,Ewallet,10
593-65-1552,C,Chennai,Normal,Female,Home and lifestyle,69.81,4,279.24,13.962,342.20,49.00,1/28/2024,20:50,Credit card,6.401080332
284-34-9626,B,karur,Normal,Female,Home and lifestyle,77.04,3,231.12,11.556,284.68,42.00,11/2/2024,10:39,Credit card,7.811487862
437-58-8131,B,karur,Normal,Female,Fashion accessories,73.52,2,147.04,7.352,164.39,10.00,1/15/2024,13:41,Ewallet,4.990672801
286-43-6208,C,Chennai,Normal,Female,Food and beverages,87.8,10,790.2,39.51,850.71,21.00,3/16/2024,19:08,Cash,9.981345602
641-43-2399,B,karur,Normal,Male,Home and lifestyle,25.55,4,102.2,5.11,121.31,14.00,1/26/2024,20:23,Ewallet,6.184094558
831-07-6050,A,Trichy,Normal,Male,Electronic accessories,32.71,5,163.55,8.1775,182.73,11.00,3/19/2024,11:30,Credit card,10
556-86-3144,C,Chennai,Member,Female,Fashion accessories,74.29,1,74.29,3.7145,105.00,27.00,1/13/2024,19:30,Cash,5.424644349
848-24-9445,C,Chennai,Member,Male,Health and beauty,43.7,2,87.4,4.37,110.77,19.00,3/26/2024,18:03,Cash,5.316151462
856-22-8149,A,Trichy,Normal,Female,Home and lifestyle,25.29,1,25.29,1.2645,46.55,20.00,3/23/2024,10:13,Ewallet,6.618066105
699-01-4164,C,Chennai,Normal,Male,Health and beauty,41.5,4,166,8.3,205.30,31.00,12/3/2024,19:58,Credit card,8.896416732
420-11-4919,C,Chennai,Member,Female,Food and beverages,71.39,5,356.95,17.8475,387.80,13.00,2/17/2024,19:57,Credit card,5.967108784
606-80-4905,C,Chennai,Member,Female,Sports and travel,19.15,6,114.9,5.745,161.65,41.00,1/29/2024,10:01,Credit card,7.377516314
542-41-0513,B,karur,Member,Female,Electronic accessories,57.49,4,229.96,11.498,291.46,50.00,3/15/2024,11:57,Cash,7.16053054
426-39-2418,C,Chennai,Normal,Male,Electronic accessories,61.41,7,429.87,21.4935,474.36,23.00,1/14/2024,10:02,Cash,10
875-46-5808,B,karur,Member,Male,Health and beauty,25.9,11,259,12.95,296.95,25.00,6/2/2024,14:51,Ewallet,9.438881167
394-43-4238,B,karur,Member,Male,Home and lifestyle,17.77,5,88.85,4.4425,139.29,46.00,2/15/2024,12:42,Credit card,5.858615897
749-24-1565,A,Trichy,Normal,Female,Health and beauty,23.03,10,207.27,10.3635,248.63,31.00,3/1/2024,12:02,Ewallet,8.570938071
672-51-8681,C,Chennai,Member,Female,Electronic accessories,66.65,10,599.85,29.9925,641.84,12.00,4/1/2024,18:19,Credit card,10
263-87-5680,C,Chennai,Member,Female,Home and lifestyle,28.53,11,285.3,14.265,328.57,29.00,3/18/2024,17:38,Ewallet,8.462445184
573-58-9734,B,karur,Normal,Female,Fashion accessories,30.37,3,91.11,4.5555,119.67,24.00,3/28/2024,13:41,Ewallet,5.533137236
817-69-8206,B,karur,Normal,Female,Electronic accessories,99.73,10,897.57,44.8785,967.45,25.00,2/3/2024,19:42,Credit card,7.052037653
888-02-0338,A,Trichy,Normal,Male,Electronic accessories,26.23,10,236.07,11.8035,279.87,32.00,1/25/2024,20:24,Ewallet,6.401080332
677-11-0152,C,Chennai,Normal,Female,Food and beverages,93.26,10,839.34,41.967,907.31,26.00,1/16/2024,18:08,Cash,9.547374054
142-63-6033,B,karur,Normal,Male,Home and lifestyle,92.36,5,461.8,23.09,509.89,25.00,3/20/2024,19:17,Ewallet,5.316151462
656-16-1063,B,karur,Normal,Male,Sports and travel,46.42,3,139.26,6.963,190.22,44.00,4/1/2024,13:24,Credit card,4.773687027
891-58-8335,B,karur,Member,Female,Sports and travel,29.61,7,207.27,10.3635,238.63,21.00,11/3/2024,15:53,Cash,7.052037653
802-43-8934,A,Trichy,Normal,Male,Home and lifestyle,18.28,1,18.28,0.914,35.19,16.00,3/22/2024,15:05,Credit card,9.004909619
560-30-5617,B,karur,Normal,Female,Sports and travel,24.77,5,123.85,6.1925,167.04,37.00,3/24/2024,18:27,Cash,9.221895393
319-74-2561,A,Trichy,Member,Female,Electronic accessories,94.64,3,283.92,14.196,332.12,34.00,2/21/2024,16:55,Cash,5.967108784
549-03-9315,B,karur,Normal,Male,Fashion accessories,94.87,8,758.96,37.948,828.91,32.00,12/2/2024,12:58,Ewallet,9.438881167
790-29-1172,B,karur,Normal,Female,Food and beverages,57.34,3,172.02,8.601,196.62,16.00,10/3/2024,18:59,Credit card,8.570938071
239-36-3640,B,karur,Normal,Male,Electronic accessories,45.35,6,272.1,13.605,331.71,46.00,1/31/2024,13:44,Ewallet,6.618066105
468-01-2051,B,karur,Normal,Male,Food and beverages,62.08,7,434.56,21.728,486.29,30.00,6/3/2024,13:46,Ewallet,5.858615897
389-25-3394,C,Chennai,Normal,Male,Electronic accessories,11.81,5,59.05,2.9525,87.00,25.00,2/17/2024,18:06,Cash,10
279-62-1445,C,Chennai,Member,Female,Fashion accessories,12.54,1,12.54,0.627,35.17,22.00,2/21/2024,12:38,Cash,8.896416732
213-72-6612,A,Trichy,Normal,Male,Food and beverages,43.25,2,86.5,4.325,115.83,25.00,3/20/2024,15:56,Cash,6.726558992
746-68-6593,C,Chennai,Member,Female,Sports and travel,87.16,2,174.32,8.716,232.04,49.00,11/1/2024,14:29,Credit card,10
836-82-5858,B,karur,Member,Male,Health and beauty,69.37,10,624.33,31.2165,699.55,44.00,1/26/2024,19:14,Ewallet,4.339715479
583-72-1480,C,Chennai,Member,Male,Electronic accessories,37.06,4,148.24,7.412,184.65,29.00,1/31/2024,16:24,Ewallet,10
466-61-5506,B,karur,Member,Female,Electronic accessories,90.7,6,544.2,27.21,584.41,13.00,2/26/2024,10:52,Cash,5.75012301
721-86-6247,A,Trichy,Normal,Female,Home and lifestyle,63.42,8,507.36,25.368,557.73,25.00,11/3/2024,12:55,Ewallet,8.028473636
289-65-5721,B,karur,Normal,Female,Fashion accessories,81.37,2,162.74,8.137,204.88,34.00,1/26/2024,19:28,Cash,7.052037653
545-46-3100,B,karur,Member,Female,Electronic accessories,10.59,3,31.77,1.5885,43.36,10.00,12/3/2024,13:52,Credit card,9.438881167
418-02-5978,B,karur,Normal,Female,Health and beauty,84.09,10,756.81,37.8405,838.65,44.00,11/2/2024,10:54,Cash,8.679430958
269-04-5750,B,karur,Member,Male,Fashion accessories,73.82,4,295.28,14.764,329.04,19.00,2/21/2024,18:31,Cash,7.269023427
157-13-5295,A,Trichy,Member,Male,Health and beauty,51.94,11,519.4,25.97,561.37,16.00,9/3/2024,18:24,Ewallet,7.052037653
645-78-8093,A,Trichy,Normal,Female,Sports and travel,93.14,2,186.28,9.314,219.59,24.00,1/20/2024,18:09,Ewallet,4.448208366
211-30-9270,C,Chennai,Normal,Male,Health and beauty,17.41,5,87.05,4.3525,119.40,28.00,1/28/2024,15:16,Credit card,5.316151462
755-12-3214,C,Chennai,Member,Female,Fashion accessories,44.22,5,221.1,11.055,276.16,44.00,5/3/2024,17:07,Credit card,9.33038828
346-84-3103,B,karur,Member,Female,Electronic accessories,13.22,5,66.1,3.305,104.41,35.00,2/3/2024,19:26,Cash,4.66519414
478-06-7835,A,Trichy,Normal,Male,Fashion accessories,89.69,1,89.69,4.4845,140.17,46.00,11/1/2024,11:20,Ewallet,5.316151462
540-11-4336,A,Trichy,Normal,Male,Food and beverages,24.94,10,224.46,11.223,250.68,15.00,11/1/2024,16:49,Credit card,6.075601671
448-81-5016,A,Trichy,Normal,Male,Health and beauty,59.77,2,119.54,5.977,138.52,13.00,11/3/2024,12:01,Credit card,6.292587445
142-72-4741,C,Chennai,Member,Male,Fashion accessories,93.2,2,186.4,9.32,221.72,26.00,2/28/2024,18:37,Credit card,6.509573218
217-58-1179,A,Trichy,Member,Male,Home and lifestyle,62.65,4,250.6,12.53,289.13,26.00,5/1/2024,11:25,Cash,4.556701253
376-02-8238,B,karur,Normal,Male,Home and lifestyle,93.87,8,750.96,37.548,833.51,45.00,2/2/2024,18:42,Credit card,9.004909619
530-90-9855,A,Trichy,Member,Male,Home and lifestyle,47.59,8,380.72,19.036,438.76,39.00,1/1/2024,14:47,Cash,6.184094558
866-05-7563,B,karur,Member,Female,Electronic accessories,81.4,3,244.2,12.21,299.41,43.00,9/2/2024,19:43,Cash,5.207658575
604-70-6476,A,Trichy,Member,Male,Fashion accessories,17.94,5,89.7,4.485,136.19,42.00,1/23/2024,14:04,Ewallet,7.377516314
799-71-1548,A,Trichy,Member,Male,Electronic accessories,77.72,4,310.88,15.544,346.42,20.00,7/1/2024,16:11,Credit card,9.547374054
785-13-7708,B,karur,Normal,Male,Food and beverages,73.06,7,511.42,25.571,552.99,16.00,1/14/2024,19:06,Credit card,4.556701253
845-51-0542,B,karur,Member,Male,Food and beverages,46.55,10,418.95,20.9475,449.90,10.00,2/2/2024,15:34,Ewallet,6.943544766
662-47-5456,C,Chennai,Member,Male,Fashion accessories,35.19,11,351.9,17.595,400.50,31.00,3/17/2024,19:06,Credit card,9.113402506
883-17-4236,C,Chennai,Normal,Female,Sports and travel,14.39,2,28.78,1.439,44.22,14.00,2/3/2024,19:44,Credit card,7.811487862
290-68-2984,A,Trichy,Normal,Male,Home and lifestyle,23.75,4,95,4.75,122.75,23.00,3/16/2024,11:22,Cash,5.641630123
704-11-6354,A,Trichy,Member,Male,Home and lifestyle,58.9,8,471.2,23.56,525.76,31.00,6/1/2024,11:23,Cash,9.655866941
110-48-7033,B,karur,Member,Male,Fashion accessories,32.62,4,130.48,6.524,181.00,44.00,1/29/2024,14:12,Cash,9.764359828
366-93-0948,A,Trichy,Member,Male,Electronic accessories,66.35,1,66.35,3.3175,92.67,23.00,1/31/2024,10:46,Credit card,10
729-09-9681,A,Trichy,Member,Male,Home and lifestyle,25.91,6,155.46,7.773,210.23,47.00,5/2/2024,10:16,Ewallet,9.438881167
151-16-1484,A,Trichy,Member,Male,Electronic accessories,32.25,4,129,6.45,152.45,17.00,2/13/2024,12:38,Ewallet,7.052037653
380-94-4661,C,Chennai,Member,Male,Electronic accessories,65.94,4,263.76,13.188,305.95,29.00,7/2/2024,13:05,Credit card,7.486009201
850-41-9669,A,Trichy,Normal,Female,Electronic accessories,75.06,10,675.54,33.777,729.32,20.00,3/19/2024,13:25,Ewallet,6.726558992
821-07-3596,C,Chennai,Normal,Female,Fashion accessories,16.45,4,65.8,3.29,99.09,30.00,7/3/2024,14:53,Ewallet,6.075601671
655-85-5130,B,karur,Member,Female,Fashion accessories,38.3,4,153.2,7.66,176.86,16.00,3/13/2024,19:22,Cash,6.184094558
447-15-7839,A,Trichy,Member,Female,Sports and travel,22.24,11,222.4,11.12,250.52,17.00,9/2/2024,11:00,Cash,4.556701253
154-74-7179,B,karur,Normal,Male,Sports and travel,54.45,1,54.45,2.7225,74.17,17.00,2/26/2024,19:24,Ewallet,8.570938071
253-12-6086,A,Trichy,Member,Female,Sports and travel,98.4,7,688.8,34.44,741.24,18.00,12/3/2024,12:43,Credit card,9.438881167
808-65-0703,C,Chennai,Normal,Male,Home and lifestyle,35.47,4,141.88,7.094,162.97,14.00,3/14/2024,17:22,Credit card,7.486009201
571-94-0759,B,karur,Member,Female,Food and beverages,74.6,11,746,37.3,803.30,20.00,8/1/2024,20:55,Cash,10
144-51-6085,A,Trichy,Member,Male,Home and lifestyle,70.74,4,282.96,14.148,329.11,32.00,5/1/2024,16:05,Credit card,4.773687027
731-14-2199,A,Trichy,Member,Female,Home and lifestyle,35.54,11,355.4,17.77,390.17,17.00,4/1/2024,13:34,Ewallet,7.594502088
783-09-1637,B,karur,Normal,Female,Sports and travel,67.43,5,337.15,16.8575,364.01,10.00,6/3/2024,18:13,Ewallet,6.835051879
687-15-1097,C,Chennai,Member,Female,Health and beauty,21.12,2,42.24,2.112,73.35,29.00,3/1/2024,19:17,Cash,10
126-54-1082,A,Trichy,Member,Female,Home and lifestyle,21.54,10,193.86,9.693,249.55,46.00,7/1/2024,11:44,Credit card,9.547374054
633-91-1052,A,Trichy,Normal,Female,Home and lifestyle,12.03,2,24.06,1.203,45.26,20.00,1/27/2024,15:51,Cash,5.533137236
477-24-6490,B,karur,Normal,Female,Health and beauty,99.71,6,598.26,29.913,647.17,19.00,2/26/2024,16:52,Ewallet,8.570938071
566-19-5475,B,karur,Normal,Male,Fashion accessories,47.97,7,335.79,16.7895,373.58,21.00,7/1/2024,20:52,Cash,6.726558992
526-86-8552,C,Chennai,Member,Female,Home and lifestyle,21.82,11,218.2,10.91,249.11,20.00,7/1/2024,17:36,Cash,7.702994975
376-56-3573,C,Chennai,Normal,Female,Fashion accessories,95.42,4,381.68,19.084,430.76,30.00,2/2/2024,13:23,Ewallet,6.943544766
537-72-0426,C,Chennai,Member,Male,Fashion accessories,70.99,11,709.9,35.495,789.40,44.00,3/20/2024,16:28,Cash,6.184094558
828-61-5674,A,Trichy,Member,Male,Sports and travel,44.02,11,440.2,22.01,506.21,44.00,3/20/2024,19:57,Credit card,10
136-08-6195,A,Trichy,Normal,Female,Home and lifestyle,69.96,8,559.68,27.984,597.66,10.00,2/15/2024,17:01,Credit card,6.943544766
523-38-0215,C,Chennai,Normal,Male,Home and lifestyle,37,1,37,1.85,61.85,23.00,6/3/2024,13:29,Credit card,8.570938071
490-29-1201,A,Trichy,Normal,Female,Sports and travel,15.34,1,15.34,0.767,36.11,20.00,6/1/2024,11:09,Cash,7.052037653
667-92-0055,A,Trichy,Member,Male,Health and beauty,99.83,6,598.98,29.949,659.93,31.00,4/3/2024,15:02,Ewallet,9.221895393
565-17-3836,A,Trichy,Member,Female,Health and beauty,47.67,4,190.68,9.534,215.21,15.00,12/3/2024,14:21,Cash,9.872852715
498-41-1961,B,karur,Normal,Male,Health and beauty,66.68,5,333.4,16.67,371.07,21.00,2/20/2024,18:01,Cash,8.24545941
593-95-4461,C,Chennai,Member,Male,Home and lifestyle,74.86,1,74.86,3.743,91.60,13.00,3/24/2024,14:49,Cash,7.486009201
226-71-3580,C,Chennai,Normal,Female,Sports and travel,23.75,10,213.75,10.6875,260.44,36.00,1/31/2024,12:02,Cash,10
283-79-9594,B,karur,Normal,Female,Food and beverages,48.51,7,339.57,16.9785,374.55,18.00,1/25/2024,13:30,Credit card,5.641630123
430-60-3493,A,Trichy,Member,Female,Home and lifestyle,94.88,7,664.16,33.208,714.37,17.00,3/2/2024,14:38,Cash,4.556701253
139-20-0155,B,karur,Member,Male,Electronic accessories,40.3,11,403,20.15,433.15,10.00,1/24/2024,17:37,Credit card,7.594502088
558-80-4082,C,Chennai,Normal,Male,Electronic accessories,27.85,7,194.95,9.7475,215.70,11.00,3/14/2024,17:20,Ewallet,6.509573218
278-97-7759,A,Trichy,Member,Female,Electronic accessories,62.48,1,62.48,3.124,83.60,18.00,2/18/2024,20:29,Cash,5.099165688
316-68-6352,A,Trichy,Member,Female,Food and beverages,36.36,2,72.72,3.636,108.36,32.00,1/21/2024,10:00,Cash,7.702994975
585-03-5943,B,karur,Normal,Male,Health and beauty,18.11,11,181.1,9.055,216.16,26.00,3/13/2024,11:46,Ewallet,6.401080332
211-05-0490,C,Chennai,Member,Female,Electronic accessories,51.92,5,259.6,12.98,307.58,35.00,3/3/2024,13:42,Cash,8.136966523
727-75-6477,C,Chennai,Normal,Male,Electronic accessories,28.84,4,115.36,5.768,144.13,23.00,3/29/2024,14:44,Cash,6.943544766
744-02-5987,A,Trichy,Member,Male,Home and lifestyle,78.38,6,470.28,23.514,534.79,41.00,10/1/2024,14:16,Ewallet,6.292587445
307-83-9164,A,Trichy,Member,Male,Home and lifestyle,60.01,4,240.04,12.002,266.04,14.00,1/25/2024,15:54,Cash,4.882179914
779-06-0012,C,Chennai,Member,Female,Home and lifestyle,88.61,1,88.61,4.4305,140.04,47.00,1/19/2024,10:21,Cash,8.353952297
446-47-6729,C,Chennai,Normal,Male,Fashion accessories,99.82,2,199.64,9.982,246.62,37.00,2/1/2024,18:09,Credit card,7.269023427
573-10-3877,B,karur,Member,Male,Health and beauty,39.01,1,39.01,1.9505,64.96,24.00,12/3/2024,16:46,Credit card,5.099165688
735-06-4124,C,Chennai,Normal,Male,Food and beverages,48.61,1,48.61,2.4305,80.04,29.00,2/25/2024,15:31,Cash,4.773687027
439-54-7422,A,Trichy,Normal,Female,Electronic accessories,51.19,4,204.76,10.238,227.00,12.00,3/18/2024,17:15,Credit card,5.099165688
396-90-2219,B,karur,Normal,Female,Electronic accessories,14.96,8,119.68,5.984,147.66,22.00,2/23/2024,12:29,Cash,9.33038828
411-77-0180,A,Trichy,Member,Male,Electronic accessories,72.2,7,505.4,25.27,546.67,16.00,3/26/2024,20:14,Ewallet,4.66519414
286-01-5402,A,Trichy,Normal,Female,Sports and travel,40.23,7,281.61,14.0805,344.69,49.00,3/30/2024,13:22,Cash,10
803-17-8013,A,Trichy,Member,Female,Home and lifestyle,88.79,8,710.32,35.516,778.84,33.00,2/17/2024,17:09,Cash,4.448208366
512-98-1403,A,Trichy,Member,Female,Electronic accessories,26.48,3,79.44,3.972,128.41,45.00,3/21/2024,10:40,Ewallet,5.099165688
848-42-2560,A,Trichy,Normal,Female,Fashion accessories,81.91,2,163.82,8.191,214.01,42.00,5/3/2024,17:43,Cash,8.462445184
532-59-7201,B,karur,Member,Male,Sports and travel,79.93,6,479.58,23.979,545.56,42.00,1/31/2024,14:04,Cash,5.967108784
181-94-6432,C,Chennai,Member,Male,Fashion accessories,69.33,2,138.66,6.933,171.59,26.00,5/2/2024,19:05,Ewallet,10
870-76-1733,A,Trichy,Member,Female,Food and beverages,14.23,5,71.15,3.5575,116.71,42.00,1/2/2024,10:08,Credit card,4.773687027
423-64-4619,A,Trichy,Member,Female,Health and beauty,15.55,10,139.95,6.9975,194.95,48.00,7/3/2024,13:12,Cash,5.424644349
227-07-4446,C,Chennai,Member,Female,Electronic accessories,78.13,11,781.3,39.065,870.37,50.00,10/2/2024,20:51,Cash,4.773687027
174-36-3675,C,Chennai,Member,Male,Food and beverages,99.37,2,198.74,9.937,247.68,39.00,2/14/2024,17:29,Cash,5.641630123
428-83-5800,C,Chennai,Member,Female,Food and beverages,21.08,3,63.24,3.162,90.40,24.00,9/2/2024,10:25,Cash,7.919980749
603-07-0961,C,Chennai,Member,Male,Electronic accessories,74.79,5,373.95,18.6975,434.65,42.00,10/1/2024,11:34,Cash,5.316151462
704-20-4138,C,Chennai,Member,Female,Health and beauty,29.67,7,207.69,10.3845,235.07,17.00,11/3/2024,18:58,Credit card,8.787923845
787-15-1757,C,Chennai,Member,Male,Health and beauty,44.07,4,176.28,8.814,195.09,10.00,2/18/2024,16:28,Ewallet,9.113402506
649-11-3678,C,Chennai,Normal,Female,Food and beverages,22.93,10,206.37,10.3185,264.69,48.00,2/26/2024,20:26,Cash,5.967108784
622-20-1945,C,Chennai,Normal,Female,Health and beauty,39.42,1,39.42,1.971,57.39,16.00,1/18/2024,15:08,Cash,9.113402506
372-94-8041,A,Trichy,Normal,Male,Health and beauty,15.26,6,91.56,4.578,126.14,30.00,2/15/2024,18:03,Ewallet,10
563-91-7120,A,Trichy,Normal,Female,Fashion accessories,61.77,5,308.85,15.4425,350.29,26.00,8/3/2024,13:21,Cash,7.269023427
746-54-5508,A,Trichy,Normal,Male,Home and lifestyle,21.52,6,129.12,6.456,158.58,23.00,1/17/2024,12:48,Credit card,10
276-54-0879,B,karur,Normal,Male,Sports and travel,97.74,4,390.96,19.548,447.51,37.00,12/3/2024,19:53,Ewallet,6.943544766
815-11-1168,A,Trichy,Member,Male,Food and beverages,99.78,5,498.9,24.945,562.85,39.00,9/3/2024,19:09,Cash,5.858615897
719-76-3868,C,Chennai,Member,Male,Food and beverages,94.26,4,377.04,18.852,440.89,45.00,12/3/2024,16:30,Cash,9.33038828
730-61-8757,B,karur,Member,Male,Health and beauty,51.13,4,204.52,10.226,224.75,10.00,1/25/2024,10:11,Credit card,4.339715479
340-66-0321,A,Trichy,Member,Male,Electronic accessories,36.36,4,145.44,7.272,167.71,15.00,3/25/2024,13:07,Cash,8.24545941
868-81-1752,B,karur,Normal,Male,Home and lifestyle,22.02,10,198.18,9.909,258.09,50.00,7/2/2024,18:48,Cash,7.377516314
634-97-8956,A,Trichy,Normal,Male,Food and beverages,32.9,3,98.7,4.935,142.64,39.00,2/17/2024,17:27,Credit card,9.872852715
566-71-1091,A,Trichy,Normal,Male,Fashion accessories,77.02,5,385.1,19.255,441.36,37.00,3/2/2024,15:59,Cash,5.967108784
442-48-3607,A,Trichy,Member,Male,Food and beverages,23.48,2,46.96,2.348,78.31,29.00,3/14/2024,11:21,Credit card,8.570938071
835-16-0096,C,Chennai,Member,Male,Sports and travel,14.7,5,73.5,3.675,121.18,44.00,3/24/2024,13:48,Ewallet,9.221895393
527-09-6272,A,Trichy,Member,Female,Electronic accessories,28.45,5,142.25,7.1125,197.36,48.00,3/21/2024,10:17,Credit card,9.872852715
898-04-2717,A,Trichy,Normal,Male,Fashion accessories,76.4,10,687.6,34.38,751.98,30.00,3/19/2024,15:49,Ewallet,8.136966523
692-27-8933,B,karur,Normal,Female,Sports and travel,57.95,6,347.7,17.385,398.09,33.00,2/24/2024,13:02,Cash,5.641630123
633-09-3463,C,Chennai,Normal,Female,Electronic accessories,47.65,3,142.95,7.1475,186.10,36.00,3/28/2024,12:58,Credit card,10
374-17-3652,B,karur,Member,Female,Food and beverages,42.82,10,385.38,19.269,415.65,11.00,5/2/2024,15:26,Credit card,9.655866941
378-07-7001,B,karur,Member,Male,Electronic accessories,48.09,3,144.27,7.2135,183.48,32.00,10/2/2024,18:23,Credit card,8.462445184
433-75-6987,B,karur,Member,Female,Health and beauty,55.97,7,391.79,19.5895,441.38,30.00,5/3/2024,19:06,Ewallet,9.655866941
873-95-4984,B,karur,Member,Female,Health and beauty,76.9,7,538.3,26.915,599.22,34.00,2/15/2024,20:21,Cash,8.353952297
416-13-5917,C,Chennai,Normal,Female,Food and beverages,97.03,5,485.15,24.2575,531.41,22.00,1/30/2024,16:24,Ewallet,10
150-89-8043,A,Trichy,Normal,Male,Sports and travel,44.65,3,133.95,6.6975,151.65,11.00,2/14/2024,15:04,Cash,6.726558992
135-84-8019,A,Trichy,Normal,Female,Fashion accessories,77.93,10,701.37,35.0685,763.44,27.00,2/27/2024,16:10,Ewallet,8.24545941
441-94-7118,A,Trichy,Member,Male,Electronic accessories,71.95,1,71.95,3.5975,96.55,21.00,4/2/2024,12:14,Cash,7.919980749
725-96-3778,C,Chennai,Member,Female,Home and lifestyle,89.25,8,714,35.7,795.70,46.00,1/20/2024,10:13,Cash,5.099165688
531-80-1784,A,Trichy,Normal,Male,Electronic accessories,26.02,7,182.14,9.107,212.25,21.00,3/28/2024,17:38,Cash,5.533137236
400-45-1220,B,karur,Normal,Female,Health and beauty,13.5,11,135,6.75,158.75,17.00,2/27/2024,11:06,Credit card,5.207658575
860-79-0874,C,Chennai,Member,Female,Fashion accessories,99.3,11,993,49.65,1057.65,15.00,2/15/2024,14:53,Credit card,7.16053054
834-61-8124,A,Trichy,Normal,Male,Electronic accessories,51.69,7,361.83,18.0915,411.92,32.00,1/26/2024,18:22,Cash,5.967108784
115-99-4379,B,karur,Member,Female,Fashion accessories,54.73,7,383.11,19.1555,426.27,24.00,3/14/2024,19:02,Credit card,9.221895393
565-67-6697,B,karur,Member,Male,Home and lifestyle,27,10,243,12.15,293.15,38.00,2/3/2024,14:16,Cash,5.207658575
320-49-6392,C,Chennai,Normal,Female,Electronic accessories,30.24,1,30.24,1.512,47.75,16.00,4/3/2024,15:44,Cash,9.113402506
889-04-9723,B,karur,Member,Female,Food and beverages,89.14,4,356.56,17.828,424.39,50.00,7/1/2024,12:20,Credit card,8.462445184
632-90-0281,C,Chennai,Normal,Female,Fashion accessories,37.55,11,375.5,18.775,407.28,13.00,8/3/2024,20:01,Credit card,10
554-42-2417,C,Chennai,Normal,Female,Sports and travel,95.44,11,954.4,47.72,1021.12,19.00,9/1/2024,13:45,Cash,5.641630123
453-63-6187,B,karur,Normal,Male,Electronic accessories,27.5,3,82.5,4.125,114.63,28.00,1/3/2024,15:40,Ewallet,7.052037653
578-80-7669,B,karur,Normal,Male,Sports and travel,74.97,1,74.97,3.7485,125.72,47.00,3/16/2024,16:58,Cash,6.075601671
612-36-5536,A,Trichy,Member,Male,Food and beverages,80.96,8,647.68,32.384,715.06,35.00,2/17/2024,11:12,Credit card,8.028473636
605-72-4132,C,Chennai,Normal,Female,Food and beverages,94.47,8,755.76,37.788,808.55,15.00,2/27/2024,15:12,Cash,9.872852715
471-41-2823,C,Chennai,Normal,Male,Food and beverages,99.79,2,199.58,9.979,249.56,40.00,7/3/2024,20:37,Ewallet,8.679430958
462-67-9126,A,Trichy,Normal,Male,Home and lifestyle,73.22,6,439.32,21.966,482.29,21.00,1/21/2024,17:44,Cash,7.811487862
272-27-9238,C,Chennai,Normal,Female,Food and beverages,41.24,4,164.96,8.248,186.21,13.00,2/19/2024,16:23,Cash,7.702994975
834-25-9262,C,Chennai,Normal,Female,Fashion accessories,81.68,4,326.72,16.336,362.06,19.00,6/1/2024,12:12,Cash,9.872852715
122-61-9553,C,Chennai,Normal,Female,Electronic accessories,51.32,10,461.88,23.094,533.97,49.00,3/14/2024,19:33,Cash,6.075601671
468-88-0009,A,Trichy,Member,Male,Home and lifestyle,65.94,4,263.76,13.188,298.95,22.00,3/24/2024,10:29,Cash,6.509573218
613-59-9758,C,Chennai,Normal,Female,Sports and travel,14.36,11,143.6,7.18,180.78,30.00,1/27/2024,14:28,Cash,5.858615897
254-31-0042,A,Trichy,Member,Male,Electronic accessories,21.5,10,193.5,9.675,228.18,25.00,6/3/2024,12:46,Credit card,8.462445184
201-86-2184,B,karur,Member,Female,Electronic accessories,26.26,7,183.82,9.191,229.01,36.00,2/2/2024,19:40,Cash,10
261-12-8671,B,karur,Normal,Female,Fashion accessories,60.96,2,121.92,6.096,171.02,43.00,1/25/2024,19:39,Credit card,5.316151462
730-70-9830,C,Chennai,Normal,Female,Home and lifestyle,70.11,6,420.66,21.033,472.69,31.00,3/14/2024,17:54,Ewallet,5.641630123
382-25-8917,C,Chennai,Normal,Male,Fashion accessories,42.08,6,252.48,12.624,300.10,35.00,1/29/2024,12:25,Cash,9.655866941
422-29-8786,A,Trichy,Normal,Female,Home and lifestyle,67.09,5,335.45,16.7725,367.22,15.00,3/1/2024,16:47,Credit card,9.872852715
667-23-5919,A,Trichy,Member,Female,Fashion accessories,96.7,5,483.5,24.175,521.68,14.00,1/14/2024,12:52,Ewallet,7.594502088
843-01-4703,B,karur,Member,Female,Home and lifestyle,35.38,10,318.42,15.921,358.34,24.00,5/1/2024,19:50,Credit card,10
743-88-1662,C,Chennai,Normal,Male,Sports and travel,95.49,7,668.43,33.4215,720.85,19.00,2/22/2024,18:17,Ewallet,9.438881167
595-86-2894,C,Chennai,Member,Male,Fashion accessories,96.98,4,387.92,19.396,457.32,50.00,6/2/2024,17:20,Ewallet,10
182-69-8360,B,karur,Normal,Female,Electronic accessories,23.65,4,94.6,4.73,133.33,34.00,1/30/2024,13:32,Credit card,4.339715479
289-15-7034,A,Trichy,Member,Male,Sports and travel,82.33,4,329.32,16.466,389.79,44.00,11/1/2024,10:37,Credit card,8.136966523
462-78-5240,C,Chennai,Normal,Female,Electronic accessories,26.61,2,53.22,2.661,65.88,10.00,3/19/2024,14:35,Cash,4.556701253
868-52-7573,B,karur,Normal,Female,Food and beverages,99.69,5,498.45,24.9225,565.37,42.00,1/14/2024,12:09,Cash,10
153-58-4872,C,Chennai,Member,Female,Food and beverages,74.89,4,299.56,14.978,343.54,29.00,1/3/2024,15:32,Ewallet,4.556701253
662-72-2873,A,Trichy,Normal,Female,Food and beverages,40.94,5,204.7,10.235,245.94,31.00,6/1/2024,13:58,Ewallet,10
525-88-7307,B,karur,Member,Male,Sports and travel,75.82,1,75.82,3.791,128.61,49.00,1/31/2024,13:19,Cash,6.292587445
689-16-9784,C,Chennai,Normal,Male,Food and beverages,46.77,6,280.62,14.031,323.65,29.00,11/3/2024,13:37,Cash,6.509573218
725-56-0833,A,Trichy,Normal,Female,Health and beauty,32.32,11,323.2,16.16,384.36,45.00,2/20/2024,16:49,Credit card,10
394-41-0748,C,Chennai,Member,Female,Fashion accessories,54.07,10,486.63,24.3315,542.96,32.00,1/27/2024,14:55,Ewallet,10
596-42-3999,B,karur,Normal,Male,Food and beverages,18.22,7,127.54,6.377,171.92,38.00,10/3/2024,14:04,Credit card,7.16053054
541-89-9860,C,Chennai,Member,Female,Fashion accessories,80.48,3,241.44,12.072,265.51,12.00,2/15/2024,12:31,Cash,8.787923845
173-82-9529,B,karur,Normal,Female,Fashion accessories,37.95,11,379.5,18.975,437.48,39.00,1/26/2024,14:51,Cash,10
563-36-9814,A,Trichy,Member,Male,Electronic accessories,76.82,1,76.82,3.841,126.66,46.00,2/13/2024,18:27,Ewallet,7.811487862
308-47-4913,A,Trichy,Member,Female,Sports and travel,52.26,11,522.6,26.13,594.73,46.00,9/3/2024,12:45,Credit card,6.726558992
885-17-6250,A,Trichy,Normal,Female,Health and beauty,79.74,1,79.74,3.987,110.73,27.00,6/3/2024,10:36,Ewallet,7.919980749
726-27-2396,A,Trichy,Normal,Female,Health and beauty,77.5,5,387.5,19.375,433.88,27.00,1/24/2024,20:36,Ewallet,4.66519414
316-01-3952,A,Trichy,Normal,Female,Food and beverages,54.27,5,271.35,13.5675,317.92,33.00,3/13/2024,14:16,Ewallet,4.990672801
760-54-1821,B,karur,Normal,Male,Home and lifestyle,13.59,10,122.31,6.1155,177.43,49.00,3/15/2024,10:26,Cash,6.292587445
793-10-3222,B,karur,Member,Female,Health and beauty,41.06,6,246.36,12.318,306.68,48.00,5/3/2024,13:30,Credit card,9.004909619
346-12-3257,B,karur,Member,Male,Electronic accessories,19.24,10,173.16,8.658,225.82,44.00,4/3/2024,16:28,Cash,8.679430958
110-05-6330,C,Chennai,Normal,Female,Food and beverages,39.43,6,236.58,11.829,282.41,34.00,3/25/2024,20:18,Credit card,10
651-61-0874,C,Chennai,Normal,Male,Home and lifestyle,46.22,4,184.88,9.244,210.12,16.00,12/3/2024,20:04,Credit card,6.726558992
236-86-3015,C,Chennai,Member,Male,Home and lifestyle,13.98,1,13.98,0.699,59.68,45.00,4/2/2024,13:38,Ewallet,10
831-64-0259,B,karur,Normal,Female,Fashion accessories,39.75,5,198.75,9.9375,228.69,20.00,2/22/2024,10:43,Ewallet,10
587-03-7455,C,Chennai,Member,Female,Fashion accessories,97.79,7,684.53,34.2265,751.76,33.00,2/16/2024,17:30,Ewallet,5.316151462
882-40-4577,A,Trichy,Member,Male,Sports and travel,67.26,4,269.04,13.452,298.49,16.00,1/19/2024,15:28,Credit card,8.679430958
732-67-5346,A,Trichy,Normal,Male,Food and beverages,13.79,5,68.95,3.4475,95.40,23.00,11/1/2024,19:07,Credit card,8.462445184
725-32-9708,B,karur,Member,Female,Fashion accessories,68.71,4,274.84,13.742,337.58,49.00,4/1/2024,19:01,Cash,4.448208366
256-08-8343,A,Trichy,Normal,Female,Home and lifestyle,56.53,4,226.12,11.306,254.43,17.00,4/3/2024,19:48,Ewallet,5.967108784
372-26-1506,C,Chennai,Normal,Female,Fashion accessories,23.82,5,119.1,5.955,137.06,12.00,1/28/2024,19:24,Ewallet,5.858615897
244-08-0162,B,karur,Normal,Female,Health and beauty,34.21,11,342.1,17.105,379.21,20.00,2/1/2024,13:00,Cash,5.533137236
569-71-4390,B,karur,Normal,Male,Sports and travel,21.87,2,43.74,2.187,72.93,27.00,1/25/2024,14:29,Ewallet,7.486009201
132-23-6451,A,Trichy,Member,Male,Health and beauty,20.97,5,104.85,5.2425,159.09,49.00,4/1/2024,13:21,Cash,8.462445184
696-90-2548,A,Trichy,Normal,Male,Sports and travel,25.84,3,77.52,3.876,125.40,44.00,10/3/2024,18:55,Ewallet,7.16053054
472-15-9636,A,Trichy,Normal,Male,Home and lifestyle,50.93,8,407.44,20.372,470.81,43.00,3/22/2024,19:36,Ewallet,9.981345602
268-03-6164,B,karur,Normal,Male,Health and beauty,96.11,1,96.11,4.8055,133.92,33.00,1/25/2024,16:28,Ewallet,8.462445184
750-57-9686,C,Chennai,Normal,Female,Home and lifestyle,45.38,4,181.52,9.076,230.60,40.00,8/1/2024,13:48,Credit card,9.438881167
186-09-3669,C,Chennai,Member,Female,Health and beauty,81.51,1,81.51,4.0755,102.59,17.00,1/22/2024,10:57,Ewallet,9.981345602
848-07-1692,B,karur,Normal,Female,Health and beauty,57.22,2,114.44,5.722,161.16,41.00,12/1/2024,17:13,Ewallet,9.004909619
745-71-3520,A,Trichy,Member,Female,Electronic accessories,25.22,7,176.54,8.827,224.37,39.00,4/2/2024,10:23,Cash,8.896416732
266-76-6436,C,Chennai,Member,Female,Food and beverages,38.6,3,115.8,5.79,140.59,19.00,3/28/2024,13:57,Ewallet,8.136966523
740-22-2500,C,Chennai,Normal,Female,Electronic accessories,84.05,3,252.15,12.6075,314.76,50.00,1/23/2024,13:29,Cash,10
271-88-8734,C,Chennai,Member,Female,Fashion accessories,97.21,11,972.1,48.605,1057.71,37.00,8/2/2024,13:00,Credit card,9.438881167
301-81-8610,B,karur,Member,Male,Fashion accessories,25.42,8,203.36,10.168,231.53,18.00,3/19/2024,19:42,Credit card,7.269023427
489-64-4354,C,Chennai,Normal,Male,Fashion accessories,16.28,1,16.28,0.814,38.09,21.00,9/3/2024,15:36,Cash,5.424644349
198-84-7132,B,karur,Member,Male,Fashion accessories,40.61,10,365.49,18.2745,400.76,17.00,2/1/2024,13:40,Cash,7.594502088
269-10-8440,A,Trichy,Member,Male,Health and beauty,53.17,7,372.19,18.6095,413.80,23.00,1/21/2024,18:01,Cash,9.655866941
650-98-6268,B,karur,Member,Female,Food and beverages,20.87,3,62.61,3.1305,94.74,29.00,3/20/2024,13:53,Credit card,8.679430958
741-73-3559,B,karur,Normal,Male,Sports and travel,67.27,5,336.35,16.8175,370.17,17.00,2/27/2024,17:27,Cash,7.486009201
325-77-6186,A,Trichy,Member,Female,Home and lifestyle,90.65,11,906.5,45.325,965.83,14.00,8/3/2024,10:53,Ewallet,7.919980749
286-75-7818,B,karur,Normal,Male,Fashion accessories,69.08,2,138.16,6.908,186.07,41.00,1/31/2024,19:48,Credit card,7.486009201
574-57-9721,C,Chennai,Normal,Male,Food and beverages,43.27,2,86.54,4.327,125.87,35.00,8/3/2024,16:53,Ewallet,6.184094558
459-50-7686,A,Trichy,Normal,Female,Electronic accessories,23.46,6,140.76,7.038,186.80,39.00,1/13/2024,19:14,Ewallet,6.943544766
616-87-0016,B,karur,Normal,Male,Fashion accessories,95.54,7,668.78,33.439,734.22,32.00,9/3/2024,14:36,Credit card,10
837-55-7229,B,karur,Normal,Female,Fashion accessories,47.44,1,47.44,2.372,69.81,20.00,2/22/2024,18:19,Credit card,7.377516314
751-69-0068,C,Chennai,Normal,Male,Sports and travel,99.24,10,893.16,44.658,957.82,20.00,3/19/2024,19:09,Ewallet,9.764359828
257-73-1380,C,Chennai,Member,Male,Sports and travel,82.93,4,331.72,16.586,372.31,24.00,1/20/2024,16:51,Ewallet,10
345-08-4992,A,Trichy,Normal,Male,Home and lifestyle,33.99,6,203.94,10.197,233.14,19.00,8/3/2024,15:37,Credit card,8.353952297
549-96-4200,C,Chennai,Member,Male,Food and beverages,17.04,4,68.16,3.408,111.57,40.00,8/3/2024,20:15,Ewallet,7.594502088
810-60-6344,C,Chennai,Normal,Female,Electronic accessories,40.86,8,326.88,16.344,377.22,34.00,7/2/2024,14:38,Credit card,7.052037653
450-28-2866,C,Chennai,Member,Male,Food and beverages,17.44,5,87.2,4.36,134.56,43.00,1/15/2024,19:25,Cash,8.787923845
394-30-3170,B,karur,Member,Female,Sports and travel,88.43,8,707.44,35.372,787.81,45.00,3/22/2024,19:35,Credit card,4.66519414
138-17-5109,A,Trichy,Member,Female,Home and lifestyle,89.21,10,802.89,40.1445,864.03,21.00,1/15/2024,15:42,Credit card,7.052037653
192-98-7397,C,Chennai,Normal,Male,Fashion accessories,12.78,1,12.78,0.639,31.42,18.00,8/1/2024,14:11,Ewallet,10
301-11-9629,A,Trichy,Normal,Female,Sports and travel,19.1,7,133.7,6.685,177.39,37.00,1/15/2024,10:43,Cash,10
390-80-5128,B,karur,Member,Female,Health and beauty,19.15,1,19.15,0.9575,38.11,18.00,1/28/2024,17:58,Credit card,10
235-46-8343,C,Chennai,Member,Male,Food and beverages,27.66,11,276.6,13.83,326.43,36.00,2/14/2024,11:26,Credit card,9.655866941
453-12-7053,C,Chennai,Normal,Male,Fashion accessories,45.74,3,137.22,6.861,164.08,20.00,10/3/2024,17:38,Credit card,7.052037653
296-11-7041,B,karur,Member,Female,Health and beauty,27.07,1,27.07,1.3535,77.42,49.00,12/1/2024,20:07,Credit card,5.75012301
449-27-2918,B,karur,Member,Female,Sports and travel,39.12,1,39.12,1.956,86.08,45.00,3/26/2024,11:02,Credit card,10
891-01-7034,B,karur,Normal,Female,Electronic accessories,74.71,6,448.26,22.413,498.67,28.00,1/1/2024,19:07,Cash,7.269023427
744-09-5786,B,karur,Normal,Male,Electronic accessories,22.01,6,132.06,6.603,179.66,41.00,2/1/2024,18:50,Cash,8.24545941
727-17-0390,A,Trichy,Normal,Female,Food and beverages,63.61,5,318.05,15.9025,380.95,47.00,3/16/2024,12:43,Ewallet,5.207658575
568-88-3448,A,Trichy,Normal,Male,Health and beauty,25,1,25,1.25,61.25,35.00,3/3/2024,15:09,Ewallet,5.967108784
187-83-5490,A,Trichy,Member,Male,Electronic accessories,20.77,4,83.08,4.154,137.23,50.00,1/31/2024,13:47,Cash,5.099165688
767-54-1907,B,karur,Member,Female,Fashion accessories,29.56,5,147.8,7.39,194.19,39.00,2/13/2024,16:59,Cash,7.486009201
710-46-4433,B,karur,Member,Female,Food and beverages,77.4,10,696.6,34.83,763.43,32.00,2/15/2024,14:15,Credit card,4.882179914
533-33-5337,B,karur,Normal,Male,Electronic accessories,79.39,11,793.9,39.695,860.60,27.00,7/2/2024,20:24,Cash,6.726558992
325-90-8763,C,Chennai,Member,Female,Electronic accessories,46.57,11,465.7,23.285,523.99,35.00,1/27/2024,13:58,Cash,8.24545941
729-46-7422,C,Chennai,Normal,Male,Food and beverages,35.89,1,35.89,1.7945,59.68,22.00,2/23/2024,16:52,Credit card,8.570938071
639-76-1242,C,Chennai,Normal,Male,Food and beverages,40.52,5,202.6,10.13,248.73,36.00,3/2/2024,15:19,Cash,4.882179914
234-03-4040,B,karur,Member,Female,Food and beverages,73.05,11,730.5,36.525,812.03,45.00,3/3/2024,12:25,Credit card,9.438881167
326-71-2155,C,Chennai,Normal,Female,Sports and travel,73.95,4,295.8,14.79,343.59,33.00,3/2/2024,10:02,Cash,6.618066105
320-32-8842,C,Chennai,Member,Female,Food and beverages,22.62,1,22.62,1.131,56.75,33.00,3/17/2024,18:58,Cash,6.943544766
470-32-9057,A,Trichy,Member,Male,Food and beverages,51.34,5,256.7,12.835,279.54,10.00,3/28/2024,15:31,Credit card,9.872852715
878-30-2331,C,Chennai,Member,Female,Sports and travel,54.55,11,545.5,27.275,582.78,10.00,2/3/2024,11:22,Credit card,7.702994975
440-59-5691,C,Chennai,Member,Female,Health and beauty,37.15,7,260.05,13.0025,308.05,35.00,8/2/2024,13:12,Credit card,8.353952297
554-53-3790,B,karur,Normal,Male,Sports and travel,37.02,6,222.12,11.106,277.23,44.00,3/22/2024,18:33,Cash,4.882179914
746-19-0921,C,Chennai,Normal,Male,Food and beverages,21.58,1,21.58,1.079,63.66,41.00,9/2/2024,10:02,Ewallet,7.811487862
233-34-0817,C,Chennai,Member,Female,Electronic accessories,98.84,1,98.84,4.942,121.78,18.00,2/15/2024,11:21,Cash,9.113402506
767-05-1286,C,Chennai,Member,Female,Home and lifestyle,83.77,6,502.62,25.131,574.75,47.00,1/23/2024,12:10,Ewallet,5.858615897
340-21-9136,A,Trichy,Member,Female,Sports and travel,40.05,4,160.2,8.01,204.21,36.00,1/25/2024,11:40,Cash,10
405-31-3305,A,Trichy,Member,Male,Fashion accessories,43.13,11,431.3,21.565,472.87,20.00,2/2/2024,18:31,Credit card,5.967108784
731-59-7531,B,karur,Member,Male,Health and beauty,72.57,8,580.56,29.028,652.59,43.00,3/30/2024,17:58,Cash,4.990672801
676-39-6028,A,Trichy,Member,Female,Electronic accessories,64.44,5,322.2,16.11,363.31,25.00,3/30/2024,17:04,Cash,7.16053054
502-05-1910,A,Trichy,Normal,Male,Health and beauty,65.18,3,195.54,9.777,217.32,12.00,2/25/2024,20:35,Credit card,6.835051879
485-30-8700,A,Trichy,Normal,Female,Sports and travel,33.26,5,166.3,8.315,218.62,44.00,3/18/2024,16:10,Credit card,4.556701253
598-47-9715,C,Chennai,Normal,Male,Electronic accessories,84.07,4,336.28,16.814,399.09,46.00,7/3/2024,16:54,Ewallet,4.773687027
701-69-8742,B,karur,Normal,Male,Sports and travel,34.37,11,343.7,17.185,402.89,42.00,3/16/2024,10:11,Ewallet,7.269023427
575-67-1508,A,Trichy,Normal,Male,Electronic accessories,38.6,1,38.6,1.93,83.53,43.00,1/29/2024,11:26,Ewallet,7.269023427
541-08-3113,C,Chennai,Normal,Male,Food and beverages,65.97,8,527.76,26.388,569.15,15.00,2/2/2024,20:29,Cash,9.113402506
246-11-3901,C,Chennai,Normal,Female,Electronic accessories,32.8,11,328,16.4,378.40,34.00,2/15/2024,12:12,Cash,6.726558992
674-15-9296,A,Trichy,Normal,Male,Sports and travel,37.14,5,185.7,9.285,225.99,31.00,8/1/2024,13:05,Ewallet,5.424644349
305-18-3552,B,karur,Member,Male,Home and lifestyle,60.38,11,603.8,30.19,672.99,39.00,12/2/2024,16:19,Cash,6.509573218
493-65-6248,C,Chennai,Member,Female,Sports and travel,36.98,11,369.8,18.49,424.29,36.00,1/1/2024,19:48,Credit card,7.594502088
438-01-4015,B,karur,Member,Female,Sports and travel,49.49,4,197.96,9.898,251.86,44.00,3/21/2024,15:25,Ewallet,7.16053054
709-58-4068,B,karur,Normal,Female,Fashion accessories,41.09,11,410.9,20.545,444.45,13.00,2/28/2024,14:42,Cash,7.919980749
795-49-7276,A,Trichy,Normal,Male,Fashion accessories,37.15,4,148.6,7.43,176.03,20.00,3/23/2024,18:59,Ewallet,9.004909619
556-72-8512,C,Chennai,Normal,Male,Home and lifestyle,22.96,1,22.96,1.148,37.11,13.00,1/30/2024,20:47,Cash,4.66519414
627-95-3243,B,karur,Member,Female,Home and lifestyle,77.68,10,699.12,34.956,762.08,28.00,4/2/2024,13:21,Ewallet,10
686-41-0932,B,karur,Normal,Female,Fashion accessories,34.7,2,69.4,3.47,118.87,46.00,3/13/2024,19:48,Ewallet,8.896416732
510-09-5628,A,Trichy,Member,Female,Fashion accessories,19.66,11,196.6,9.83,227.43,21.00,3/15/2024,18:20,Credit card,7.811487862
608-04-3797,B,karur,Member,Female,Health and beauty,25.32,8,202.56,10.128,228.69,16.00,5/3/2024,20:24,Ewallet,9.438881167
148-82-2527,C,Chennai,Member,Female,Home and lifestyle,12.12,11,121.2,6.06,143.26,16.00,5/3/2024,13:44,Credit card,9.113402506
437-53-3084,B,karur,Normal,Male,Fashion accessories,99.89,2,199.78,9.989,245.77,36.00,2/26/2024,11:48,Ewallet,7.702994975
632-32-4574,B,karur,Normal,Male,Sports and travel,75.92,8,607.36,30.368,673.73,36.00,3/20/2024,14:14,Cash,5.967108784
556-97-7101,C,Chennai,Normal,Female,Electronic accessories,63.22,2,126.44,6.322,168.76,36.00,1/1/2024,15:51,Cash,9.221895393
862-59-8517,C,Chennai,Normal,Female,Food and beverages,90.24,6,541.44,27.072,613.51,45.00,1/27/2024,11:17,Cash,6.726558992
401-18-8016,B,karur,Member,Female,Sports and travel,98.13,1,98.13,4.9065,117.04,14.00,1/21/2024,17:36,Cash,9.655866941
420-18-8989,A,Trichy,Member,Female,Sports and travel,51.52,8,412.16,20.608,450.77,18.00,2/2/2024,15:47,Cash,10
277-63-2961,B,karur,Member,Male,Sports and travel,73.97,1,73.97,3.6985,109.67,32.00,3/2/2024,15:53,Credit card,5.858615897
573-98-8548,C,Chennai,Member,Female,Fashion accessories,31.9,1,31.9,1.595,50.50,17.00,5/1/2024,12:40,Ewallet,9.872852715
620-02-2046,C,Chennai,Normal,Male,Home and lifestyle,69.4,2,138.8,6.94,195.74,50.00,1/27/2024,19:48,Ewallet,9.764359828
282-35-2475,B,karur,Normal,Female,Sports and travel,93.31,2,186.62,9.331,241.95,46.00,3/25/2024,17:53,Cash,6.835051879
511-54-3087,B,karur,Normal,Male,Sports and travel,88.45,1,88.45,4.4225,125.87,33.00,2/25/2024,16:36,Credit card,10
726-29-6793,A,Trichy,Member,Male,Electronic accessories,24.18,8,193.44,9.672,248.11,45.00,1/28/2024,20:54,Ewallet,10
387-49-4215,B,karur,Member,Female,Sports and travel,48.5,3,145.5,7.275,187.78,35.00,8/1/2024,12:50,Cash,7.269023427
862-17-9201,B,karur,Normal,Female,Food and beverages,84.05,6,504.3,25.215,550.52,21.00,1/29/2024,10:48,Credit card,8.353952297
291-21-5991,B,karur,Member,Male,Health and beauty,61.29,5,306.45,15.3225,351.77,30.00,3/29/2024,14:28,Cash,7.594502088
602-80-9671,C,Chennai,Member,Female,Home and lifestyle,15.95,6,95.7,4.785,111.49,11.00,9/2/2024,17:15,Credit card,5.533137236
347-72-6115,B,karur,Member,Female,Sports and travel,90.74,7,635.18,31.759,712.94,46.00,1/16/2024,18:03,Credit card,6.726558992
209-61-0206,A,Trichy,Normal,Female,Home and lifestyle,42.91,5,214.55,10.7275,256.28,31.00,5/1/2024,17:29,Ewallet,6.618066105
595-27-4851,A,Trichy,Normal,Female,Fashion accessories,54.28,7,379.96,18.998,443.96,45.00,1/27/2024,18:05,Ewallet,10
189-52-0236,A,Trichy,Normal,Male,Electronic accessories,99.55,7,696.85,34.8425,745.69,14.00,3/14/2024,12:07,Cash,8.24545941
503-07-0930,C,Chennai,Member,Male,Sports and travel,58.39,7,408.73,20.4365,447.17,18.00,2/23/2024,19:49,Credit card,8.896416732
413-20-6708,C,Chennai,Member,Female,Fashion accessories,51.47,1,51.47,2.5735,73.04,19.00,3/18/2024,15:52,Ewallet,9.221895393
425-85-2085,B,karur,Member,Male,Health and beauty,54.86,5,274.3,13.715,310.02,22.00,3/29/2024,16:48,Ewallet,10
521-18-7827,C,Chennai,Member,Male,Home and lifestyle,39.39,5,196.95,9.8475,233.80,27.00,1/22/2024,20:46,Credit card,9.438881167
220-28-1851,A,Trichy,Normal,Male,Home and lifestyle,34.73,2,69.46,3.473,95.93,23.00,1/3/2024,18:14,Ewallet,10
600-38-9738,C,Chennai,Member,Male,Sports and travel,71.92,5,359.6,17.98,398.58,21.00,1/17/2024,15:05,Credit card,4.66519414
734-91-1155,B,karur,Normal,Female,Electronic accessories,45.71,3,137.13,6.8565,181.99,38.00,3/26/2024,10:34,Credit card,8.353952297
451-28-5717,C,Chennai,Member,Female,Home and lifestyle,83.17,6,499.02,24.951,540.97,17.00,3/20/2024,11:23,Cash,7.919980749
609-81-8548,A,Trichy,Member,Female,Home and lifestyle,37.44,6,224.64,11.232,252.87,17.00,6/2/2024,13:55,Credit card,6.401080332
133-14-7229,C,Chennai,Normal,Male,Health and beauty,62.87,2,125.74,6.287,177.03,45.00,1/1/2024,11:43,Cash,5.424644349
534-01-4457,A,Trichy,Normal,Male,Food and beverages,81.71,6,490.26,24.513,525.77,11.00,1/27/2024,14:36,Credit card,8.679430958
719-89-8991,A,Trichy,Member,Female,Sports and travel,91.41,5,457.05,22.8525,516.90,37.00,2/25/2024,16:03,Ewallet,7.702994975
286-62-6248,B,karur,Normal,Male,Fashion accessories,39.21,4,156.84,7.842,178.68,14.00,1/16/2024,20:03,Credit card,9.764359828
339-38-9982,B,karur,Member,Male,Fashion accessories,59.86,2,119.72,5.986,159.71,34.00,1/13/2024,14:55,Ewallet,7.269023427
827-44-5872,B,karur,Member,Female,Food and beverages,54.36,11,543.6,27.18,589.78,19.00,7/2/2024,11:28,Credit card,6.618066105
827-77-7633,A,Trichy,Normal,Male,Sports and travel,98.09,10,882.81,44.1405,972.95,46.00,2/17/2024,19:41,Cash,10
287-83-1405,A,Trichy,Normal,Male,Health and beauty,25.43,6,152.58,7.629,206.21,46.00,12/2/2024,19:01,Ewallet,7.594502088
435-13-4908,A,Trichy,Member,Male,Fashion accessories,86.68,8,693.44,34.672,743.11,15.00,1/24/2024,18:04,Credit card,7.811487862
857-67-9057,B,karur,Normal,Male,Electronic accessories,22.95,11,229.5,11.475,287.98,47.00,6/2/2024,19:20,Ewallet,8.896416732
236-27-1144,C,Chennai,Normal,Female,Food and beverages,16.31,10,146.79,7.3395,197.13,43.00,3/26/2024,10:31,Ewallet,9.113402506
892-05-6689,A,Trichy,Normal,Female,Home and lifestyle,28.32,5,141.6,7.08,165.68,17.00,11/3/2024,13:28,Ewallet,6.726558992
583-41-4548,C,Chennai,Normal,Male,Home and lifestyle,16.67,7,116.69,5.8345,162.52,40.00,7/2/2024,11:36,Ewallet,8.028473636
339-12-4827,B,karur,Member,Female,Fashion accessories,73.96,1,73.96,3.698,108.66,31.00,5/1/2024,11:32,Credit card,5.424644349
643-38-7867,A,Trichy,Normal,Male,Home and lifestyle,97.94,1,97.94,4.897,114.84,12.00,7/3/2024,11:44,Ewallet,7.486009201
308-81-0538,A,Trichy,Normal,Female,Fashion accessories,73.05,4,292.2,14.61,346.81,40.00,2/25/2024,17:16,Credit card,5.316151462
358-88-9262,C,Chennai,Member,Female,Food and beverages,87.48,6,524.88,26.244,575.12,24.00,1/2/2024,18:43,Ewallet,5.533137236
460-35-4390,A,Trichy,Normal,Male,Home and lifestyle,30.68,3,92.04,4.602,127.64,31.00,1/22/2024,11:00,Ewallet,9.872852715
343-87-0864,C,Chennai,Member,Male,Health and beauty,75.88,1,75.88,3.794,102.67,23.00,3/1/2024,10:30,Credit card,7.702994975
173-50-1108,B,karur,Member,Female,Sports and travel,20.18,4,80.72,4.036,128.76,44.00,2/13/2024,12:14,Credit card,5.424644349
243-47-2663,C,Chennai,Member,Male,Electronic accessories,18.77,6,112.62,5.631,156.25,38.00,1/28/2024,16:43,Credit card,5.967108784
841-18-8232,B,karur,Normal,Female,Food and beverages,71.2,1,71.2,3.56,94.76,20.00,5/1/2024,20:40,Credit card,9.981345602
701-23-5550,B,karur,Member,Male,Home and lifestyle,38.81,4,155.24,7.762,192.00,29.00,3/19/2024,13:40,Ewallet,5.316151462
647-50-1224,A,Trichy,Normal,Female,Fashion accessories,29.42,11,294.2,14.71,321.91,13.00,12/1/2024,16:23,Ewallet,9.655866941
541-48-8554,A,Trichy,Normal,Male,Sports and travel,60.95,10,548.55,27.4275,589.98,14.00,7/1/2024,12:08,Credit card,6.509573218
539-21-7227,B,karur,Normal,Female,Sports and travel,51.54,5,257.7,12.885,318.59,48.00,1/26/2024,17:45,Cash,4.556701253
213-32-1216,A,Trichy,Normal,Female,Electronic accessories,66.06,6,396.36,19.818,448.18,32.00,1/23/2024,10:28,Cash,7.919980749
747-58-7183,B,karur,Normal,Male,Fashion accessories,57.27,3,171.81,8.5905,217.40,37.00,9/2/2024,20:31,Ewallet,7.052037653
582-52-8065,B,karur,Normal,Female,Fashion accessories,54.31,10,488.79,24.4395,547.23,34.00,2/22/2024,10:49,Cash,9.655866941
210-57-1719,B,karur,Normal,Female,Health and beauty,58.24,10,524.16,26.208,582.37,32.00,5/2/2024,12:34,Cash,10
399-69-4630,C,Chennai,Normal,Male,Electronic accessories,22.21,6,133.26,6.663,154.92,15.00,7/3/2024,10:23,Credit card,9.33038828
134-75-2619,A,Trichy,Member,Male,Electronic accessories,19.32,7,135.24,6.762,177.00,35.00,3/25/2024,18:51,Cash,7.486009201
356-44-8813,B,karur,Normal,Male,Home and lifestyle,37.48,3,112.44,5.622,144.06,26.00,1/20/2024,13:45,Credit card,8.353952297
198-66-9832,B,karur,Member,Female,Fashion accessories,72.04,2,144.08,7.204,191.28,40.00,4/2/2024,19:38,Cash,10
283-26-5248,C,Chennai,Member,Female,Food and beverages,98.52,11,985.2,49.26,1082.46,48.00,1/30/2024,20:23,Ewallet,4.882179914
712-39-0363,A,Trichy,Member,Male,Food and beverages,41.66,6,249.96,12.498,283.46,21.00,2/1/2024,15:24,Ewallet,6.075601671
218-59-9410,A,Trichy,Member,Female,Home and lifestyle,72.42,3,217.26,10.863,267.12,39.00,3/29/2024,16:54,Ewallet,8.896416732
174-75-0888,B,karur,Normal,Male,Electronic accessories,21.58,10,194.22,9.711,230.93,27.00,3/14/2024,12:32,Cash,7.919980749
866-99-7614,C,Chennai,Normal,Male,Food and beverages,89.2,11,892,44.6,974.60,38.00,11/2/2024,15:42,Credit card,4.773687027
134-54-4720,B,karur,Normal,Female,Electronic accessories,42.42,8,339.36,16.968,406.33,50.00,1/30/2024,13:58,Ewallet,6.184094558
760-90-2357,A,Trichy,Member,Male,Electronic accessories,74.51,6,447.06,22.353,494.41,25.00,3/20/2024,15:08,Ewallet,5.424644349
514-37-2845,B,karur,Normal,Male,Fashion accessories,99.25,2,198.5,9.925,226.43,18.00,3/20/2024,13:02,Cash,9.764359828
698-98-5964,A,Trichy,Normal,Female,Food and beverages,81.21,11,812.1,40.605,880.71,28.00,1/17/2024,13:01,Credit card,6.835051879
718-57-9773,C,Chennai,Normal,Female,Sports and travel,49.33,11,493.3,24.665,533.97,16.00,3/2/2024,16:40,Credit card,10
651-88-7328,A,Trichy,Normal,Female,Fashion accessories,65.74,10,591.66,29.583,645.24,24.00,1/1/2024,13:55,Cash,8.353952297
241-11-2261,B,karur,Normal,Female,Fashion accessories,79.86,7,559.02,27.951,614.97,28.00,10/1/2024,10:33,Credit card,5.967108784
408-26-9866,C,Chennai,Normal,Female,Sports and travel,73.98,7,517.86,25.893,554.75,11.00,2/3/2024,16:42,Ewallet,4.448208366
834-83-1826,B,karur,Member,Female,Home and lifestyle,82.04,5,410.2,20.51,476.71,46.00,2/25/2024,17:16,Credit card,8.24545941
343-61-3544,B,karur,Member,Male,Sports and travel,26.67,11,266.7,13.335,318.04,38.00,1/29/2024,11:48,Cash,9.33038828
239-48-4278,A,Trichy,Member,Male,Food and beverages,10.13,7,70.91,3.5455,91.46,17.00,10/3/2024,19:35,Ewallet,9.004909619
355-34-6244,B,karur,Normal,Male,Food and beverages,72.39,2,144.78,7.239,169.02,17.00,1/13/2024,19:55,Credit card,8.787923845
550-84-8664,A,Trichy,Normal,Male,Sports and travel,85.91,5,429.55,21.4775,463.03,12.00,3/22/2024,14:33,Credit card,9.33038828
339-96-8318,B,karur,Member,Male,Fashion accessories,81.31,7,569.17,28.4585,644.63,47.00,1/3/2024,19:49,Ewallet,6.835051879
458-61-0011,B,karur,Normal,Male,Food and beverages,60.3,4,241.2,12.06,282.26,29.00,2/20/2024,18:43,Cash,6.292587445
592-34-6155,C,Chennai,Normal,Male,Food and beverages,31.77,4,127.08,6.354,176.43,43.00,1/14/2024,14:43,Ewallet,6.726558992
797-88-0493,A,Trichy,Normal,Female,Health and beauty,64.27,4,257.08,12.854,293.93,24.00,3/26/2024,13:54,Cash,8.353952297
207-73-1363,B,karur,Normal,Male,Health and beauty,69.51,2,139.02,6.951,168.97,23.00,1/3/2024,12:15,Ewallet,8.787923845
390-31-6381,C,Chennai,Normal,Male,Food and beverages,27.22,3,81.66,4.083,131.74,46.00,7/1/2024,12:37,Cash,7.919980749
443-82-0585,A,Trichy,Member,Female,Health and beauty,77.68,4,310.72,15.536,336.26,10.00,1/2/2024,19:54,Cash,9.113402506
339-18-7061,C,Chennai,Member,Female,Fashion accessories,92.98,2,185.96,9.298,220.26,25.00,2/13/2024,15:06,Credit card,8.679430958
359-90-3665,B,karur,Member,Female,Fashion accessories,18.08,4,72.32,3.616,85.94,10.00,1/14/2024,18:03,Credit card,10
375-72-3056,B,karur,Normal,Male,Sports and travel,63.06,3,189.18,9.459,238.64,40.00,1/19/2024,15:58,Ewallet,7.594502088
127-47-6963,A,Trichy,Normal,Male,Health and beauty,51.71,4,206.84,10.342,243.18,26.00,9/3/2024,13:53,Credit card,10
278-86-2735,A,Trichy,Normal,Female,Food and beverages,52.34,3,157.02,7.851,199.87,35.00,3/27/2024,14:03,Cash,9.981345602
695-28-6250,A,Trichy,Normal,Female,Sports and travel,43.06,5,215.3,10.765,253.07,27.00,4/2/2024,16:38,Ewallet,8.353952297
379-17-6588,C,Chennai,Normal,Male,Fashion accessories,59.61,11,596.1,29.805,669.91,44.00,3/14/2024,11:07,Cash,5.75012301
227-50-3718,A,Trichy,Normal,Male,Health and beauty,14.62,5,73.1,3.655,118.76,42.00,4/3/2024,12:23,Cash,4.773687027
302-15-2162,C,Chennai,Member,Male,Health and beauty,46.53,6,279.18,13.959,315.14,22.00,3/3/2024,10:54,Credit card,4.66519414
788-07-8452,C,Chennai,Member,Female,Home and lifestyle,24.24,7,169.68,8.484,192.16,14.00,1/27/2024,17:38,Ewallet,10
560-49-6611,A,Trichy,Member,Female,Sports and travel,45.58,1,45.58,2.279,58.86,11.00,7/2/2024,14:13,Cash,10
880-35-0356,A,Trichy,Member,Female,Sports and travel,75.2,3,225.6,11.28,251.88,15.00,5/2/2024,11:51,Ewallet,5.207658575
585-11-6748,B,karur,Member,Male,Sports and travel,96.8,3,290.4,14.52,341.92,37.00,3/15/2024,13:05,Cash,5.75012301
470-31-3286,B,karur,Normal,Male,Health and beauty,14.82,3,44.46,2.223,74.68,28.00,1/3/2024,11:30,Credit card,9.438881167
152-68-2907,A,Trichy,Normal,Male,Food and beverages,52.2,3,156.6,7.83,205.43,41.00,2/15/2024,13:30,Credit card,10
123-35-4896,C,Chennai,Normal,Female,Sports and travel,46.66,10,419.94,20.997,483.94,43.00,2/17/2024,19:11,Ewallet,5.75012301
258-69-7810,C,Chennai,Normal,Female,Fashion accessories,36.85,5,184.25,9.2125,222.46,29.00,1/26/2024,18:53,Cash,9.981345602
334-64-2006,A,Trichy,Member,Female,Home and lifestyle,70.32,2,140.64,7.032,168.67,21.00,3/24/2024,14:22,Ewallet,10
219-61-4139,C,Chennai,Normal,Male,Electronic accessories,83.08,1,83.08,4.154,124.23,37.00,1/23/2024,17:16,Ewallet,6.943544766
881-41-7302,C,Chennai,Normal,Female,Fashion accessories,64.99,1,64.99,3.2495,112.24,44.00,1/26/2024,10:06,Credit card,4.882179914
373-09-4567,C,Chennai,Normal,Male,Food and beverages,77.56,11,775.6,38.78,836.38,22.00,3/14/2024,20:35,Ewallet,7.486009201
642-30-6693,B,karur,Normal,Female,Sports and travel,54.51,6,327.06,16.353,359.41,16.00,3/17/2024,13:54,Ewallet,8.462445184
484-22-8230,C,Chennai,Member,Female,Fashion accessories,51.89,7,363.23,18.1615,428.39,47.00,8/1/2024,20:08,Cash,4.882179914
830-58-2383,B,karur,Normal,Male,Home and lifestyle,31.75,4,127,6.35,170.35,37.00,8/2/2024,15:26,Cash,9.33038828
559-98-9873,A,Trichy,Member,Female,Fashion accessories,53.65,7,375.55,18.7775,412.33,18.00,10/2/2024,12:56,Ewallet,5.641630123
544-32-5024,C,Chennai,Member,Female,Food and beverages,49.79,4,199.16,9.958,223.12,14.00,3/28/2024,19:16,Credit card,6.943544766
318-12-0304,A,Trichy,Normal,Male,Fashion accessories,30.61,1,30.61,1.5305,65.14,33.00,1/23/2024,12:20,Ewallet,5.641630123
349-97-8902,B,karur,Member,Male,Food and beverages,57.89,2,115.78,5.789,131.57,10.00,1/17/2024,10:37,Ewallet,9.655866941
421-95-9805,A,Trichy,Normal,Female,Electronic accessories,28.96,1,28.96,1.448,74.41,44.00,7/2/2024,10:18,Credit card,6.726558992
277-35-5865,C,Chennai,Member,Female,Food and beverages,98.97,10,890.73,44.5365,962.27,27.00,9/3/2024,11:23,Cash,7.269023427
789-23-8625,B,karur,Member,Male,Fashion accessories,93.22,3,279.66,13.983,338.64,45.00,1/24/2024,11:45,Cash,7.811487862
284-54-4231,C,Chennai,Member,Male,Sports and travel,80.93,1,80.93,4.0465,113.98,29.00,1/19/2024,16:08,Credit card,9.764359828
443-59-0061,A,Trichy,Member,Male,Food and beverages,67.45,11,674.5,33.725,753.23,45.00,3/2/2024,11:25,Ewallet,4.556701253
509-29-3912,A,Trichy,Member,Female,Sports and travel,38.72,10,348.48,17.424,390.90,25.00,3/20/2024,12:24,Ewallet,4.556701253
327-40-9673,B,karur,Member,Male,Sports and travel,72.6,6,435.6,21.78,467.38,10.00,1/13/2024,19:51,Cash,7.486009201
840-19-2096,C,Chennai,Member,Male,Electronic accessories,87.91,5,439.55,21.9775,474.53,13.00,3/14/2024,18:10,Ewallet,4.773687027
828-46-6863,A,Trichy,Member,Male,Food and beverages,98.53,6,591.18,29.559,634.74,14.00,1/23/2024,11:22,Credit card,4.339715479
641-96-3695,C,Chennai,Member,Female,Fashion accessories,43.46,6,260.76,13.038,320.80,47.00,7/2/2024,17:55,Ewallet,9.221895393
420-97-3340,A,Trichy,Normal,Female,Food and beverages,71.68,3,215.04,10.752,256.79,31.00,3/28/2024,15:30,Credit card,9.981345602
436-54-4512,A,Trichy,Member,Female,Food and beverages,91.61,1,91.61,4.5805,141.19,45.00,3/20/2024,19:44,Cash,10
670-79-6321,B,karur,Member,Female,Home and lifestyle,94.59,7,662.13,33.1065,739.24,44.00,1/17/2024,15:27,Credit card,5.316151462
852-62-7105,B,karur,Normal,Female,Fashion accessories,83.25,11,832.5,41.625,895.13,21.00,12/1/2024,11:25,Credit card,4.773687027
598-06-7312,B,karur,Member,Male,Fashion accessories,91.35,1,91.35,4.5675,133.92,38.00,2/16/2024,15:42,Cash,7.377516314
135-13-8269,B,karur,Member,Female,Food and beverages,78.88,2,157.76,7.888,182.65,17.00,1/26/2024,16:04,Cash,9.872852715
816-57-2053,A,Trichy,Normal,Male,Sports and travel,60.87,2,121.74,6.087,174.83,47.00,9/3/2024,12:37,Ewallet,9.438881167
628-90-8624,B,karur,Member,Male,Health and beauty,82.58,11,825.8,41.29,896.09,29.00,3/14/2024,14:41,Cash,5.424644349
856-66-2701,A,Trichy,Member,Male,Home and lifestyle,53.3,3,159.9,7.995,207.90,40.00,1/25/2024,14:19,Ewallet,8.136966523
308-39-1707,A,Trichy,Normal,Female,Fashion accessories,12.09,1,12.09,0.6045,46.69,34.00,1/26/2024,18:19,Credit card,8.896416732
149-61-1929,A,Trichy,Normal,Male,Sports and travel,64.19,11,641.9,32.095,704.00,30.00,1/19/2024,14:08,Credit card,7.269023427
655-07-2265,A,Trichy,Normal,Male,Electronic accessories,78.31,3,234.93,11.7465,259.68,13.00,5/3/2024,16:38,Ewallet,5.858615897
589-02-8023,A,Trichy,Member,Male,Food and beverages,83.77,2,167.54,8.377,197.92,22.00,1/15/2024,10:54,Credit card,7.594502088
420-04-7590,B,karur,Normal,Male,Home and lifestyle,99.7,3,299.1,14.955,353.06,39.00,3/18/2024,11:29,Ewallet,5.099165688
182-88-2763,B,karur,Member,Male,Food and beverages,79.91,3,239.73,11.9865,300.72,49.00,3/20/2024,19:28,Credit card,5.424644349
188-55-0967,B,karur,Member,Male,Health and beauty,66.47,11,664.7,33.235,728.94,31.00,1/15/2024,15:01,Credit card,5.424644349
610-46-4100,A,Trichy,Normal,Male,Health and beauty,28.95,7,202.65,10.1325,249.78,37.00,3/3/2024,20:31,Credit card,6.509573218
318-81-2368,C,Chennai,Normal,Female,Electronic accessories,46.2,1,46.2,2.31,75.51,27.00,3/19/2024,12:16,Cash,6.835051879
364-33-8584,B,karur,Member,Female,Food and beverages,17.63,5,88.15,4.4075,126.56,34.00,8/3/2024,15:27,Cash,9.221895393
665-63-9737,B,karur,Normal,Male,Fashion accessories,52.42,3,157.26,7.863,202.12,37.00,2/27/2024,17:36,Ewallet,8.136966523
695-09-5146,B,karur,Member,Female,Food and beverages,98.79,3,296.37,14.8185,326.19,15.00,2/23/2024,20:00,Ewallet,6.943544766
155-45-3814,C,Chennai,Member,Female,Electronic accessories,88.55,8,708.4,35.42,778.82,35.00,3/19/2024,15:29,Ewallet,5.099165688
794-32-2436,B,karur,Member,Male,Electronic accessories,55.67,2,111.34,5.567,140.91,24.00,3/27/2024,15:08,Ewallet,6.509573218
131-15-8856,C,Chennai,Member,Female,Food and beverages,72.52,8,580.16,29.008,636.17,27.00,3/30/2024,19:26,Credit card,4.339715479
273-84-2164,C,Chennai,Member,Male,Electronic accessories,12.05,5,60.25,3.0125,93.26,30.00,2/16/2024,15:53,Ewallet,5.967108784
706-36-6154,A,Trichy,Member,Male,Home and lifestyle,19.36,10,174.24,8.712,218.95,36.00,1/18/2024,18:43,Ewallet,9.438881167
778-89-7974,C,Chennai,Normal,Male,Health and beauty,70.21,6,421.26,21.063,477.32,35.00,3/30/2024,14:58,Cash,8.028473636
574-31-8277,B,karur,Member,Male,Fashion accessories,33.63,1,33.63,1.6815,46.31,11.00,3/20/2024,19:55,Cash,6.075601671
859-71-0933,C,Chennai,Member,Female,Sports and travel,15.49,2,30.98,1.549,70.53,38.00,1/16/2024,15:10,Cash,6.835051879
740-11-5257,C,Chennai,Normal,Male,Electronic accessories,24.74,11,247.4,12.37,282.77,23.00,2/24/2024,16:44,Cash,7.702994975
369-82-2676,B,karur,Normal,Male,Electronic accessories,75.66,5,378.3,18.915,408.22,11.00,1/15/2024,18:22,Ewallet,8.462445184
563-47-4072,B,karur,Normal,Female,Health and beauty,55.81,6,334.86,16.743,371.60,20.00,1/22/2024,11:52,Cash,10
742-04-5161,A,Trichy,Member,Male,Home and lifestyle,72.78,11,727.8,36.39,777.19,13.00,3/2/2024,17:24,Cash,7.919980749
149-15-7606,B,karur,Member,Male,Sports and travel,37.32,10,335.88,16.794,375.67,23.00,6/3/2024,15:31,Ewallet,5.533137236
133-77-3154,B,karur,Member,Male,Fashion accessories,60.18,4,240.72,12.036,275.76,23.00,2/16/2024,18:04,Credit card,10
169-52-4504,A,Trichy,Normal,Female,Electronic accessories,15.69,3,47.07,2.3535,82.42,33.00,3/14/2024,14:13,Credit card,6.292587445
250-81-7186,C,Chennai,Normal,Female,Electronic accessories,99.69,1,99.69,4.9845,144.67,40.00,2/27/2024,10:23,Credit card,8.679430958
562-12-5430,A,Trichy,Member,Female,Fashion accessories,88.15,3,264.45,13.2225,300.67,23.00,1/18/2024,10:11,Ewallet,8.570938071
816-72-8853,A,Trichy,Member,Female,Sports and travel,27.93,5,139.65,6.9825,168.63,22.00,1/29/2024,15:48,Cash,6.401080332
491-38-3499,A,Trichy,Member,Male,Fashion accessories,55.45,1,55.45,2.7725,94.22,36.00,2/26/2024,17:46,Credit card,5.316151462
322-02-2271,B,karur,Normal,Female,Sports and travel,42.97,3,128.91,6.4455,162.36,27.00,3/2/2024,11:46,Cash,10
842-29-4695,C,Chennai,Member,Male,Sports and travel,17.14,7,119.98,5.999,137.98,12.00,1/16/2024,12:07,Credit card,8.570938071
725-67-2480,B,karur,Member,Female,Fashion accessories,58.75,6,352.5,17.625,383.13,13.00,3/24/2024,18:14,Credit card,6.401080332
641-51-2661,C,Chennai,Member,Female,Food and beverages,87.1,11,871,43.55,931.55,17.00,12/2/2024,14:45,Credit card,10
714-02-3114,C,Chennai,Normal,Female,Sports and travel,98.8,2,197.6,9.88,248.48,41.00,2/21/2024,11:39,Cash,8.353952297
518-17-2983,A,Trichy,Normal,Female,Fashion accessories,48.63,4,194.52,9.726,246.25,42.00,4/2/2024,15:44,Ewallet,8.24545941
779-42-2410,B,karur,Member,Male,Food and beverages,57.74,3,173.22,8.661,225.88,44.00,2/20/2024,13:06,Ewallet,8.353952297
190-14-3147,B,karur,Normal,Female,Health and beauty,17.97,4,71.88,3.594,117.47,42.00,2/23/2024,20:43,Ewallet,6.943544766
408-66-6712,C,Chennai,Member,Female,Health and beauty,47.71,6,286.26,14.313,336.57,36.00,2/16/2024,14:19,Ewallet,4.773687027
679-22-6530,B,karur,Normal,Female,Sports and travel,40.62,2,81.24,4.062,112.30,27.00,1/17/2024,10:01,Credit card,4.448208366
588-47-8641,A,Trichy,Member,Male,Fashion accessories,56.04,11,560.4,28.02,629.42,41.00,1/14/2024,19:30,Ewallet,4.773687027
642-61-4706,B,karur,Member,Male,Food and beverages,93.4,2,186.8,9.34,207.14,11.00,3/30/2024,16:34,Cash,5.967108784
576-31-4774,B,karur,Normal,Female,Health and beauty,73.41,3,220.23,11.0115,281.24,50.00,2/3/2024,13:10,Ewallet,4.339715479
556-41-6224,C,Chennai,Normal,Male,Health and beauty,33.64,8,269.12,13.456,298.58,16.00,2/15/2024,17:10,Credit card,10
811-03-8790,A,Trichy,Normal,Female,Electronic accessories,45.48,11,454.8,22.74,518.54,41.00,1/3/2024,10:22,Credit card,5.207658575
242-11-3142,B,karur,Member,Male,Fashion accessories,83.77,2,167.54,8.377,218.92,43.00,2/24/2024,19:57,Cash,4.990672801
752-23-3760,B,karur,Member,Female,Sports and travel,64.08,7,448.56,22.428,501.99,31.00,2/19/2024,19:29,Credit card,7.919980749
274-05-5470,A,Trichy,Member,Female,Food and beverages,73.47,4,293.88,14.694,347.57,39.00,2/23/2024,18:30,Cash,6.509573218
648-94-3045,C,Chennai,Normal,Male,Health and beauty,58.95,11,589.5,29.475,633.98,15.00,7/2/2024,14:27,Ewallet,8.787923845
130-67-4723,A,Trichy,Member,Male,Food and beverages,48.5,6,291,14.55,347.55,42.00,11/1/2024,13:57,Ewallet,10
528-87-5606,B,karur,Member,Female,Electronic accessories,39.48,1,39.48,1.974,74.45,33.00,12/2/2024,19:43,Cash,7.052037653
320-85-2052,B,karur,Normal,Female,Sports and travel,34.81,1,34.81,1.7405,75.55,39.00,1/14/2024,10:11,Credit card,7.594502088
370-96-0655,C,Chennai,Normal,Female,Fashion accessories,49.32,6,295.92,14.796,353.72,43.00,9/1/2024,13:46,Ewallet,7.702994975
105-10-6182,A,Trichy,Member,Male,Fashion accessories,21.48,2,42.96,2.148,57.11,12.00,2/27/2024,12:22,Ewallet,7.16053054
510-79-0415,B,karur,Member,Female,Sports and travel,23.08,6,138.48,6.924,164.40,19.00,1/24/2024,19:20,Ewallet,5.316151462
241-96-5076,B,karur,Member,Female,Home and lifestyle,49.1,2,98.2,4.91,123.11,20.00,8/1/2024,12:58,Credit card,6.943544766
767-97-4650,B,karur,Member,Female,Sports and travel,64.83,2,129.66,6.483,179.14,43.00,8/1/2024,11:59,Credit card,8.679430958
648-83-1321,A,Trichy,Member,Male,Home and lifestyle,63.56,11,635.6,31.78,690.38,23.00,1/16/2024,17:59,Cash,4.66519414
173-57-2300,C,Chennai,Member,Male,Sports and travel,72.88,2,145.76,7.288,165.05,12.00,3/13/2024,12:51,Cash,6.618066105
305-03-2383,A,Trichy,Normal,Female,Food and beverages,67.1,3,201.3,10.065,235.37,24.00,2/15/2024,10:36,Cash,8.136966523
394-55-6384,C,Chennai,Member,Female,Sports and travel,70.19,10,631.71,31.5855,709.30,46.00,1/25/2024,13:38,Cash,7.269023427
266-20-6657,C,Chennai,Member,Male,Food and beverages,55.04,7,385.28,19.264,437.54,33.00,12/3/2024,19:39,Ewallet,5.641630123
689-05-1884,A,Trichy,Member,Male,Health and beauty,48.63,11,486.3,24.315,526.62,16.00,4/3/2024,12:44,Cash,9.547374054
196-01-2849,C,Chennai,Member,Female,Fashion accessories,73.38,7,513.66,25.683,564.34,25.00,10/2/2024,13:56,Cash,10
372-62-5264,C,Chennai,Normal,Female,Food and beverages,52.6,10,473.4,23.67,507.07,10.00,1/16/2024,14:42,Cash,8.24545941
800-09-8606,A,Trichy,Member,Female,Home and lifestyle,87.37,5,436.85,21.8425,491.69,33.00,1/29/2024,19:45,Cash,7.16053054
182-52-7000,A,Trichy,Member,Female,Sports and travel,27.04,4,108.16,5.408,133.57,20.00,1/1/2024,20:26,Ewallet,7.486009201
826-58-8051,B,karur,Normal,Male,Home and lifestyle,62.19,4,248.76,12.438,299.20,38.00,6/1/2024,19:46,Ewallet,4.66519414
868-06-0466,A,Trichy,Member,Male,Electronic accessories,69.58,10,626.22,31.311,680.53,23.00,2/19/2024,19:38,Credit card,8.462445184
751-41-9720,C,Chennai,Normal,Male,Home and lifestyle,97.5,11,975,48.75,1038.75,15.00,12/1/2024,16:18,Ewallet,8.679430958
626-43-7888,C,Chennai,Normal,Female,Fashion accessories,60.41,8,483.28,24.164,542.44,35.00,7/2/2024,12:23,Ewallet,10
176-64-7711,B,karur,Normal,Male,Food and beverages,32.32,3,96.96,4.848,138.81,37.00,3/27/2024,19:11,Credit card,4.66519414
191-29-0321,B,karur,Member,Female,Fashion accessories,19.77,11,197.7,9.885,250.59,43.00,2/27/2024,18:57,Credit card,5.424644349
729-06-2010,B,karur,Member,Male,Health and beauty,80.47,10,724.23,36.2115,805.44,45.00,6/1/2024,11:18,Cash,9.981345602
640-48-5028,B,karur,Member,Female,Home and lifestyle,88.39,10,795.51,39.7755,850.29,15.00,2/3/2024,12:40,Cash,6.835051879
186-79-9562,B,karur,Normal,Male,Health and beauty,71.77,7,502.39,25.1195,543.51,16.00,3/29/2024,14:06,Cash,9.655866941
834-45-5519,B,karur,Normal,Female,Electronic accessories,43,4,172,8.6,223.60,43.00,1/31/2024,20:48,Ewallet,8.24545941
162-65-8559,C,Chennai,Member,Male,Food and beverages,68.98,1,68.98,3.449,97.43,25.00,1/21/2024,20:13,Cash,5.207658575
760-27-5490,C,Chennai,Normal,Male,Fashion accessories,15.62,8,124.96,6.248,150.21,19.00,1/20/2024,20:37,Ewallet,9.872852715
445-30-9252,A,Trichy,Normal,Male,Sports and travel,25.7,3,77.1,3.855,112.96,32.00,1/17/2024,17:59,Ewallet,6.618066105
786-94-2700,A,Trichy,Member,Male,Food and beverages,80.62,6,483.72,24.186,553.91,46.00,2/28/2024,20:18,Cash,9.872852715
728-88-7867,C,Chennai,Member,Female,Home and lifestyle,75.53,4,302.12,15.106,341.23,24.00,3/19/2024,15:52,Ewallet,9.004909619
183-21-3799,C,Chennai,Normal,Female,Electronic accessories,77.63,10,698.67,34.9335,750.60,17.00,2/19/2024,15:14,Ewallet,7.811487862
268-20-3585,C,Chennai,Normal,Female,Health and beauty,13.85,10,124.65,6.2325,155.88,25.00,4/2/2024,12:50,Ewallet,6.509573218
735-32-9839,C,Chennai,Member,Male,Fashion accessories,98.7,8,789.6,39.48,859.08,30.00,1/31/2024,10:36,Ewallet,9.221895393
258-92-7466,A,Trichy,Normal,Female,Health and beauty,35.68,5,178.4,8.92,214.32,27.00,6/2/2024,18:33,Credit card,7.16053054
857-16-3520,A,Trichy,Member,Female,Fashion accessories,71.46,7,500.22,25.011,553.23,28.00,3/28/2024,16:06,Ewallet,4.882179914
482-17-1179,A,Trichy,Member,Male,Electronic accessories,11.94,3,35.82,1.791,64.61,27.00,1/19/2024,12:47,Credit card,8.787923845
788-21-5741,A,Trichy,Normal,Male,Fashion accessories,45.38,3,136.14,6.807,156.95,14.00,2/17/2024,13:34,Credit card,7.811487862
821-14-9046,B,karur,Member,Female,Fashion accessories,17.48,6,104.88,5.244,151.12,41.00,1/18/2024,15:04,Credit card,6.618066105
418-05-0656,B,karur,Normal,Female,Fashion accessories,25.56,7,178.92,8.946,200.87,13.00,2/2/2024,20:42,Cash,7.702994975
678-79-0726,C,Chennai,Member,Female,Sports and travel,90.63,10,815.67,40.7835,896.45,40.00,1/18/2024,15:28,Cash,5.533137236
776-68-1096,B,karur,Normal,Male,Home and lifestyle,44.12,3,132.36,6.618,186.98,48.00,3/18/2024,13:45,Credit card,8.570938071
592-46-1692,C,Chennai,Member,Female,Food and beverages,36.77,7,257.39,12.8695,296.26,26.00,11/1/2024,20:10,Cash,8.028473636
434-35-9162,B,karur,Member,Male,Food and beverages,23.34,4,93.36,4.668,118.03,20.00,4/2/2024,18:53,Ewallet,8.028473636
149-14-0304,C,Chennai,Member,Female,Health and beauty,28.5,8,228,11.4,274.40,35.00,6/2/2024,14:24,Cash,7.16053054
442-44-6497,C,Chennai,Member,Male,Home and lifestyle,55.57,3,166.71,8.3355,205.05,30.00,8/1/2024,11:42,Credit card,6.401080332
174-64-0215,B,karur,Normal,Male,Sports and travel,69.74,11,697.4,34.87,745.27,13.00,5/3/2024,17:49,Credit card,9.655866941
210-74-9613,C,Chennai,Normal,Male,Fashion accessories,97.26,4,389.04,19.452,450.49,42.00,3/16/2024,15:33,Ewallet,7.377516314
299-29-0180,B,karur,Member,Female,Home and lifestyle,52.18,7,365.26,18.263,397.52,14.00,9/3/2024,10:54,Cash,10
247-11-2470,A,Trichy,Member,Female,Fashion accessories,22.32,4,89.28,4.464,131.74,38.00,1/3/2024,16:23,Credit card,4.773687027
635-28-5728,A,Trichy,Normal,Male,Health and beauty,56,3,168,8.4,187.40,11.00,2/28/2024,19:33,Ewallet,5.207658575
756-49-0168,A,Trichy,Member,Male,Fashion accessories,19.7,1,19.7,0.985,30.69,10.00,8/2/2024,11:39,Ewallet,10
438-23-1242,B,karur,Normal,Male,Electronic accessories,75.88,7,531.16,26.558,577.72,20.00,1/24/2024,10:38,Ewallet,9.655866941
238-45-6950,B,karur,Member,Male,Food and beverages,53.72,1,53.72,2.686,88.41,32.00,1/3/2024,20:03,Ewallet,6.943544766
607-65-2441,C,Chennai,Member,Male,Health and beauty,81.95,11,819.5,40.975,894.48,34.00,10/3/2024,12:39,Credit card,6.509573218
386-27-7606,C,Chennai,Member,Female,Home and lifestyle,81.2,7,568.4,28.42,614.82,18.00,3/23/2024,15:59,Credit card,8.787923845
137-63-5492,C,Chennai,Normal,Male,Electronic accessories,58.76,11,587.6,29.38,638.98,22.00,1/29/2024,14:26,Ewallet,9.764359828
197-77-7132,B,karur,Member,Male,Electronic accessories,91.56,8,732.48,36.624,782.10,13.00,12/1/2024,18:22,Ewallet,6.509573218
805-86-0265,A,Trichy,Normal,Male,Home and lifestyle,93.96,10,845.64,42.282,912.92,25.00,3/20/2024,11:32,Cash,10
733-29-1227,C,Chennai,Normal,Male,Home and lifestyle,55.61,7,389.27,19.4635,435.73,27.00,3/23/2024,12:41,Cash,9.221895393
451-73-2711,C,Chennai,Normal,Male,Food and beverages,84.83,1,84.83,4.2415,136.07,47.00,1/14/2024,15:20,Ewallet,9.547374054
373-14-0504,A,Trichy,Member,Female,Sports and travel,71.63,2,143.26,7.163,198.42,48.00,12/2/2024,14:33,Ewallet,9.547374054
546-80-2899,A,Trichy,Member,Male,Home and lifestyle,37.69,2,75.38,3.769,126.15,47.00,2/20/2024,15:29,Ewallet,10
345-68-9016,C,Chennai,Member,Female,Sports and travel,31.67,8,253.36,12.668,277.03,11.00,2/1/2024,16:19,Credit card,6.075601671
390-17-5806,C,Chennai,Member,Female,Food and beverages,38.42,1,38.42,1.921,71.34,31.00,2/2/2024,16:33,Cash,9.33038828
457-13-1708,B,karur,Member,Male,Fashion accessories,65.23,11,652.3,32.615,712.92,28.00,8/1/2024,19:07,Credit card,5.641630123
664-14-2882,C,Chennai,Member,Female,Home and lifestyle,10.53,5,52.65,2.6325,83.28,28.00,1/30/2024,14:43,Credit card,6.292587445
487-79-6868,B,karur,Member,Female,Home and lifestyle,12.29,10,110.61,5.5305,156.14,40.00,3/26/2024,19:28,Credit card,8.679430958
314-23-4520,C,Chennai,Member,Male,Health and beauty,81.23,7,568.61,28.4305,609.04,12.00,1/15/2024,20:44,Cash,9.764359828
210-30-7976,B,karur,Member,Female,Fashion accessories,22.32,4,89.28,4.464,123.74,30.00,3/14/2024,11:16,Ewallet,4.448208366
585-86-8361,A,Trichy,Normal,Female,Food and beverages,27.28,5,136.4,6.82,189.22,46.00,3/2/2024,10:31,Credit card,9.33038828
807-14-7833,A,Trichy,Member,Female,Electronic accessories,17.42,11,174.2,8.71,194.91,12.00,2/22/2024,12:30,Ewallet,7.594502088
775-72-1988,B,karur,Normal,Male,Home and lifestyle,73.28,5,366.4,18.32,430.72,46.00,1/24/2024,15:05,Ewallet,9.113402506
288-38-3758,C,Chennai,Member,Female,Fashion accessories,84.87,3,254.61,12.7305,299.34,32.00,1/25/2024,18:30,Ewallet,8.028473636
652-43-6591,A,Trichy,Normal,Female,Fashion accessories,97.29,8,778.32,38.916,858.24,41.00,9/3/2024,13:18,Credit card,6.726558992
785-96-0615,B,karur,Member,Female,Electronic accessories,35.74,8,285.92,14.296,329.22,29.00,2/17/2024,15:28,Ewallet,5.316151462
406-46-7107,A,Trichy,Normal,Female,Home and lifestyle,96.52,6,579.12,28.956,647.08,39.00,11/1/2024,11:52,Cash,4.882179914
250-17-5703,A,Trichy,Member,Male,Food and beverages,18.85,11,188.5,9.425,215.93,18.00,2/27/2024,18:24,Ewallet,6.075601671
156-95-3964,A,Trichy,Normal,Female,Food and beverages,55.39,4,221.56,11.078,263.64,31.00,3/25/2024,15:19,Ewallet,8.679430958
842-40-8179,B,karur,Member,Female,Food and beverages,77.2,11,772,38.6,835.60,25.00,11/2/2024,10:38,Credit card,6.075601671
525-09-8450,B,karur,Normal,Male,Electronic accessories,72.13,11,721.3,36.065,787.37,30.00,1/31/2024,15:12,Credit card,4.556701253
410-67-1709,A,Trichy,Member,Female,Fashion accessories,63.88,8,511.04,25.552,574.59,38.00,1/20/2024,17:48,Ewallet,10
587-73-4862,A,Trichy,Member,Female,Health and beauty,10.69,5,53.45,2.6725,78.12,22.00,3/26/2024,11:07,Ewallet,8.24545941
787-87-2010,A,Trichy,Member,Male,Health and beauty,55.5,4,222,11.1,252.10,19.00,1/20/2024,15:48,Credit card,7.16053054
593-14-4239,B,karur,Normal,Female,Home and lifestyle,95.46,8,763.68,38.184,813.86,12.00,5/3/2024,19:40,Ewallet,5.099165688
801-88-0346,C,Chennai,Normal,Female,Fashion accessories,76.06,3,228.18,11.409,270.59,31.00,5/1/2024,20:30,Credit card,10
388-76-2555,B,karur,Normal,Male,Sports and travel,13.69,6,82.14,4.107,104.25,18.00,2/13/2024,13:59,Cash,6.835051879
711-31-1234,B,karur,Normal,Female,Electronic accessories,95.64,4,382.56,19.128,421.69,20.00,3/16/2024,18:51,Cash,8.570938071
886-54-6089,A,Trichy,Normal,Female,Home and lifestyle,11.43,6,68.58,3.429,116.01,44.00,1/15/2024,17:24,Cash,8.353952297
707-32-7409,B,karur,Member,Female,Sports and travel,95.54,4,382.16,19.108,442.27,41.00,2/26/2024,11:58,Ewallet,4.882179914
759-98-4285,C,Chennai,Member,Female,Health and beauty,85.87,7,601.09,30.0545,680.14,49.00,2/27/2024,19:01,Credit card,8.679430958
201-63-8275,C,Chennai,Member,Female,Sports and travel,67.99,7,475.93,23.7965,525.73,26.00,2/17/2024,16:50,Ewallet,6.184094558
471-06-8611,C,Chennai,Normal,Female,Food and beverages,52.42,1,52.42,2.621,81.04,26.00,6/2/2024,10:22,Credit card,6.835051879
200-16-5952,C,Chennai,Member,Male,Food and beverages,65.65,2,131.3,6.565,170.87,33.00,1/17/2024,16:46,Cash,6.509573218
120-54-2248,B,karur,Normal,Female,Food and beverages,28.86,5,144.3,7.215,195.52,44.00,1/22/2024,18:08,Credit card,8.679430958
102-77-2261,C,Chennai,Member,Male,Health and beauty,65.31,7,457.17,22.8585,523.03,43.00,5/3/2024,18:02,Credit card,4.556701253
875-31-8302,B,karur,Normal,Male,Sports and travel,93.38,1,93.38,4.669,112.05,14.00,3/1/2024,13:07,Cash,10
102-06-2002,C,Chennai,Member,Male,Sports and travel,25.25,5,126.25,6.3125,154.56,22.00,3/20/2024,17:52,Cash,6.618066105
457-94-0464,B,karur,Member,Male,Electronic accessories,87.87,10,790.83,39.5415,842.37,12.00,1/31/2024,20:32,Ewallet,6.075601671
629-42-4133,C,Chennai,Normal,Male,Health and beauty,21.8,8,174.4,8.72,212.12,29.00,2/19/2024,19:24,Cash,9.004909619
534-53-3526,A,Trichy,Normal,Female,Sports and travel,94.76,4,379.04,18.952,430.99,33.00,11/2/2024,16:06,Ewallet,8.462445184
307-04-2070,A,Trichy,Member,Female,Fashion accessories,30.62,1,30.62,1.531,49.15,17.00,5/2/2024,14:14,Credit card,4.448208366
468-99-7231,C,Chennai,Normal,Female,Home and lifestyle,44.01,8,352.08,17.604,394.68,25.00,3/3/2024,17:36,Cash,9.547374054
516-77-6464,C,Chennai,Member,Female,Health and beauty,10.16,5,50.8,2.54,85.34,32.00,2/24/2024,13:08,Ewallet,4.448208366
404-91-5964,A,Trichy,Normal,Male,Electronic accessories,74.58,7,522.06,26.103,571.16,23.00,4/2/2024,16:09,Credit card,9.764359828
886-77-9084,C,Chennai,Normal,Male,Electronic accessories,71.89,8,575.12,28.756,615.88,12.00,2/19/2024,11:33,Ewallet,5.967108784
790-38-4466,C,Chennai,Normal,Female,Health and beauty,10.99,5,54.95,2.7475,102.70,45.00,1/23/2024,10:18,Credit card,10
704-10-4056,C,Chennai,Member,Male,Health and beauty,60.47,3,181.41,9.0705,230.48,40.00,1/14/2024,10:55,Credit card,6.075601671
497-37-6538,A,Trichy,Normal,Male,Sports and travel,58.91,7,412.37,20.6185,450.99,18.00,1/17/2024,15:15,Ewallet,10
651-96-5970,A,Trichy,Normal,Male,Fashion accessories,46.41,1,46.41,2.3205,77.73,29.00,3/3/2024,20:06,Credit card,4.339715479
400-80-4065,C,Chennai,Member,Male,Health and beauty,68.55,4,274.2,13.71,306.91,19.00,2/15/2024,20:21,Credit card,9.981345602
744-16-7898,B,karur,Normal,Female,Home and lifestyle,97.37,11,973.7,48.685,1055.39,33.00,1/15/2024,13:48,Credit card,5.316151462
263-12-5321,A,Trichy,Member,Male,Electronic accessories,92.6,7,648.2,32.41,725.61,45.00,2/27/2024,12:52,Credit card,10
702-72-0487,A,Trichy,Normal,Female,Electronic accessories,46.61,2,93.22,4.661,109.88,12.00,2/26/2024,12:28,Credit card,7.16053054
605-83-1050,B,karur,Normal,Male,Fashion accessories,27.18,2,54.36,2.718,83.08,26.00,3/15/2024,16:26,Ewallet,4.66519414
443-60-9639,C,Chennai,Member,Female,Home and lifestyle,60.87,1,60.87,3.0435,104.91,41.00,1/24/2024,13:24,Cash,5.967108784
864-24-7918,A,Trichy,Member,Female,Sports and travel,24.49,11,244.9,12.245,279.15,22.00,2/22/2024,15:15,Cash,8.787923845
359-94-5395,B,karur,Normal,Male,Health and beauty,92.78,1,92.78,4.639,113.42,16.00,3/15/2024,10:50,Credit card,10
401-09-4232,C,Chennai,Member,Male,Home and lifestyle,86.69,5,433.45,21.6725,472.12,17.00,11/2/2024,18:38,Ewallet,10
751-15-6198,B,karur,Normal,Male,Sports and travel,23.01,6,138.06,6.903,176.96,32.00,12/1/2024,16:45,Ewallet,8.570938071
324-41-6833,C,Chennai,Member,Female,Electronic accessories,30.2,8,241.6,12.08,285.68,32.00,3/3/2024,19:30,Ewallet,5.533137236
474-33-8305,C,Chennai,Member,Male,Fashion accessories,67.39,7,471.73,23.5865,542.32,47.00,3/23/2024,13:23,Ewallet,7.486009201
759-29-9521,A,Trichy,Member,Female,Fashion accessories,48.96,10,440.64,22.032,512.67,50.00,4/3/2024,11:27,Cash,8.679430958
831-81-6575,B,karur,Member,Female,Electronic accessories,75.59,10,680.31,34.0155,763.33,49.00,2/23/2024,11:12,Cash,8.679430958
220-68-6701,A,Trichy,Normal,Female,Home and lifestyle,77.47,4,309.88,15.494,357.37,32.00,3/17/2024,16:36,Cash,4.556701253
618-34-8551,A,Trichy,Normal,Female,Sports and travel,93.18,2,186.36,9.318,228.68,33.00,1/16/2024,18:41,Credit card,9.221895393
257-60-7754,A,Trichy,Normal,Female,Electronic accessories,50.23,4,200.92,10.046,248.97,38.00,8/1/2024,17:12,Cash,9.764359828
559-61-5987,B,karur,Normal,Female,Health and beauty,17.75,1,17.75,0.8875,53.64,35.00,1/14/2024,10:38,Cash,9.33038828
189-55-2313,C,Chennai,Normal,Female,Fashion accessories,62.18,11,621.8,31.09,666.89,14.00,1/31/2024,10:33,Ewallet,6.509573218
565-91-4567,B,karur,Normal,Male,Health and beauty,10.75,8,86,4.3,139.30,49.00,3/15/2024,14:38,Ewallet,6.726558992
380-60-5336,A,Trichy,Normal,Female,Electronic accessories,40.26,11,402.6,20.13,470.73,48.00,2/24/2024,18:06,Credit card,5.424644349
815-04-6282,C,Chennai,Member,Female,Sports and travel,64.97,5,324.85,16.2425,352.09,11.00,8/2/2024,12:52,Credit card,7.052037653
674-56-6360,A,Trichy,Normal,Male,Electronic accessories,95.15,1,95.15,4.7575,115.91,16.00,3/22/2024,14:00,Cash,6.509573218
778-34-2523,A,Trichy,Member,Female,Electronic accessories,48.62,8,388.96,19.448,423.41,15.00,1/24/2024,10:57,Cash,5.424644349
499-27-7781,B,karur,Normal,Female,Food and beverages,53.21,8,425.68,21.284,458.96,12.00,3/14/2024,16:45,Ewallet,5.424644349
477-59-2456,C,Chennai,Normal,Female,Fashion accessories,45.44,7,318.08,15.904,349.98,16.00,1/23/2024,11:15,Cash,9.981345602
832-51-6761,A,Trichy,Normal,Male,Food and beverages,33.88,8,271.04,13.552,320.59,36.00,1/19/2024,20:29,Ewallet,10
869-11-3082,B,karur,Member,Male,Health and beauty,96.16,4,384.64,19.232,425.87,22.00,1/27/2024,20:03,Credit card,9.113402506
190-59-3964,B,karur,Member,Male,Food and beverages,47.16,5,235.8,11.79,289.59,42.00,3/2/2024,14:35,Credit card,6.509573218
366-43-6862,B,karur,Normal,Male,Electronic accessories,52.89,4,211.56,10.578,263.14,41.00,3/25/2024,16:32,Ewallet,7.269023427
186-43-8965,A,Trichy,Member,Female,Home and lifestyle,47.68,2,95.36,4.768,120.13,20.00,2/24/2024,10:10,Credit card,4.448208366
784-21-9238,C,Chennai,Member,Male,Sports and travel,10.17,1,10.17,0.5085,34.68,24.00,7/2/2024,14:15,Cash,6.401080332
276-75-6884,A,Trichy,Normal,Female,Health and beauty,68.71,3,206.13,10.3065,265.44,49.00,4/3/2024,10:05,Cash,9.438881167
109-86-4363,B,karur,Member,Female,Sports and travel,60.08,7,420.56,21.028,490.59,49.00,2/14/2024,11:36,Credit card,4.882179914
569-76-2760,A,Trichy,Member,Female,Sports and travel,22.01,4,88.04,4.402,111.44,19.00,1/29/2024,18:15,Credit card,7.16053054
222-42-0244,B,karur,Member,Female,Health and beauty,72.11,10,648.99,32.4495,718.44,37.00,1/28/2024,13:53,Credit card,8.353952297
760-53-9233,A,Trichy,Member,Male,Fashion accessories,41.28,3,123.84,6.192,152.03,22.00,3/26/2024,18:37,Credit card,9.221895393
538-22-0304,C,Chennai,Normal,Male,Electronic accessories,64.95,11,649.5,32.475,724.98,43.00,3/24/2024,18:27,Cash,5.641630123
416-17-9926,A,Trichy,Member,Female,Electronic accessories,74.22,11,742.2,37.11,816.31,37.00,1/1/2024,14:42,Credit card,4.66519414
237-44-6163,A,Trichy,Normal,Male,Electronic accessories,10.56,8,84.48,4.224,98.70,10.00,1/24/2024,17:43,Cash,8.24545941
636-17-0325,B,karur,Normal,Male,Health and beauty,62.57,4,250.28,12.514,299.79,37.00,2/25/2024,18:37,Cash,10
343-75-9322,B,karur,Member,Female,Sports and travel,11.85,8,94.8,4.74,133.54,34.00,9/1/2024,16:34,Cash,4.448208366
528-14-9470,A,Trichy,Member,Male,Health and beauty,91.3,1,91.3,4.565,116.87,21.00,2/14/2024,14:42,Ewallet,9.981345602
427-45-9297,B,karur,Member,Female,Home and lifestyle,40.73,7,285.11,14.2555,338.37,39.00,12/3/2024,11:01,Ewallet,5.858615897
807-34-3742,A,Trichy,Normal,Male,Fashion accessories,52.38,1,52.38,2.619,71.00,16.00,3/26/2024,19:44,Cash,6.292587445
288-62-1085,A,Trichy,Member,Male,Fashion accessories,38.54,5,192.7,9.635,219.34,17.00,9/1/2024,13:34,Ewallet,6.075601671
670-71-7306,B,karur,Normal,Male,Sports and travel,44.63,6,267.78,13.389,319.17,38.00,2/1/2024,20:08,Credit card,5.533137236
660-29-7083,C,Chennai,Normal,Male,Electronic accessories,55.87,11,558.7,27.935,631.64,45.00,1/15/2024,15:01,Cash,6.292587445
271-77-8740,C,Chennai,Member,Female,Sports and travel,29.22,6,175.32,8.766,214.09,30.00,1/1/2024,11:40,Ewallet,5.424644349
497-36-0989,A,Trichy,Normal,Male,Fashion accessories,51.94,3,155.82,7.791,175.61,12.00,2/15/2024,15:21,Cash,8.570938071
291-59-1384,B,karur,Normal,Male,Electronic accessories,60.3,1,60.3,3.015,111.32,48.00,2/28/2024,17:38,Cash,6.509573218
860-73-6466,A,Trichy,Member,Female,Sports and travel,39.47,2,78.94,3.947,129.89,47.00,2/3/2024,16:16,Credit card,5.424644349
549-23-9016,C,Chennai,Member,Female,Food and beverages,14.87,2,29.74,1.487,61.23,30.00,2/13/2024,18:15,Credit card,9.655866941
896-34-0956,A,Trichy,Normal,Male,Fashion accessories,21.32,1,21.32,1.066,42.39,20.00,1/26/2024,12:43,Cash,6.401080332
804-38-3935,A,Trichy,Member,Male,Electronic accessories,93.78,3,281.34,14.067,325.41,30.00,1/30/2024,11:32,Credit card,6.401080332
585-90-0249,A,Trichy,Member,Male,Electronic accessories,73.26,1,73.26,3.663,115.92,39.00,1/27/2024,18:08,Ewallet,10
862-29-5914,C,Chennai,Normal,Female,Sports and travel,22.38,1,22.38,1.119,55.50,32.00,1/30/2024,17:08,Credit card,9.33038828
845-94-6841,C,Chennai,Member,Female,Food and beverages,72.88,10,655.92,32.796,738.72,50.00,8/1/2024,19:38,Cash,4.339715479
125-45-2293,A,Trichy,Normal,Female,Fashion accessories,99.1,6,594.6,29.73,657.33,33.00,1/19/2024,13:11,Cash,4.556701253
843-73-4724,A,Trichy,Normal,Male,Fashion accessories,74.1,1,74.1,3.705,119.81,42.00,1/25/2024,11:05,Cash,9.981345602
409-33-9708,A,Trichy,Normal,Female,Fashion accessories,98.48,2,196.96,9.848,255.81,49.00,2/19/2024,10:12,Ewallet,9.981345602
658-66-3967,C,Chennai,Normal,Male,Health and beauty,53.19,7,372.33,18.6165,433.95,43.00,1/14/2024,15:42,Ewallet,5.424644349
866-70-2814,B,karur,Normal,Female,Electronic accessories,52.79,11,527.9,26.395,566.30,12.00,2/25/2024,11:58,Ewallet,10
160-22-2687,A,Trichy,Member,Female,Health and beauty,95.95,5,479.75,23.9875,551.74,48.00,1/23/2024,14:21,Ewallet,9.547374054
895-03-6665,B,karur,Normal,Female,Fashion accessories,36.51,10,328.59,16.4295,379.02,34.00,2/16/2024,10:52,Cash,4.556701253
770-42-8960,B,karur,Normal,Male,Food and beverages,21.12,8,168.96,8.448,208.41,31.00,1/1/2024,19:31,Cash,6.835051879
748-45-2862,A,Trichy,Member,Female,Home and lifestyle,28.31,4,113.24,5.662,165.90,47.00,7/3/2024,18:35,Cash,8.896416732
234-36-2483,B,karur,Normal,Male,Health and beauty,57.59,6,345.54,17.277,408.82,46.00,2/15/2024,13:51,Cash,5.533137236
316-66-3011,A,Trichy,Member,Female,Food and beverages,47.63,10,428.67,21.4335,474.10,24.00,1/23/2024,12:35,Cash,5.424644349
848-95-6252,C,Chennai,Member,Female,Home and lifestyle,86.27,1,86.27,4.3135,123.58,33.00,2/20/2024,13:24,Ewallet,7.594502088
840-76-5966,A,Trichy,Member,Male,Sports and travel,12.76,2,25.52,1.276,76.80,50.00,8/1/2024,18:06,Ewallet,8.462445184
152-03-4217,B,karur,Normal,Female,Home and lifestyle,11.28,10,101.52,5.076,126.60,20.00,3/17/2024,11:55,Credit card,4.66519414
533-66-5566,B,karur,Normal,Female,Home and lifestyle,51.07,7,357.49,17.8745,395.36,20.00,12/1/2024,11:42,Cash,7.594502088
124-31-1458,A,Trichy,Member,Female,Electronic accessories,79.59,3,238.77,11.9385,300.71,50.00,8/1/2024,14:30,Cash,7.16053054
176-78-1170,C,Chennai,Member,Male,Health and beauty,33.81,3,101.43,5.0715,138.50,32.00,1/26/2024,15:11,Ewallet,7.919980749
361-59-0574,B,karur,Member,Male,Sports and travel,90.53,8,724.24,36.212,802.45,42.00,3/15/2024,14:48,Credit card,7.052037653
101-81-4070,C,Chennai,Member,Female,Health and beauty,62.82,2,125.64,6.282,167.92,36.00,1/17/2024,12:36,Ewallet,5.316151462
631-34-1880,C,Chennai,Member,Male,Food and beverages,24.31,3,72.93,3.6465,89.58,13.00,8/1/2024,19:09,Credit card,4.66519414
852-82-2749,A,Trichy,Normal,Male,Sports and travel,64.59,4,258.36,12.918,305.28,34.00,6/1/2024,13:35,Ewallet,10
873-14-6353,A,Trichy,Member,Male,Food and beverages,24.82,7,173.74,8.687,204.43,22.00,2/16/2024,10:33,Credit card,7.702994975
584-66-4073,C,Chennai,Normal,Male,Fashion accessories,56.5,1,56.5,2.825,89.33,30.00,3/13/2024,15:45,Ewallet,10
544-55-9589,B,karur,Member,Female,Electronic accessories,21.43,11,214.3,10.715,242.02,17.00,1/28/2024,11:51,Cash,6.726558992
166-19-2553,A,Trichy,Member,Male,Sports and travel,89.06,6,534.36,26.718,571.08,10.00,1/18/2024,17:26,Cash,10
737-88-5876,A,Trichy,Member,Male,Home and lifestyle,23.29,4,93.16,4.658,136.82,39.00,3/19/2024,11:52,Credit card,6.401080332
154-87-7367,C,Chennai,Normal,Male,Home and lifestyle,65.26,8,522.08,26.104,558.18,10.00,3/15/2024,14:04,Ewallet,6.835051879
885-56-0389,C,Chennai,Member,Male,Fashion accessories,52.35,1,52.35,2.6175,66.97,12.00,12/2/2024,17:49,Cash,4.339715479
608-05-3804,B,karur,Member,Male,Electronic accessories,39.75,1,39.75,1.9875,70.74,29.00,2/25/2024,20:19,Cash,6.618066105
448-61-3783,A,Trichy,Normal,Female,Electronic accessories,90.02,8,720.16,36.008,779.17,23.00,3/21/2024,16:08,Credit card,4.882179914
761-49-0439,B,karur,Member,Female,Electronic accessories,12.1,8,96.8,4.84,123.64,22.00,1/19/2024,10:17,Ewallet,9.33038828
490-95-0021,B,karur,Member,Female,Food and beverages,33.21,11,332.1,16.605,370.71,22.00,8/1/2024,14:25,Ewallet,6.509573218
115-38-7388,C,Chennai,Member,Female,Fashion accessories,10.18,8,81.44,4.072,103.51,18.00,3/30/2024,12:51,Credit card,10
311-13-6971,B,karur,Member,Male,Sports and travel,31.99,11,319.9,15.995,353.90,18.00,2/20/2024,15:18,Credit card,10
291-55-6563,A,Trichy,Member,Female,Home and lifestyle,34.42,6,206.52,10.326,242.85,26.00,3/30/2024,12:45,Ewallet,8.136966523
548-48-3156,A,Trichy,Member,Female,Food and beverages,83.34,2,166.68,8.334,194.01,19.00,3/19/2024,13:37,Cash,8.24545941
460-93-5834,A,Trichy,Normal,Male,Sports and travel,45.58,7,319.06,15.953,382.01,47.00,1/13/2024,10:03,Cash,5.424644349
325-89-4209,A,Trichy,Member,Male,Food and beverages,87.9,1,87.9,4.395,109.30,17.00,5/2/2024,19:42,Ewallet,7.269023427
884-80-6021,A,Trichy,Member,Female,Electronic accessories,73.47,11,734.7,36.735,814.44,43.00,3/23/2024,13:14,Ewallet,10
137-74-8729,C,Chennai,Normal,Female,Fashion accessories,12.19,8,97.52,4.876,121.40,19.00,3/13/2024,12:47,Ewallet,7.377516314
880-46-5796,A,Trichy,Member,Male,Sports and travel,76.92,11,769.2,38.46,822.66,15.00,3/17/2024,19:53,Ewallet,6.075601671
389-70-2397,C,Chennai,Normal,Female,Health and beauty,83.66,5,418.3,20.915,458.22,19.00,2/21/2024,10:26,Cash,7.811487862
114-35-5271,B,karur,Normal,Female,Electronic accessories,57.91,8,463.28,23.164,521.44,35.00,7/2/2024,15:06,Cash,8.787923845
607-76-6216,C,Chennai,Member,Female,Fashion accessories,92.49,5,462.45,23.1225,534.57,49.00,2/3/2024,16:35,Credit card,9.33038828
715-20-1673,B,karur,Normal,Male,Electronic accessories,28.38,5,141.9,7.095,171.00,22.00,6/3/2024,20:57,Cash,10
811-35-1094,B,karur,Member,Male,Electronic accessories,50.45,6,302.7,15.135,340.84,23.00,6/2/2024,15:16,Credit card,9.655866941
699-88-1972,B,karur,Normal,Male,Health and beauty,99.16,8,793.28,39.664,873.94,41.00,1/28/2024,17:47,Credit card,4.556701253
781-84-8059,C,Chennai,Normal,Male,Fashion accessories,60.74,7,425.18,21.259,486.44,40.00,1/18/2024,16:23,Ewallet,5.424644349
409-49-6995,C,Chennai,Member,Female,Food and beverages,47.27,6,283.62,14.181,315.80,18.00,5/2/2024,10:17,Cash,9.547374054
725-54-0677,C,Chennai,Member,Male,Health and beauty,85.6,7,599.2,29.96,672.16,43.00,2/3/2024,13:50,Cash,5.75012301
146-09-5432,A,Trichy,Member,Male,Food and beverages,35.04,10,315.36,15.768,356.13,25.00,9/2/2024,19:17,Ewallet,4.990672801
377-79-7592,C,Chennai,Member,Female,Electronic accessories,44.84,10,403.56,20.178,472.74,49.00,1/14/2024,14:00,Credit card,8.136966523
509-10-0516,B,karur,Normal,Male,Home and lifestyle,45.97,4,183.88,9.194,219.07,26.00,9/2/2024,12:02,Ewallet,5.533137236
595-94-9924,A,Trichy,Member,Female,Health and beauty,27.73,5,138.65,6.9325,181.58,36.00,3/26/2024,20:21,Credit card,4.556701253
865-41-9075,A,Trichy,Normal,Male,Food and beverages,11.53,7,80.71,4.0355,116.75,32.00,1/28/2024,17:35,Cash,8.787923845
545-07-8534,C,Chennai,Normal,Female,Health and beauty,58.32,2,116.64,5.832,146.47,24.00,2/14/2024,12:42,Ewallet,6.509573218
118-62-1812,C,Chennai,Member,Female,Home and lifestyle,78.38,4,313.52,15.676,368.20,39.00,3/24/2024,17:56,Cash,8.570938071
450-42-3339,C,Chennai,Normal,Male,Health and beauty,84.61,11,846.1,42.305,927.41,39.00,9/2/2024,18:58,Credit card,9.547374054
851-98-3555,B,karur,Normal,Female,Health and beauty,82.88,5,414.4,20.72,446.12,11.00,3/24/2024,14:08,Credit card,7.16053054
186-71-5196,A,Trichy,Member,Female,Food and beverages,79.54,2,159.08,7.954,193.03,26.00,3/27/2024,16:30,Ewallet,6.726558992
624-01-8356,B,karur,Normal,Female,Home and lifestyle,49.01,11,490.1,24.505,529.61,15.00,1/27/2024,10:44,Credit card,4.556701253
313-66-9943,B,karur,Member,Female,Food and beverages,29.15,3,87.45,4.3725,118.82,27.00,3/27/2024,20:29,Credit card,7.919980749
151-27-8496,C,Chennai,Normal,Female,Electronic accessories,56.13,4,224.52,11.226,251.75,16.00,1/19/2024,11:43,Ewallet,9.33038828
453-33-6436,A,Trichy,Normal,Female,Home and lifestyle,93.12,8,744.96,37.248,816.21,34.00,7/2/2024,10:09,Cash,7.377516314
522-57-8364,A,Trichy,Member,Male,Fashion accessories,51.34,8,410.72,20.536,465.26,34.00,1/31/2024,10:00,Ewallet,8.24545941
459-45-2396,A,Trichy,Member,Female,Food and beverages,99.6,3,298.8,14.94,335.74,22.00,2/25/2024,18:45,Cash,6.292587445
717-96-4189,C,Chennai,Normal,Female,Electronic accessories,35.49,6,212.94,10.647,259.59,36.00,2/2/2024,12:40,Cash,4.448208366
722-13-2115,C,Chennai,Member,Male,Sports and travel,42.85,1,42.85,2.1425,91.99,47.00,3/14/2024,15:36,Credit card,10
749-81-8133,A,Trichy,Normal,Female,Fashion accessories,94.67,4,378.68,18.934,439.61,42.00,11/3/2024,12:04,Cash,7.377516314
777-67-2495,B,karur,Normal,Male,Home and lifestyle,68.97,3,206.91,10.3455,245.26,28.00,2/22/2024,11:26,Ewallet,9.438881167
636-98-3364,B,karur,Member,Female,Electronic accessories,26.26,3,78.78,3.939,125.72,43.00,2/3/2024,12:36,Ewallet,6.835051879
246-55-6923,C,Chennai,Member,Female,Home and lifestyle,35.79,10,322.11,16.1055,364.22,26.00,10/3/2024,15:06,Credit card,5.533137236
181-82-6255,B,karur,Normal,Female,Home and lifestyle,16.37,6,98.22,4.911,143.13,40.00,8/2/2024,10:58,Cash,7.594502088
838-02-1821,C,Chennai,Member,Female,Home and lifestyle,12.73,2,25.46,1.273,36.73,10.00,2/22/2024,12:10,Credit card,5.641630123
887-42-0517,C,Chennai,Normal,Female,Sports and travel,83.14,7,581.98,29.099,628.08,17.00,10/1/2024,10:31,Credit card,7.16053054
457-12-0244,C,Chennai,Member,Female,Sports and travel,35.22,6,211.32,10.566,240.89,19.00,3/14/2024,13:49,Ewallet,7.052037653
226-34-0034,B,karur,Normal,Female,Electronic accessories,13.78,4,55.12,2.756,87.88,30.00,10/1/2024,11:10,Ewallet,9.764359828
321-49-7382,B,karur,Member,Male,Sports and travel,88.31,1,88.31,4.4155,111.73,19.00,2/15/2024,17:38,Credit card,5.641630123
397-25-8725,A,Trichy,Member,Female,Health and beauty,39.62,10,356.58,17.829,399.41,25.00,1/13/2024,17:54,Credit card,7.377516314
431-66-2305,B,karur,Normal,Female,Electronic accessories,88.25,10,794.25,39.7125,872.96,39.00,2/15/2024,20:51,Credit card,8.24545941
825-94-5922,B,karur,Normal,Male,Sports and travel,25.31,2,50.62,2.531,64.15,11.00,2/3/2024,19:26,Ewallet,7.811487862
641-62-7288,B,karur,Normal,Male,Home and lifestyle,99.92,6,599.52,29.976,653.50,24.00,3/24/2024,13:33,Ewallet,7.702994975
756-93-1854,C,Chennai,Member,Female,Fashion accessories,83.35,2,166.7,8.335,202.04,27.00,2/2/2024,14:05,Credit card,10
243-55-8457,A,Trichy,Normal,Female,Food and beverages,74.44,11,744.4,37.22,807.62,26.00,2/27/2024,11:40,Ewallet,5.533137236
458-10-8612,C,Chennai,Normal,Male,Health and beauty,64.08,7,448.56,22.428,520.99,50.00,1/20/2024,12:27,Ewallet,8.24545941
501-61-1753,B,karur,Normal,Female,Home and lifestyle,63.15,6,378.9,18.945,422.85,25.00,3/1/2024,20:24,Ewallet,10
235-06-8510,C,Chennai,Member,Male,Home and lifestyle,85.72,3,257.16,12.858,319.02,49.00,1/24/2024,20:59,Ewallet,5.533137236
433-08-7822,C,Chennai,Normal,Female,Health and beauty,78.89,7,552.23,27.6115,619.84,40.00,5/1/2024,19:48,Ewallet,8.136966523
361-85-2571,A,Trichy,Normal,Female,Sports and travel,89.48,5,447.4,22.37,518.77,49.00,3/30/2024,10:18,Cash,8.028473636
131-70-8179,A,Trichy,Member,Female,Health and beauty,92.09,3,276.27,13.8135,315.08,25.00,2/17/2024,16:27,Cash,4.556701253
500-02-2261,C,Chennai,Normal,Female,Food and beverages,57.29,6,343.74,17.187,372.93,12.00,3/21/2024,17:04,Ewallet,6.401080332
720-72-2436,A,Trichy,Normal,Male,Food and beverages,66.52,4,266.08,13.304,318.38,39.00,2/3/2024,18:14,Ewallet,7.486009201
702-83-5291,C,Chennai,Member,Male,Fashion accessories,99.82,10,898.38,44.919,987.30,44.00,3/27/2024,10:43,Cash,7.16053054
809-69-9497,A,Trichy,Normal,Female,Home and lifestyle,45.68,11,456.8,22.84,520.64,41.00,1/19/2024,19:30,Ewallet,6.184094558
449-16-6770,A,Trichy,Normal,Male,Health and beauty,50.79,5,253.95,12.6975,292.65,26.00,2/19/2024,14:53,Credit card,5.75012301
333-23-2632,A,Trichy,Member,Male,Health and beauty,10.08,7,70.56,3.528,121.09,47.00,3/28/2024,20:14,Cash,4.556701253
489-82-1237,A,Trichy,Normal,Female,Electronic accessories,93.88,7,657.16,32.858,705.02,15.00,5/1/2024,11:51,Credit card,7.919980749
859-97-6048,C,Chennai,Member,Male,Electronic accessories,84.25,2,168.5,8.425,193.93,17.00,3/26/2024,14:13,Credit card,5.75012301
676-10-2200,B,karur,Member,Male,Fashion accessories,53.78,1,53.78,2.689,95.47,39.00,3/2/2024,20:13,Ewallet,5.099165688
373-88-1424,C,Chennai,Member,Male,Home and lifestyle,35.81,5,179.05,8.9525,228.00,40.00,6/2/2024,18:44,Ewallet,8.570938071
365-16-4334,B,karur,Normal,Female,Food and beverages,26.43,8,211.44,10.572,253.01,31.00,2/24/2024,14:26,Ewallet,9.655866941
503-21-4385,B,karur,Member,Male,Health and beauty,39.91,3,119.73,5.9865,173.72,48.00,2/21/2024,12:40,Ewallet,10
305-89-2768,B,karur,Member,Female,Home and lifestyle,21.9,3,65.7,3.285,98.99,30.00,9/1/2024,18:43,Ewallet,5.099165688
574-80-1489,B,karur,Member,Female,Food and beverages,62.85,4,251.4,12.57,300.97,37.00,2/25/2024,13:22,Ewallet,9.438881167
784-08-0310,C,Chennai,Member,Female,Food and beverages,21.04,4,84.16,4.208,108.37,20.00,1/13/2024,13:58,Cash,8.24545941
200-40-6154,B,karur,Member,Male,Home and lifestyle,65.91,6,395.46,19.773,449.23,34.00,9/2/2024,11:45,Cash,6.184094558
846-10-0341,A,Trichy,Normal,Female,Fashion accessories,42.57,7,297.99,14.8995,357.89,45.00,6/1/2024,11:51,Cash,7.377516314
577-34-7579,C,Chennai,Member,Male,Food and beverages,50.49,10,454.41,22.7205,527.13,50.00,10/1/2024,17:16,Cash,5.858615897
430-02-3888,B,karur,Normal,Male,Electronic accessories,46.02,6,276.12,13.806,303.93,14.00,7/2/2024,15:55,Cash,7.702994975
867-47-1948,C,Chennai,Normal,Female,Home and lifestyle,15.8,11,158,7.9,178.90,13.00,9/1/2024,12:07,Cash,8.462445184
384-59-6655,A,Trichy,Member,Female,Food and beverages,98.66,10,887.94,44.397,952.34,20.00,2/19/2024,15:07,Cash,9.113402506
256-58-3609,C,Chennai,Member,Male,Fashion accessories,91.98,1,91.98,4.599,136.58,40.00,3/18/2024,15:29,Cash,10
324-92-3863,A,Trichy,Member,Male,Electronic accessories,20.89,2,41.78,2.089,81.87,38.00,5/2/2024,18:45,Cash,10
593-08-5916,A,Trichy,Normal,Female,Fashion accessories,15.5,1,15.5,0.775,44.28,28.00,3/19/2024,15:23,Credit card,8.028473636
364-34-2972,C,Chennai,Member,Male,Electronic accessories,96.82,3,290.46,14.523,315.98,11.00,3/30/2024,20:37,Cash,7.269023427
794-42-3736,B,karur,Normal,Male,Food and beverages,33.33,2,66.66,3.333,118.99,49.00,1/26/2024,14:41,Credit card,6.943544766
172-42-8274,B,karur,Normal,Female,Electronic accessories,38.27,2,76.54,3.827,105.37,25.00,2/3/2024,18:18,Credit card,6.292587445
558-60-5016,A,Trichy,Normal,Female,Home and lifestyle,33.3,10,299.7,14.985,324.69,10.00,4/3/2024,15:27,Ewallet,7.811487862
195-06-0432,A,Trichy,Member,Male,Home and lifestyle,81.01,3,243.03,12.1515,282.18,27.00,1/13/2024,12:55,Credit card,10
605-03-2706,A,Trichy,Normal,Female,Health and beauty,15.8,3,47.4,2.37,79.77,30.00,3/25/2024,18:02,Cash,10
214-30-2776,B,karur,Member,Female,Electronic accessories,34.49,5,172.45,8.6225,225.07,44.00,11/3/2024,19:44,Credit card,9.764359828
746-04-1077,B,karur,Member,Female,Food and beverages,84.63,11,846.3,42.315,917.62,29.00,1/1/2024,11:36,Credit card,9.764359828
448-34-8700,B,karur,Member,Male,Home and lifestyle,36.91,7,258.37,12.9185,300.29,29.00,10/2/2024,13:51,Ewallet,7.269023427
452-04-8808,B,karur,Normal,Male,Electronic accessories,87.08,7,609.56,30.478,677.04,37.00,1/26/2024,15:17,Cash,5.967108784
531-56-4728,A,Trichy,Normal,Male,Home and lifestyle,80.08,3,240.24,12.012,290.25,38.00,11/2/2024,15:29,Cash,5.858615897
744-82-9138,C,Chennai,Normal,Male,Fashion accessories,86.13,2,172.26,8.613,207.87,27.00,7/2/2024,17:59,Cash,8.896416732
883-69-1285,B,karur,Member,Male,Fashion accessories,49.92,2,99.84,4.992,152.83,48.00,6/3/2024,11:55,Credit card,7.594502088
221-25-5073,A,Trichy,Normal,Female,Food and beverages,74.66,4,298.64,14.932,351.57,38.00,4/3/2024,10:39,Cash,9.221895393
518-71-6847,B,karur,Member,Male,Food and beverages,26.6,6,159.6,7.98,207.58,40.00,2/26/2024,15:10,Ewallet,5.316151462
156-20-0370,B,karur,Normal,Female,Electronic accessories,25.45,1,25.45,1.2725,66.72,40.00,10/3/2024,18:10,Credit card,5.533137236
151-33-7434,B,karur,Normal,Female,Food and beverages,67.77,1,67.77,3.3885,110.16,39.00,4/2/2024,20:43,Credit card,7.052037653
728-47-9078,C,Chennai,Member,Male,Food and beverages,59.59,4,238.36,11.918,280.28,30.00,1/19/2024,12:46,Cash,10
809-46-1866,A,Trichy,Normal,Male,Health and beauty,58.15,4,232.6,11.63,267.23,23.00,1/23/2024,17:44,Cash,9.113402506
139-32-4183,A,Trichy,Member,Female,Sports and travel,97.48,10,877.32,43.866,966.19,45.00,3/14/2024,14:19,Ewallet,8.028473636
148-41-7930,C,Chennai,Normal,Male,Health and beauty,99.96,7,699.72,34.986,745.71,11.00,1/23/2024,10:33,Cash,6.618066105
189-40-5216,C,Chennai,Normal,Male,Electronic accessories,96.37,7,674.59,33.7295,719.32,11.00,9/1/2024,11:40,Cash,6.509573218
374-38-5555,B,karur,Normal,Female,Fashion accessories,63.71,5,318.55,15.9275,379.48,45.00,7/2/2024,19:30,Ewallet,9.221895393
764-44-8999,B,karur,Normal,Female,Health and beauty,14.76,2,29.52,1.476,59.00,28.00,2/18/2024,14:42,Ewallet,4.66519414
552-44-5977,B,karur,Member,Male,Health and beauty,62,8,496,24.8,569.80,49.00,3/1/2024,19:08,Credit card,6.726558992
267-62-7380,C,Chennai,Member,Male,Electronic accessories,82.34,11,823.4,41.17,885.57,21.00,3/29/2024,19:12,Ewallet,4.66519414
430-53-4718,B,karur,Member,Male,Health and beauty,75.37,8,602.96,30.148,643.11,10.00,1/28/2024,15:46,Credit card,9.113402506
886-18-2897,A,Trichy,Normal,Female,Food and beverages,56.56,5,282.8,14.14,327.94,31.00,3/22/2024,19:06,Credit card,4.882179914
602-16-6955,B,karur,Normal,Female,Sports and travel,76.6,11,766,38.3,837.30,33.00,1/24/2024,18:10,Ewallet,6.509573218
745-74-0715,A,Trichy,Normal,Male,Electronic accessories,58.03,2,116.06,5.803,147.86,26.00,10/3/2024,20:46,Ewallet,9.547374054
690-01-6631,B,karur,Normal,Male,Fashion accessories,17.49,11,174.9,8.745,198.65,15.00,2/22/2024,18:35,Ewallet,7.16053054
652-49-6720,C,Chennai,Member,Female,Electronic accessories,60.95,1,60.95,3.0475,103.00,39.00,2/18/2024,11:40,Ewallet,6.401080332
233-67-5758,C,Chennai,Normal,Male,Health and beauty,40.35,1,40.35,2.0175,78.37,36.00,1/29/2024,13:46,Ewallet,6.726558992
303-96-2227,B,karur,Normal,Female,Home and lifestyle,97.38,11,973.8,48.69,1063.49,41.00,2/3/2024,17:16,Ewallet,4.773687027
727-02-1313,A,Trichy,Member,Male,Food and beverages,31.84,1,31.84,1.592,55.43,22.00,9/2/2024,13:22,Cash,8.353952297
347-56-2442,A,Trichy,Normal,Male,Home and lifestyle,65.82,1,65.82,3.291,91.11,22.00,2/22/2024,15:33,Cash,4.448208366
849-09-3807,A,Trichy,Member,Female,Fashion accessories,88.34,7,618.38,30.919,662.30,13.00,2/18/2024,13:28,Cash,7.16053054
750-67-8428,A,Trichy,Member,Female,Health and beauty,74.69,8,522.83,26.1415,593.97,45.00,5/1/2025,13:08,Ewallet,9.46674611
226-31-3081,C,Chennai,Normal,Female,Electronic accessories,15.28,5,76.4,3.82,91.22,11.00,8/3/2025,10:29,Cash,9.986896995
631-41-3108,A,Trichy,Normal,Male,Home and lifestyle,46.33,8,324.31,16.2155,386.53,46.00,3/3/2025,13:23,Credit card,7.6982331
123-19-1176,A,Trichy,Member,Male,Health and beauty,58.22,9,465.76,23.288,502.05,13.00,1/27/2025,20:33,Ewallet,8.738534871
373-73-7910,A,Trichy,Normal,Male,Sports and travel,86.31,8,604.17,30.2085,661.38,27.00,8/2/2025,10:37,Ewallet,5.513599383
699-14-3026,C,Chennai,Normal,Male,Electronic accessories,85.39,8,597.73,29.8865,642.62,15.00,3/25/2025,18:30,Ewallet,4.265237258
355-53-5943,A,Trichy,Member,Female,Electronic accessories,68.84,6,413.04,20.652,479.69,46.00,2/25/2025,14:36,Ewallet,6.033750268
315-22-5665,C,Chennai,Normal,Female,Home and lifestyle,73.56,11,735.6,36.78,820.38,48.00,2/24/2025,11:38,Ewallet,8.322414163
665-32-9167,A,Trichy,Member,Female,Health and beauty,36.26,2,72.52,3.626,119.15,43.00,10/1/2025,17:15,Credit card,7.490172746
692-92-5582,B,karur,Member,Female,Food and beverages,54.84,3,164.52,8.226,191.75,19.00,2/20/2025,13:27,Credit card,6.137780445
351-62-0822,B,karur,Member,Female,Fashion accessories,14.48,4,57.92,2.896,91.82,31.00,6/2/2025,18:07,Ewallet,4.681357966
529-56-3974,B,karur,Member,Male,Electronic accessories,25.51,4,102.04,5.102,130.14,23.00,9/3/2025,17:03,Cash,7.074052038
365-64-0515,A,Trichy,Normal,Female,Electronic accessories,46.95,5,234.75,11.7375,293.49,47.00,12/2/2025,10:25,Ewallet,7.386142569
252-56-2699,A,Trichy,Normal,Male,Food and beverages,43.19,11,431.9,21.595,467.50,14.00,7/2/2025,16:48,Ewallet,8.530474517
829-34-3910,A,Trichy,Normal,Female,Health and beauty,71.38,11,713.8,35.69,790.49,41.00,3/29/2025,19:21,Cash,5.929720091
299-46-1805,B,karur,Member,Female,Sports and travel,93.72,6,562.32,28.116,623.44,33.00,1/15/2025,16:19,Cash,4.681357966
656-95-9349,A,Trichy,Member,Female,Health and beauty,68.93,8,482.51,24.1255,523.64,17.00,11/3/2025,11:03,Credit card,4.785388144
765-26-6951,A,Trichy,Normal,Male,Sports and travel,72.61,6,435.66,21.783,476.44,19.00,1/1/2025,10:39,Credit card,7.178082215
329-62-1586,A,Trichy,Normal,Male,Food and beverages,54.67,3,164.01,8.2005,208.21,36.00,1/21/2025,18:00,Credit card,8.946595225
319-50-3348,B,karur,Normal,Female,Home and lifestyle,40.3,2,80.6,4.03,123.63,39.00,11/3/2025,15:30,Ewallet,4.577327789
300-71-4605,C,Chennai,Member,Male,Electronic accessories,86.04,5,430.2,21.51,495.71,44.00,2/25/2025,11:24,Ewallet,4.993448498
371-85-5789,B,karur,Normal,Male,Health and beauty,87.98,3,263.94,13.197,319.14,42.00,5/3/2025,10:40,Ewallet,5.305539029
273-16-6619,B,karur,Normal,Male,Home and lifestyle,33.2,2,66.4,3.32,101.72,32.00,3/15/2025,12:20,Credit card,4.577327789
636-48-8204,A,Trichy,Normal,Male,Electronic accessories,34.56,5,172.8,8.64,191.44,10.00,2/17/2025,11:15,Ewallet,10
549-59-1358,A,Trichy,Member,Male,Sports and travel,88.63,3,265.89,13.2945,305.18,26.00,2/3/2025,17:36,Ewallet,6.241810622
227-03-5010,A,Trichy,Member,Female,Home and lifestyle,52.59,9,420.72,21.036,465.76,24.00,3/22/2025,19:20,Credit card,8.842565048
649-29-6775,B,karur,Normal,Male,Fashion accessories,33.52,1,33.52,1.676,59.20,24.00,8/2/2025,15:31,Cash,6.970021861
189-17-4241,A,Trichy,Normal,Female,Fashion accessories,87.67,2,175.34,8.767,230.11,46.00,10/3/2025,12:17,Credit card,8.010323632
145-94-9061,B,karur,Normal,Female,Food and beverages,88.36,5,441.8,22.09,490.89,27.00,1/25/2025,19:48,Cash,9.986896995
848-62-7243,A,Trichy,Normal,Male,Health and beauty,24.89,10,224.01,11.2005,276.21,41.00,3/15/2025,15:36,Cash,7.6982331
871-79-8483,B,karur,Normal,Male,Fashion accessories,94.13,5,470.65,23.5325,520.18,26.00,2/25/2025,19:39,Credit card,4.993448498
149-71-6266,B,karur,Member,Male,Sports and travel,78.07,10,702.63,35.1315,776.76,39.00,1/28/2025,12:43,Cash,4.681357966
640-49-2076,B,karur,Normal,Male,Sports and travel,83.78,9,670.24,33.512,735.75,32.00,10/1/2025,14:49,Cash,5.305539029
595-11-5460,A,Trichy,Normal,Male,Health and beauty,96.58,2,193.16,9.658,232.82,30.00,3/15/2025,10:12,Credit card,5.305539029
183-56-6882,C,Chennai,Member,Female,Food and beverages,99.42,4,397.68,19.884,466.56,49.00,6/2/2025,10:42,Ewallet,7.802263277
232-16-2483,C,Chennai,Member,Female,Sports and travel,68.12,1,68.12,3.406,117.53,46.00,7/1/2025,12:28,Ewallet,7.074052038
129-29-8530,A,Trichy,Member,Male,Sports and travel,62.62,5,313.1,15.655,355.76,27.00,10/3/2025,19:15,Ewallet,7.282112392
272-65-1806,A,Trichy,Normal,Female,Electronic accessories,60.88,10,547.92,27.396,603.32,28.00,1/15/2025,17:17,Ewallet,4.889418321
333-73-7901,C,Chennai,Normal,Female,Health and beauty,54.92,9,439.36,21.968,488.33,27.00,3/23/2025,13:24,Ewallet,7.906293455
777-82-7220,B,karur,Member,Male,Home and lifestyle,30.12,9,240.96,12.048,274.01,21.00,3/3/2025,13:01,Cash,8.010323632
280-35-5823,B,karur,Member,Female,Home and lifestyle,86.72,1,86.72,4.336,138.06,47.00,1/17/2025,18:45,Ewallet,8.218383986
554-53-8700,C,Chennai,Member,Male,Home and lifestyle,56.11,2,112.22,5.611,161.83,44.00,2/2/2025,10:11,Cash,6.553901153
354-25-5821,B,karur,Member,Female,Sports and travel,69.12,6,414.72,20.736,449.46,14.00,8/2/2025,13:03,Cash,5.825689914
228-96-1411,C,Chennai,Member,Female,Food and beverages,98.7,9,789.6,39.48,842.08,13.00,4/3/2025,20:39,Cash,7.906293455
617-15-4209,C,Chennai,Member,Male,Health and beauty,15.37,2,30.74,1.537,79.28,47.00,3/16/2025,19:47,Cash,7.490172746
132-32-9879,B,karur,Member,Female,Electronic accessories,93.96,4,375.84,18.792,409.63,15.00,9/3/2025,18:00,Cash,9.882866818
370-41-7321,B,karur,Member,Male,Health and beauty,56.69,10,510.21,25.5105,578.72,43.00,2/27/2025,17:24,Credit card,8.738534871
727-46-3608,B,karur,Member,Female,Food and beverages,20.01,10,180.09,9.0045,204.09,15.00,6/2/2025,15:47,Ewallet,4.265237258
669-54-1719,B,karur,Member,Male,Electronic accessories,18.93,6,113.58,5.679,164.26,45.00,10/2/2025,12:45,Credit card,8.42644434
574-22-5561,C,Chennai,Member,Female,Fashion accessories,82.63,11,826.3,41.315,913.62,46.00,3/19/2025,17:08,Ewallet,8.218383986
326-78-5178,C,Chennai,Member,Male,Food and beverages,91.4,8,639.8,31.99,687.79,16.00,3/2/2025,10:19,Cash,9.882866818
162-48-8011,A,Trichy,Member,Female,Food and beverages,44.59,5,222.95,11.1475,265.10,31.00,10/2/2025,15:10,Cash,8.842565048
616-24-2851,B,karur,Member,Female,Fashion accessories,17.87,4,71.48,3.574,112.05,37.00,3/22/2025,14:42,Ewallet,6.761961507
778-71-5554,C,Chennai,Member,Male,Fashion accessories,15.43,1,15.43,0.7715,40.20,24.00,1/25/2025,15:46,Credit card,6.345840799
242-55-6721,B,karur,Normal,Male,Home and lifestyle,16.16,2,32.32,1.616,49.94,16.00,7/3/2025,11:49,Ewallet,6.761961507
399-46-5918,C,Chennai,Normal,Female,Electronic accessories,85.98,9,687.84,34.392,732.23,10.00,2/28/2025,19:01,Cash,8.530474517
106-35-6779,A,Trichy,Member,Male,Home and lifestyle,44.34,2,88.68,4.434,125.11,32.00,3/27/2025,11:26,Cash,6.033750268
635-40-6220,A,Trichy,Normal,Male,Health and beauty,89.6,9,716.8,35.84,774.64,22.00,7/2/2025,11:28,Ewallet,6.865991684
817-48-8732,A,Trichy,Member,Female,Home and lifestyle,72.35,11,723.5,36.175,789.68,30.00,1/20/2025,15:55,Cash,5.61762956
120-06-4233,C,Chennai,Normal,Male,Electronic accessories,30.61,6,183.66,9.183,219.84,27.00,12/3/2025,20:36,Cash,9.674806464
285-68-5083,C,Chennai,Member,Female,Sports and travel,24.74,3,74.22,3.711,115.93,38.00,2/15/2025,17:47,Credit card,10
803-83-5989,C,Chennai,Normal,Male,Home and lifestyle,55.73,6,334.38,16.719,396.10,45.00,2/24/2025,10:55,Ewallet,7.282112392
347-34-2234,B,karur,Member,Female,Sports and travel,55.07,10,495.63,24.7815,530.41,10.00,3/2/2025,13:40,Ewallet,10
199-75-8169,A,Trichy,Member,Male,Sports and travel,15.81,11,158.1,7.905,178.01,12.00,6/3/2025,12:27,Credit card,8.946595225
853-23-2453,B,karur,Member,Male,Health and beauty,75.74,4,302.96,15.148,346.11,28.00,2/14/2025,14:35,Cash,7.906293455
877-22-3308,A,Trichy,Member,Male,Health and beauty,15.87,11,158.7,7.935,198.64,32.00,3/13/2025,16:40,Cash,6.033750268
838-78-4295,C,Chennai,Normal,Female,Health and beauty,33.47,2,66.94,3.347,114.29,44.00,10/2/2025,15:43,Ewallet,6.970021861
109-28-2512,B,karur,Member,Female,Fashion accessories,97.61,6,585.66,29.283,644.94,30.00,7/1/2025,15:01,Ewallet,10
232-11-3025,A,Trichy,Normal,Male,Sports and travel,78.77,11,787.7,39.385,838.09,11.00,1/24/2025,10:04,Cash,6.65793133
382-03-4532,A,Trichy,Member,Female,Health and beauty,18.33,1,18.33,0.9165,33.25,14.00,2/2/2025,18:50,Cash,4.473297612
393-65-2792,C,Chennai,Normal,Male,Food and beverages,89.48,11,894.8,44.74,971.54,32.00,6/1/2025,12:46,Credit card,9.986896995
796-12-2025,C,Chennai,Normal,Male,Fashion accessories,62.12,11,621.2,31.06,681.26,29.00,11/2/2025,16:19,Cash,6.137780445
510-95-6347,B,karur,Member,Female,Food and beverages,48.52,3,145.56,7.278,178.84,26.00,5/3/2025,18:17,Ewallet,4.161207081
841-35-6630,C,Chennai,Normal,Female,Electronic accessories,75.91,6,455.46,22.773,518.23,40.00,9/3/2025,18:21,Cash,9.050625402
287-21-9091,A,Trichy,Normal,Male,Home and lifestyle,74.67,10,672.03,33.6015,717.63,12.00,1/22/2025,10:55,Ewallet,9.778836641
732-94-0499,C,Chennai,Normal,Female,Electronic accessories,41.65,11,416.5,20.825,464.33,27.00,1/13/2025,17:04,Credit card,5.61762956
263-10-3913,C,Chennai,Member,Male,Fashion accessories,49.04,10,441.36,22.068,513.43,50.00,9/1/2025,14:20,Credit card,8.946595225
381-20-0914,A,Trichy,Member,Female,Fashion accessories,20.01,10,180.09,9.0045,222.09,33.00,12/1/2025,15:48,Credit card,5.929720091
829-49-1914,C,Chennai,Member,Female,Food and beverages,78.31,11,783.1,39.155,865.26,43.00,5/3/2025,16:24,Ewallet,6.865991684
756-01-7507,C,Chennai,Normal,Female,Health and beauty,20.38,5,101.9,5.095,134.00,27.00,1/22/2025,18:56,Cash,6.241810622
870-72-4431,C,Chennai,Normal,Female,Health and beauty,99.19,6,595.14,29.757,643.90,19.00,1/21/2025,14:42,Credit card,5.721659737
847-38-7188,B,karur,Normal,Female,Food and beverages,96.68,3,290.04,14.502,330.54,26.00,1/26/2025,19:56,Ewallet,6.65793133
480-63-2856,C,Chennai,Normal,Male,Food and beverages,19.25,9,154,7.7,210.70,49.00,1/23/2025,18:37,Ewallet,6.865991684
787-56-0757,C,Chennai,Member,Female,Food and beverages,80.36,4,321.44,16.072,369.51,32.00,2/23/2025,18:45,Credit card,8.634504694
360-39-5055,C,Chennai,Member,Male,Sports and travel,48.91,5,244.55,12.2275,273.78,17.00,9/3/2025,10:17,Cash,6.865991684
730-50-9884,C,Chennai,Normal,Female,Sports and travel,83.06,8,581.42,29.071,657.49,47.00,5/3/2025,14:31,Ewallet,4.161207081
362-58-8315,C,Chennai,Normal,Male,Fashion accessories,76.52,5,382.6,19.13,451.73,50.00,3/25/2025,10:23,Cash,10
633-44-8566,A,Trichy,Member,Male,Food and beverages,49.38,8,345.66,17.283,403.94,41.00,3/27/2025,20:35,Credit card,7.594202923
504-35-8843,A,Trichy,Normal,Male,Sports and travel,42.47,1,42.47,2.1235,93.59,49.00,2/1/2025,16:57,Cash,5.929720091
318-68-5053,B,karur,Normal,Female,Health and beauty,76.99,6,461.94,23.097,525.04,40.00,2/27/2025,17:55,Cash,6.345840799
565-80-5980,C,Chennai,Member,Female,Home and lifestyle,47.38,4,189.52,9.476,229.00,30.00,1/23/2025,10:25,Cash,7.386142569
225-32-0908,C,Chennai,Normal,Female,Sports and travel,44.86,11,448.6,22.43,517.03,46.00,1/26/2025,19:54,Ewallet,8.530474517
873-51-0671,A,Trichy,Member,Female,Sports and travel,21.98,8,153.86,7.693,205.55,44.00,10/1/2025,16:42,Ewallet,5.305539029
152-08-9985,B,karur,Member,Male,Health and beauty,64.36,10,579.24,28.962,650.20,42.00,12/3/2025,12:09,Credit card,8.946595225
512-91-0811,C,Chennai,Normal,Male,Health and beauty,89.75,1,89.75,4.4875,138.24,44.00,6/2/2025,20:05,Credit card,6.865991684
594-34-4444,A,Trichy,Normal,Male,Electronic accessories,97.16,1,97.16,4.858,115.02,13.00,8/3/2025,20:38,Ewallet,7.490172746
766-85-7061,B,karur,Normal,Male,Health and beauty,87.87,11,878.7,43.935,963.64,41.00,3/29/2025,10:25,Ewallet,5.305539029
871-39-9221,C,Chennai,Normal,Female,Electronic accessories,12.45,6,74.7,3.735,123.44,45.00,9/2/2025,13:11,Cash,4.265237258
865-92-6136,A,Trichy,Normal,Male,Food and beverages,52.75,3,158.25,7.9125,199.16,33.00,3/23/2025,10:16,Ewallet,9.674806464
733-01-9107,B,karur,Normal,Male,Home and lifestyle,82.7,6,496.2,24.81,545.01,24.00,5/3/2025,18:14,Cash,7.6982331
163-56-7055,C,Chennai,Member,Male,Fashion accessories,48.71,1,48.71,2.4355,79.15,28.00,3/26/2025,19:20,Cash,4.265237258
189-98-2939,C,Chennai,Normal,Male,Fashion accessories,78.55,10,706.95,35.3475,757.30,15.00,1/3/2025,13:22,Cash,7.490172746
551-21-3069,C,Chennai,Normal,Female,Electronic accessories,23.07,10,207.63,10.3815,228.01,10.00,1/2/2025,11:27,Cash,5.097478675
212-62-1842,A,Trichy,Normal,Male,Food and beverages,58.26,6,349.56,17.478,377.04,10.00,3/28/2025,16:44,Cash,10
716-39-1409,B,karur,Normal,Male,Health and beauty,30.35,8,212.45,10.6225,247.07,24.00,3/19/2025,18:19,Cash,8.322414163
704-48-3927,A,Trichy,Member,Male,Electronic accessories,88.67,11,886.7,44.335,966.04,35.00,12/1/2025,14:50,Ewallet,7.594202923
628-34-3388,C,Chennai,Normal,Male,Fashion accessories,27.38,6,164.28,8.214,188.49,16.00,5/1/2025,20:54,Credit card,8.218383986
630-74-5166,A,Trichy,Normal,Male,Sports and travel,62.13,6,372.78,18.639,422.42,31.00,3/22/2025,20:19,Cash,7.6982331
588-01-7461,C,Chennai,Normal,Female,Food and beverages,33.98,10,305.82,15.291,362.11,41.00,3/24/2025,10:43,Cash,4.369267435
861-77-0145,C,Chennai,Member,Male,Electronic accessories,81.97,11,819.7,40.985,887.69,27.00,3/3/2025,14:30,Cash,9.570776287
479-26-8945,B,karur,Member,Female,Sports and travel,16.49,2,32.98,1.649,46.63,12.00,5/2/2025,11:32,Ewallet,4.785388144
210-67-5886,C,Chennai,Member,Female,Health and beauty,98.21,3,294.63,14.7315,347.36,38.00,5/2/2025,10:41,Credit card,8.114353809
227-78-1148,B,karur,Normal,Female,Fashion accessories,72.84,8,509.88,25.494,568.37,33.00,2/15/2025,12:44,Cash,8.738534871
645-44-1170,A,Trichy,Member,Male,Home and lifestyle,58.07,10,522.63,26.1315,597.76,49.00,1/19/2025,20:07,Ewallet,4.473297612
237-01-6122,C,Chennai,Member,Female,Home and lifestyle,80.79,10,727.11,36.3555,796.47,33.00,1/2/2025,20:31,Credit card,9.882866818
225-98-1496,C,Chennai,Normal,Female,Fashion accessories,27.02,3,81.06,4.053,104.11,19.00,2/3/2025,13:01,Credit card,7.386142569
291-32-1427,B,karur,Member,Male,Fashion accessories,21.94,5,109.7,5.485,126.19,11.00,5/3/2025,12:29,Ewallet,5.513599383
659-65-8956,B,karur,Member,Male,Fashion accessories,51.36,1,51.36,2.568,78.93,25.00,1/16/2025,15:26,Ewallet,5.409569206
642-32-2990,A,Trichy,Normal,Female,Food and beverages,10.96,11,109.6,5.48,127.08,12.00,2/2/2025,20:48,Ewallet,6.241810622
378-24-2715,B,karur,Normal,Male,Home and lifestyle,53.44,2,106.88,5.344,155.22,43.00,1/20/2025,20:38,Ewallet,4.265237258
638-60-7125,A,Trichy,Normal,Female,Electronic accessories,99.56,9,796.48,39.824,879.30,43.00,2/14/2025,17:03,Credit card,5.409569206
659-36-1684,C,Chennai,Member,Male,Sports and travel,57.12,8,399.84,19.992,459.83,40.00,12/1/2025,12:02,Credit card,6.761961507
219-22-9386,B,karur,Member,Male,Sports and travel,99.96,10,899.64,44.982,975.62,31.00,9/3/2025,17:26,Credit card,4.369267435
336-78-2147,C,Chennai,Member,Male,Home and lifestyle,63.91,9,511.28,25.564,575.84,39.00,3/13/2025,19:52,Credit card,4.785388144
268-27-6179,B,karur,Member,Female,Fashion accessories,56.47,9,451.76,22.588,520.35,46.00,9/3/2025,14:57,Ewallet,7.594202923
668-90-8900,A,Trichy,Normal,Female,Home and lifestyle,93.69,8,655.83,32.7915,712.62,24.00,10/3/2025,18:44,Credit card,4.681357966
870-54-3162,A,Trichy,Normal,Female,Sports and travel,32.25,5,161.25,8.0625,189.31,20.00,1/27/2025,13:26,Cash,9.362715933
189-08-9157,C,Chennai,Normal,Female,Fashion accessories,31.73,10,285.57,14.2785,330.85,31.00,8/1/2025,16:17,Credit card,6.137780445
663-86-9076,C,Chennai,Member,Female,Food and beverages,68.54,9,548.32,27.416,606.74,31.00,8/1/2025,15:57,Ewallet,8.842565048
549-84-7482,B,karur,Normal,Female,Sports and travel,90.28,10,812.52,40.626,884.15,31.00,8/2/2025,11:15,Ewallet,7.490172746
191-10-6171,B,karur,Normal,Female,Fashion accessories,39.62,8,277.34,13.867,314.21,23.00,1/25/2025,13:18,Cash,7.802263277
802-70-5316,A,Trichy,Member,Female,Sports and travel,92.13,6,552.78,27.639,612.42,32.00,6/3/2025,20:34,Cash,8.634504694
695-51-0018,B,karur,Normal,Female,Sports and travel,34.84,4,139.36,6.968,177.33,31.00,10/2/2025,18:36,Cash,7.6982331
590-83-4591,B,karur,Member,Male,Electronic accessories,87.45,6,524.7,26.235,575.94,25.00,2/17/2025,14:40,Credit card,9.154655579
483-71-1164,C,Chennai,Normal,Female,Health and beauty,81.3,6,487.8,24.39,532.19,20.00,8/3/2025,16:43,Ewallet,5.513599383
597-78-7908,C,Chennai,Normal,Male,Fashion accessories,90.22,3,270.66,13.533,325.19,41.00,2/18/2025,19:39,Cash,6.449870976
700-81-1757,A,Trichy,Normal,Female,Electronic accessories,26.31,5,131.55,6.5775,165.13,27.00,1/18/2025,20:59,Credit card,9.154655579
354-39-5160,A,Trichy,Member,Female,Home and lifestyle,34.42,6,206.52,10.326,247.85,31.00,2/18/2025,15:39,Cash,10
241-72-9525,B,karur,Normal,Male,Sports and travel,51.91,11,519.1,25.955,564.06,19.00,2/16/2025,12:21,Cash,8.530474517
575-30-8091,A,Trichy,Normal,Male,Sports and travel,72.5,9,580,29,640.00,31.00,3/16/2025,19:25,Ewallet,9.570776287
731-81-9469,C,Chennai,Member,Female,Sports and travel,89.8,11,898,44.9,962.90,20.00,1/23/2025,13:00,Credit card,5.61762956
280-17-4359,C,Chennai,Member,Male,Health and beauty,90.5,11,905,45.25,984.25,34.00,1/25/2025,13:48,Cash,8.42644434
338-65-2210,C,Chennai,Member,Female,Health and beauty,68.6,11,686,34.3,753.30,33.00,5/2/2025,19:57,Cash,9.46674611
488-25-4221,C,Chennai,Member,Female,Food and beverages,30.41,1,30.41,1.5205,68.93,37.00,2/22/2025,10:36,Credit card,8.738534871
239-10-7476,A,Trichy,Normal,Female,Home and lifestyle,77.95,6,467.7,23.385,521.09,30.00,1/21/2025,16:37,Ewallet,8.322414163
458-41-1477,C,Chennai,Normal,Female,Health and beauty,46.26,6,277.56,13.878,335.44,44.00,8/3/2025,17:11,Credit card,9.882866818
685-64-1609,A,Trichy,Member,Female,Fashion accessories,30.14,11,301.4,15.07,364.47,48.00,10/2/2025,12:28,Ewallet,9.570776287
568-90-5112,C,Chennai,Normal,Male,Health and beauty,66.14,4,264.56,13.228,299.79,22.00,3/19/2025,12:46,Credit card,5.825689914
262-47-2794,B,karur,Member,Male,Home and lifestyle,71.86,9,574.88,28.744,645.62,42.00,6/3/2025,15:07,Credit card,6.449870976
238-49-0436,A,Trichy,Normal,Male,Health and beauty,32.46,9,259.68,12.984,295.66,23.00,3/27/2025,13:48,Credit card,5.097478675
608-96-3517,B,karur,Member,Female,Fashion accessories,91.54,4,366.16,18.308,398.47,14.00,3/23/2025,19:20,Credit card,4.993448498
584-86-7256,C,Chennai,Member,Male,Sports and travel,34.56,8,241.92,12.096,283.02,29.00,11/3/2025,16:07,Credit card,7.594202923
746-94-0204,A,Trichy,Normal,Male,Fashion accessories,83.24,10,749.16,37.458,804.62,18.00,1/29/2025,11:56,Credit card,7.6982331
214-17-6927,C,Chennai,Normal,Female,Food and beverages,16.48,6,98.88,4.944,151.82,48.00,7/2/2025,18:23,Ewallet,10
400-89-4171,C,Chennai,Normal,Female,Sports and travel,80.97,9,647.76,32.388,719.15,39.00,1/28/2025,13:05,Cash,9.674806464
782-95-9291,A,Trichy,Member,Male,Food and beverages,92.29,5,461.45,23.0725,513.52,29.00,2/20/2025,15:55,Credit card,9.362715933
279-74-2924,B,karur,Member,Male,Electronic accessories,72.17,1,72.17,3.6085,86.78,11.00,4/1/2025,19:40,Cash,6.345840799
307-85-2293,B,karur,Normal,Male,Home and lifestyle,50.28,5,251.4,12.57,301.97,38.00,7/3/2025,13:58,Ewallet,10
743-04-1105,B,karur,Member,Male,Health and beauty,97.22,10,874.98,43.749,937.73,19.00,3/30/2025,14:43,Ewallet,6.241810622
423-57-2993,B,karur,Normal,Male,Sports and travel,93.39,6,560.34,28.017,613.36,25.00,3/27/2025,19:18,Ewallet,10
894-41-5205,C,Chennai,Normal,Female,Food and beverages,43.18,9,345.44,17.272,390.71,28.00,1/19/2025,19:39,Credit card,8.634504694
275-28-0149,A,Trichy,Normal,Male,Sports and travel,63.69,1,63.69,3.1845,113.87,47.00,2/25/2025,16:21,Cash,6.241810622
101-17-6199,A,Trichy,Normal,Male,Food and beverages,45.79,8,320.53,16.0265,360.56,24.00,3/13/2025,19:44,Credit card,7.282112392
423-80-0988,C,Chennai,Normal,Male,Sports and travel,76.4,2,152.8,7.64,180.44,20.00,1/30/2025,19:42,Ewallet,6.761961507
548-46-9322,B,karur,Normal,Male,Food and beverages,39.9,11,399,19.95,456.95,38.00,2/20/2025,15:24,Credit card,6.137780445
505-02-0892,B,karur,Member,Male,Health and beauty,42.57,9,340.56,17.028,392.59,35.00,2/25/2025,14:12,Ewallet,5.825689914
234-65-2137,C,Chennai,Normal,Male,Home and lifestyle,95.58,11,955.8,47.79,1039.59,36.00,1/16/2025,13:32,Cash,4.993448498
687-47-8271,A,Trichy,Normal,Male,Fashion accessories,98.98,11,989.8,49.49,1065.29,26.00,8/2/2025,16:20,Credit card,9.050625402
796-32-9050,A,Trichy,Normal,Male,Food and beverages,51.28,6,307.68,15.384,345.06,22.00,1/19/2025,16:31,Cash,6.761961507
105-31-1824,A,Trichy,Member,Male,Sports and travel,69.52,8,486.64,24.332,527.97,17.00,1/2/2025,15:10,Credit card,8.842565048
249-42-3782,A,Trichy,Normal,Male,Health and beauty,70.01,5,350.05,17.5025,395.55,28.00,3/1/2025,11:36,Ewallet,5.721659737
316-55-4634,B,karur,Member,Male,Food and beverages,80.05,5,400.25,20.0125,435.26,15.00,1/26/2025,12:45,Credit card,9.778836641
733-33-4967,C,Chennai,Normal,Male,Electronic accessories,20.85,9,166.8,8.34,199.14,24.00,3/3/2025,19:17,Cash,6.553901153
608-27-6295,B,karur,Member,Male,Electronic accessories,52.89,6,317.34,15.867,379.21,46.00,1/19/2025,17:34,Credit card,10
414-12-7047,B,karur,Normal,Male,Food and beverages,19.79,9,158.32,7.916,213.24,47.00,1/18/2025,12:04,Ewallet,9.050625402
827-26-2100,A,Trichy,Member,Male,Home and lifestyle,33.84,10,304.56,15.228,342.79,23.00,3/21/2025,16:21,Ewallet,9.154655579
175-54-2529,A,Trichy,Member,Male,Food and beverages,22.17,9,177.36,8.868,220.23,34.00,3/3/2025,17:01,Credit card,9.986896995
139-52-2867,C,Chennai,Normal,Female,Fashion accessories,22.51,8,157.57,7.8785,199.45,34.00,2/13/2025,10:50,Credit card,4.993448498
407-63-8975,A,Trichy,Normal,Male,Food and beverages,73.88,6,443.28,22.164,514.44,49.00,3/23/2025,19:16,Ewallet,4.577327789
342-65-4817,C,Chennai,Member,Male,Health and beauty,86.8,3,260.4,13.02,293.42,20.00,1/28/2025,16:47,Ewallet,10
130-98-8941,C,Chennai,Normal,Male,Fashion accessories,64.26,8,449.82,22.491,490.31,18.00,9/2/2025,10:00,Cash,5.929720091
434-83-9547,C,Chennai,Member,Male,Food and beverages,38.47,9,307.76,15.388,372.15,49.00,1/23/2025,11:51,Cash,8.010323632
851-28-6367,A,Trichy,Member,Male,Sports and travel,15.5,11,155,7.75,186.75,24.00,3/23/2025,10:55,Ewallet,8.322414163
824-88-3614,C,Chennai,Normal,Male,Health and beauty,34.31,9,274.48,13.724,310.20,22.00,1/25/2025,15:00,Ewallet,5.929720091
586-25-0848,A,Trichy,Normal,Female,Sports and travel,12.34,8,86.38,4.319,120.70,30.00,4/3/2025,11:19,Credit card,6.970021861
895-66-0685,B,karur,Member,Male,Food and beverages,18.08,3,54.24,2.712,93.95,37.00,5/3/2025,19:46,Ewallet,8.322414163
305-14-0245,B,karur,Member,Female,Home and lifestyle,94.49,9,755.92,37.796,838.72,45.00,3/3/2025,19:00,Ewallet,7.802263277
732-04-5373,B,karur,Member,Male,Home and lifestyle,46.47,4,185.88,9.294,242.17,47.00,8/2/2025,10:53,Cash,7.282112392
400-60-7251,A,Trichy,Normal,Male,Home and lifestyle,74.07,1,74.07,3.7035,87.77,10.00,10/2/2025,12:50,Ewallet,10
593-65-1552,C,Chennai,Normal,Female,Home and lifestyle,69.81,4,279.24,13.962,326.20,33.00,1/28/2025,20:50,Credit card,6.137780445
284-34-9626,B,karur,Normal,Female,Home and lifestyle,77.04,3,231.12,11.556,283.68,41.00,11/2/2025,10:39,Credit card,7.490172746
437-58-8131,B,karur,Normal,Female,Fashion accessories,73.52,2,147.04,7.352,185.39,31.00,1/15/2025,13:41,Ewallet,4.785388144
286-43-6208,C,Chennai,Normal,Female,Food and beverages,87.8,10,790.2,39.51,852.71,23.00,3/16/2025,19:08,Cash,9.570776287
641-43-2399,B,karur,Normal,Male,Home and lifestyle,25.55,4,102.2,5.11,148.31,41.00,1/26/2025,20:23,Ewallet,5.929720091
831-07-6050,A,Trichy,Normal,Male,Electronic accessories,32.71,5,163.55,8.1775,218.73,47.00,3/19/2025,11:30,Credit card,10
556-86-3144,C,Chennai,Member,Female,Fashion accessories,74.29,1,74.29,3.7145,112.00,34.00,1/13/2025,19:30,Cash,5.201508852
848-24-9445,C,Chennai,Member,Male,Health and beauty,43.7,2,87.4,4.37,119.77,28.00,3/26/2025,18:03,Cash,5.097478675
856-22-8149,A,Trichy,Normal,Female,Home and lifestyle,25.29,1,25.29,1.2645,56.55,30.00,3/23/2025,10:13,Ewallet,6.345840799
699-01-4164,C,Chennai,Normal,Male,Health and beauty,41.5,4,166,8.3,210.30,36.00,12/3/2025,19:58,Credit card,8.530474517
420-11-4919,C,Chennai,Member,Female,Food and beverages,71.39,5,356.95,17.8475,401.80,27.00,2/17/2025,19:57,Credit card,5.721659737
606-80-4905,C,Chennai,Member,Female,Sports and travel,19.15,6,114.9,5.745,141.65,21.00,1/29/2025,10:01,Credit card,7.074052038
542-41-0513,B,karur,Member,Female,Electronic accessories,57.49,4,229.96,11.498,261.46,20.00,3/15/2025,11:57,Cash,6.865991684
426-39-2418,C,Chennai,Normal,Male,Electronic accessories,61.41,8,429.87,21.4935,477.36,26.00,1/14/2025,10:02,Cash,10
875-46-5808,B,karur,Member,Male,Health and beauty,25.9,11,259,12.95,295.95,24.00,6/2/2025,14:51,Ewallet,9.050625402
394-43-4238,B,karur,Member,Male,Home and lifestyle,17.77,5,88.85,4.4425,138.29,45.00,2/15/2025,12:42,Credit card,5.61762956
749-24-1565,A,Trichy,Normal,Female,Health and beauty,23.03,10,207.27,10.3635,264.63,47.00,3/1/2025,12:02,Ewallet,8.218383986
672-51-8681,C,Chennai,Member,Female,Electronic accessories,66.65,10,599.85,29.9925,679.84,50.00,4/1/2025,18:19,Credit card,10
263-87-5680,C,Chennai,Member,Female,Home and lifestyle,28.53,11,285.3,14.265,338.57,39.00,3/18/2025,17:38,Ewallet,8.114353809
573-58-9734,B,karur,Normal,Female,Fashion accessories,30.37,3,91.11,4.5555,143.67,48.00,3/28/2025,13:41,Ewallet,5.305539029
817-69-8206,B,karur,Normal,Female,Electronic accessories,99.73,10,897.57,44.8785,978.45,36.00,2/3/2025,19:42,Credit card,6.761961507
888-02-0338,A,Trichy,Normal,Male,Electronic accessories,26.23,10,236.07,11.8035,270.87,23.00,1/25/2025,20:24,Ewallet,6.137780445
677-11-0152,C,Chennai,Normal,Female,Food and beverages,93.26,10,839.34,41.967,900.31,19.00,1/16/2025,18:08,Cash,9.154655579
142-63-6033,B,karur,Normal,Male,Home and lifestyle,92.36,5,461.8,23.09,531.89,47.00,3/20/2025,19:17,Ewallet,5.097478675
656-16-1063,B,karur,Normal,Male,Sports and travel,46.42,3,139.26,6.963,193.22,47.00,4/1/2025,13:24,Credit card,4.577327789
891-58-8335,B,karur,Member,Female,Sports and travel,29.61,8,207.27,10.3635,253.63,36.00,11/3/2025,15:53,Cash,6.761961507
802-43-8934,A,Trichy,Normal,Male,Home and lifestyle,18.28,1,18.28,0.914,62.19,43.00,3/22/2025,15:05,Credit card,8.634504694
560-30-5617,B,karur,Normal,Female,Sports and travel,24.77,5,123.85,6.1925,151.04,21.00,3/24/2025,18:27,Cash,8.842565048
319-74-2561,A,Trichy,Member,Female,Electronic accessories,94.64,3,283.92,14.196,347.12,49.00,2/21/2025,16:55,Cash,5.721659737
549-03-9315,B,karur,Normal,Male,Fashion accessories,94.87,9,758.96,37.948,814.91,18.00,12/2/2025,12:58,Ewallet,9.050625402
790-29-1172,B,karur,Normal,Female,Food and beverages,57.34,3,172.02,8.601,206.62,26.00,10/3/2025,18:59,Credit card,8.218383986
239-36-3640,B,karur,Normal,Male,Electronic accessories,45.35,6,272.1,13.605,302.71,17.00,1/31/2025,13:44,Ewallet,6.345840799
468-01-2051,B,karur,Normal,Male,Food and beverages,62.08,8,434.56,21.728,499.29,43.00,6/3/2025,13:46,Ewallet,5.61762956
389-25-3394,C,Chennai,Normal,Male,Electronic accessories,11.81,5,59.05,2.9525,81.00,19.00,2/17/2025,18:06,Cash,9.778836641
279-62-1445,C,Chennai,Member,Female,Fashion accessories,12.54,1,12.54,0.627,35.17,22.00,2/21/2025,12:38,Cash,8.530474517
213-72-6612,A,Trichy,Normal,Male,Food and beverages,43.25,2,86.5,4.325,106.83,16.00,3/20/2025,15:56,Cash,6.449870976
746-68-6593,C,Chennai,Member,Female,Sports and travel,87.16,2,174.32,8.716,212.04,29.00,11/1/2025,14:29,Credit card,10
836-82-5858,B,karur,Member,Male,Health and beauty,69.37,10,624.33,31.2165,681.55,26.00,1/26/2025,19:14,Ewallet,4.161207081
583-72-1480,C,Chennai,Member,Male,Electronic accessories,37.06,4,148.24,7.412,193.65,38.00,1/31/2025,16:24,Ewallet,10
466-61-5506,B,karur,Member,Female,Electronic accessories,90.7,6,544.2,27.21,590.41,19.00,2/26/2025,10:52,Cash,5.513599383
721-86-6247,A,Trichy,Normal,Female,Home and lifestyle,63.42,9,507.36,25.368,567.73,35.00,11/3/2025,12:55,Ewallet,7.6982331
289-65-5721,B,karur,Normal,Female,Fashion accessories,81.37,2,162.74,8.137,181.88,11.00,1/26/2025,19:28,Cash,6.761961507
545-46-3100,B,karur,Member,Female,Electronic accessories,10.59,3,31.77,1.5885,44.36,11.00,12/3/2025,13:52,Credit card,9.050625402
418-02-5978,B,karur,Normal,Female,Health and beauty,84.09,10,756.81,37.8405,806.65,12.00,11/2/2025,10:54,Cash,8.322414163
269-04-5750,B,karur,Member,Male,Fashion accessories,73.82,4,295.28,14.764,342.04,32.00,2/21/2025,18:31,Cash,6.970021861
157-13-5295,A,Trichy,Member,Male,Health and beauty,51.94,11,519.4,25.97,565.37,20.00,9/3/2025,18:24,Ewallet,6.761961507
645-78-8093,A,Trichy,Normal,Female,Sports and travel,93.14,2,186.28,9.314,222.59,27.00,1/20/2025,18:09,Ewallet,4.265237258
211-30-9270,C,Chennai,Normal,Male,Health and beauty,17.41,5,87.05,4.3525,122.40,31.00,1/28/2025,15:16,Credit card,5.097478675
755-12-3214,C,Chennai,Member,Female,Fashion accessories,44.22,5,221.1,11.055,282.16,50.00,5/3/2025,17:07,Credit card,8.946595225
346-84-3103,B,karur,Member,Female,Electronic accessories,13.22,5,66.1,3.305,105.41,36.00,2/3/2025,19:26,Cash,4.473297612
478-06-7835,A,Trichy,Normal,Male,Fashion accessories,89.69,1,89.69,4.4845,143.17,49.00,11/1/2025,11:20,Ewallet,5.097478675
540-11-4336,A,Trichy,Normal,Male,Food and beverages,24.94,10,224.46,11.223,248.68,13.00,11/1/2025,16:49,Credit card,5.825689914
448-81-5016,A,Trichy,Normal,Male,Health and beauty,59.77,2,119.54,5.977,155.52,30.00,11/3/2025,12:01,Credit card,6.033750268
142-72-4741,C,Chennai,Member,Male,Fashion accessories,93.2,2,186.4,9.32,229.72,34.00,2/28/2025,18:37,Credit card,6.241810622
217-58-1179,A,Trichy,Member,Male,Home and lifestyle,62.65,4,250.6,12.53,277.13,14.00,5/1/2025,11:25,Cash,4.369267435
376-02-8238,B,karur,Normal,Male,Home and lifestyle,93.87,9,750.96,37.548,835.51,47.00,2/2/2025,18:42,Credit card,8.634504694
530-90-9855,A,Trichy,Member,Male,Home and lifestyle,47.59,9,380.72,19.036,440.76,41.00,1/1/2025,14:47,Cash,5.929720091
866-05-7563,B,karur,Member,Female,Electronic accessories,81.4,3,244.2,12.21,297.41,41.00,9/2/2025,19:43,Cash,4.993448498
604-70-6476,A,Trichy,Member,Male,Fashion accessories,17.94,5,89.7,4.485,140.19,46.00,1/23/2025,14:04,Ewallet,7.074052038
799-71-1548,A,Trichy,Member,Male,Electronic accessories,77.72,4,310.88,15.544,352.42,26.00,7/1/2025,16:11,Credit card,9.154655579
785-13-7708,B,karur,Normal,Male,Food and beverages,73.06,8,511.42,25.571,552.99,16.00,1/14/2025,19:06,Credit card,4.369267435
845-51-0542,B,karur,Member,Male,Food and beverages,46.55,10,418.95,20.9475,489.90,50.00,2/2/2025,15:34,Ewallet,6.65793133
662-47-5456,C,Chennai,Member,Male,Fashion accessories,35.19,11,351.9,17.595,406.50,37.00,3/17/2025,19:06,Credit card,8.738534871
883-17-4236,C,Chennai,Normal,Female,Sports and travel,14.39,2,28.78,1.439,48.22,18.00,2/3/2025,19:44,Credit card,7.490172746
290-68-2984,A,Trichy,Normal,Male,Home and lifestyle,23.75,4,95,4.75,118.75,19.00,3/16/2025,11:22,Cash,5.409569206
704-11-6354,A,Trichy,Member,Male,Home and lifestyle,58.9,9,471.2,23.56,532.76,38.00,6/1/2025,11:23,Cash,9.258685756
110-48-7033,B,karur,Member,Male,Fashion accessories,32.62,4,130.48,6.524,160.00,23.00,1/29/2025,14:12,Cash,9.362715933
366-93-0948,A,Trichy,Member,Male,Electronic accessories,66.35,1,66.35,3.3175,118.67,49.00,1/31/2025,10:46,Credit card,10
729-09-9681,A,Trichy,Member,Male,Home and lifestyle,25.91,6,155.46,7.773,177.23,14.00,5/2/2025,10:16,Ewallet,9.050625402
151-16-1484,A,Trichy,Member,Male,Electronic accessories,32.25,4,129,6.45,153.45,18.00,2/13/2025,12:38,Ewallet,6.761961507
380-94-4661,C,Chennai,Member,Male,Electronic accessories,65.94,4,263.76,13.188,315.95,39.00,7/2/2025,13:05,Credit card,7.178082215
850-41-9669,A,Trichy,Normal,Female,Electronic accessories,75.06,10,675.54,33.777,748.32,39.00,3/19/2025,13:25,Ewallet,6.449870976
821-07-3596,C,Chennai,Normal,Female,Fashion accessories,16.45,4,65.8,3.29,116.09,47.00,7/3/2025,14:53,Ewallet,5.825689914
655-85-5130,B,karur,Member,Female,Fashion accessories,38.3,4,153.2,7.66,170.86,10.00,3/13/2025,19:22,Cash,5.929720091
447-15-7839,A,Trichy,Member,Female,Sports and travel,22.24,11,222.4,11.12,248.52,15.00,9/2/2025,11:00,Cash,4.369267435
154-74-7179,B,karur,Normal,Male,Sports and travel,54.45,1,54.45,2.7225,77.17,20.00,2/26/2025,19:24,Ewallet,8.218383986
253-12-6086,A,Trichy,Member,Female,Sports and travel,98.4,8,688.8,34.44,750.24,27.00,12/3/2025,12:43,Credit card,9.050625402
808-65-0703,C,Chennai,Normal,Male,Home and lifestyle,35.47,4,141.88,7.094,170.97,22.00,3/14/2025,17:22,Credit card,7.178082215
571-94-0759,B,karur,Member,Female,Food and beverages,74.6,11,746,37.3,794.30,11.00,8/1/2025,20:55,Cash,9.882866818
144-51-6085,A,Trichy,Member,Male,Home and lifestyle,70.74,4,282.96,14.148,317.11,20.00,5/1/2025,16:05,Credit card,4.577327789
731-14-2199,A,Trichy,Member,Female,Home and lifestyle,35.54,11,355.4,17.77,409.17,36.00,4/1/2025,13:34,Ewallet,7.282112392
783-09-1637,B,karur,Normal,Female,Sports and travel,67.43,5,337.15,16.8575,400.01,46.00,6/3/2025,18:13,Ewallet,6.553901153
687-15-1097,C,Chennai,Member,Female,Health and beauty,21.12,2,42.24,2.112,63.35,19.00,3/1/2025,19:17,Cash,10
126-54-1082,A,Trichy,Member,Female,Home and lifestyle,21.54,10,193.86,9.693,221.55,18.00,7/1/2025,11:44,Credit card,9.154655579
633-91-1052,A,Trichy,Normal,Female,Home and lifestyle,12.03,2,24.06,1.203,38.26,13.00,1/27/2025,15:51,Cash,5.305539029
477-24-6490,B,karur,Normal,Female,Health and beauty,99.71,6,598.26,29.913,645.17,17.00,2/26/2025,16:52,Ewallet,8.218383986
566-19-5475,B,karur,Normal,Male,Fashion accessories,47.97,8,335.79,16.7895,383.58,31.00,7/1/2025,20:52,Cash,6.449870976
526-86-8552,C,Chennai,Member,Female,Home and lifestyle,21.82,11,218.2,10.91,277.11,48.00,7/1/2025,17:36,Cash,7.386142569
376-56-3573,C,Chennai,Normal,Female,Fashion accessories,95.42,4,381.68,19.084,429.76,29.00,2/2/2025,13:23,Ewallet,6.65793133
537-72-0426,C,Chennai,Member,Male,Fashion accessories,70.99,11,709.9,35.495,778.40,33.00,3/20/2025,16:28,Cash,5.929720091
828-61-5674,A,Trichy,Member,Male,Sports and travel,44.02,11,440.2,22.01,472.21,10.00,3/20/2025,19:57,Credit card,9.986896995
136-08-6195,A,Trichy,Normal,Female,Home and lifestyle,69.96,9,559.68,27.984,627.66,40.00,2/15/2025,17:01,Credit card,6.65793133
523-38-0215,C,Chennai,Normal,Male,Home and lifestyle,37,1,37,1.85,87.85,49.00,6/3/2025,13:29,Credit card,8.218383986
490-29-1201,A,Trichy,Normal,Female,Sports and travel,15.34,1,15.34,0.767,61.11,45.00,6/1/2025,11:09,Cash,6.761961507
667-92-0055,A,Trichy,Member,Male,Health and beauty,99.83,6,598.98,29.949,648.93,20.00,4/3/2025,15:02,Ewallet,8.842565048
565-17-3836,A,Trichy,Member,Female,Health and beauty,47.67,4,190.68,9.534,215.21,15.00,12/3/2025,14:21,Cash,9.46674611
498-41-1961,B,karur,Normal,Male,Health and beauty,66.68,5,333.4,16.67,380.07,30.00,2/20/2025,18:01,Cash,7.906293455
593-95-4461,C,Chennai,Member,Male,Home and lifestyle,74.86,1,74.86,3.743,109.60,31.00,3/24/2025,14:49,Cash,7.178082215
226-71-3580,C,Chennai,Normal,Female,Sports and travel,23.75,10,213.75,10.6875,260.44,36.00,1/31/2025,12:02,Cash,9.882866818
283-79-9594,B,karur,Normal,Female,Food and beverages,48.51,8,339.57,16.9785,381.55,25.00,1/25/2025,13:30,Credit card,5.409569206
430-60-3493,A,Trichy,Member,Female,Home and lifestyle,94.88,8,664.16,33.208,726.37,29.00,3/2/2025,14:38,Cash,4.369267435
139-20-0155,B,karur,Member,Male,Electronic accessories,40.3,11,403,20.15,466.15,43.00,1/24/2025,17:37,Credit card,7.282112392
558-80-4082,C,Chennai,Normal,Male,Electronic accessories,27.85,8,194.95,9.7475,251.70,47.00,3/14/2025,17:20,Ewallet,6.241810622
278-97-7759,A,Trichy,Member,Female,Electronic accessories,62.48,1,62.48,3.124,86.60,21.00,2/18/2025,20:29,Cash,4.889418321
316-68-6352,A,Trichy,Member,Female,Food and beverages,36.36,2,72.72,3.636,103.36,27.00,1/21/2025,10:00,Cash,7.386142569
585-03-5943,B,karur,Normal,Male,Health and beauty,18.11,11,181.1,9.055,240.16,50.00,3/13/2025,11:46,Ewallet,6.137780445
211-05-0490,C,Chennai,Member,Female,Electronic accessories,51.92,5,259.6,12.98,288.58,16.00,3/3/2025,13:42,Cash,7.802263277
727-75-6477,C,Chennai,Normal,Male,Electronic accessories,28.84,4,115.36,5.768,157.13,36.00,3/29/2025,14:44,Cash,6.65793133
744-02-5987,A,Trichy,Member,Male,Home and lifestyle,78.38,6,470.28,23.514,516.79,23.00,10/1/2025,14:16,Ewallet,6.033750268
307-83-9164,A,Trichy,Member,Male,Home and lifestyle,60.01,4,240.04,12.002,263.04,11.00,1/25/2025,15:54,Cash,4.681357966
779-06-0012,C,Chennai,Member,Female,Home and lifestyle,88.61,1,88.61,4.4305,103.04,10.00,1/19/2025,10:21,Cash,8.010323632
446-47-6729,C,Chennai,Normal,Male,Fashion accessories,99.82,2,199.64,9.982,259.62,50.00,2/1/2025,18:09,Credit card,6.970021861
573-10-3877,B,karur,Member,Male,Health and beauty,39.01,1,39.01,1.9505,64.96,24.00,12/3/2025,16:46,Credit card,4.889418321
735-06-4124,C,Chennai,Normal,Male,Food and beverages,48.61,1,48.61,2.4305,65.04,14.00,2/25/2025,15:31,Cash,4.577327789
439-54-7422,A,Trichy,Normal,Female,Electronic accessories,51.19,4,204.76,10.238,249.00,34.00,3/18/2025,17:15,Credit card,4.889418321
396-90-2219,B,karur,Normal,Female,Electronic accessories,14.96,9,119.68,5.984,145.66,20.00,2/23/2025,12:29,Cash,8.946595225
411-77-0180,A,Trichy,Member,Male,Electronic accessories,72.2,8,505.4,25.27,546.67,16.00,3/26/2025,20:14,Ewallet,4.473297612
286-01-5402,A,Trichy,Normal,Female,Sports and travel,40.23,8,281.61,14.0805,338.69,43.00,3/30/2025,13:22,Cash,9.986896995
803-17-8013,A,Trichy,Member,Female,Home and lifestyle,88.79,9,710.32,35.516,791.84,46.00,2/17/2025,17:09,Cash,4.265237258
512-98-1403,A,Trichy,Member,Female,Electronic accessories,26.48,3,79.44,3.972,98.41,15.00,3/21/2025,10:40,Ewallet,4.889418321
848-42-2560,A,Trichy,Normal,Female,Fashion accessories,81.91,2,163.82,8.191,215.01,43.00,5/3/2025,17:43,Cash,8.114353809
532-59-7201,B,karur,Member,Male,Sports and travel,79.93,6,479.58,23.979,551.56,48.00,1/31/2025,14:04,Cash,5.721659737
181-94-6432,C,Chennai,Member,Male,Fashion accessories,69.33,2,138.66,6.933,181.59,36.00,5/2/2025,19:05,Ewallet,10
870-76-1733,A,Trichy,Member,Female,Food and beverages,14.23,5,71.15,3.5575,123.71,49.00,1/2/2025,10:08,Credit card,4.577327789
423-64-4619,A,Trichy,Member,Female,Health and beauty,15.55,10,139.95,6.9975,186.95,40.00,7/3/2025,13:12,Cash,5.201508852
227-07-4446,C,Chennai,Member,Female,Electronic accessories,78.13,11,781.3,39.065,856.37,36.00,10/2/2025,20:51,Cash,4.577327789
174-36-3675,C,Chennai,Member,Male,Food and beverages,99.37,2,198.74,9.937,242.68,34.00,2/14/2025,17:29,Cash,5.409569206
428-83-5800,C,Chennai,Member,Female,Food and beverages,21.08,3,63.24,3.162,89.40,23.00,9/2/2025,10:25,Cash,7.594202923
603-07-0961,C,Chennai,Member,Male,Electronic accessories,74.79,5,373.95,18.6975,407.65,15.00,10/1/2025,11:34,Cash,5.097478675
704-20-4138,C,Chennai,Member,Female,Health and beauty,29.67,8,207.69,10.3845,254.07,36.00,11/3/2025,18:58,Credit card,8.42644434
787-15-1757,C,Chennai,Member,Male,Health and beauty,44.07,4,176.28,8.814,234.09,49.00,2/18/2025,16:28,Ewallet,8.738534871
649-11-3678,C,Chennai,Normal,Female,Food and beverages,22.93,10,206.37,10.3185,258.69,42.00,2/26/2025,20:26,Cash,5.721659737
622-20-1945,C,Chennai,Normal,Female,Health and beauty,39.42,1,39.42,1.971,86.39,45.00,1/18/2025,15:08,Cash,8.738534871
372-94-8041,A,Trichy,Normal,Male,Health and beauty,15.26,6,91.56,4.578,135.14,39.00,2/15/2025,18:03,Ewallet,10
563-91-7120,A,Trichy,Normal,Female,Fashion accessories,61.77,5,308.85,15.4425,354.29,30.00,8/3/2025,13:21,Cash,6.970021861
746-54-5508,A,Trichy,Normal,Male,Home and lifestyle,21.52,6,129.12,6.456,159.58,24.00,1/17/2025,12:48,Credit card,9.778836641
276-54-0879,B,karur,Normal,Male,Sports and travel,97.74,4,390.96,19.548,421.51,11.00,12/3/2025,19:53,Ewallet,6.65793133
815-11-1168,A,Trichy,Member,Male,Food and beverages,99.78,5,498.9,24.945,536.85,13.00,9/3/2025,19:09,Cash,5.61762956
719-76-3868,C,Chennai,Member,Male,Food and beverages,94.26,4,377.04,18.852,426.89,31.00,12/3/2025,16:30,Cash,8.946595225
730-61-8757,B,karur,Member,Male,Health and beauty,51.13,4,204.52,10.226,250.75,36.00,1/25/2025,10:11,Credit card,4.161207081
340-66-0321,A,Trichy,Member,Male,Electronic accessories,36.36,4,145.44,7.272,186.71,34.00,3/25/2025,13:07,Cash,7.906293455
868-81-1752,B,karur,Normal,Male,Home and lifestyle,22.02,10,198.18,9.909,246.09,38.00,7/2/2025,18:48,Cash,7.074052038
634-97-8956,A,Trichy,Normal,Male,Food and beverages,32.9,3,98.7,4.935,149.64,46.00,2/17/2025,17:27,Credit card,9.46674611
566-71-1091,A,Trichy,Normal,Male,Fashion accessories,77.02,5,385.1,19.255,421.36,17.00,3/2/2025,15:59,Cash,5.721659737
442-48-3607,A,Trichy,Member,Male,Food and beverages,23.48,2,46.96,2.348,79.31,30.00,3/14/2025,11:21,Credit card,8.218383986
835-16-0096,C,Chennai,Member,Male,Sports and travel,14.7,5,73.5,3.675,126.18,49.00,3/24/2025,13:48,Ewallet,8.842565048
527-09-6272,A,Trichy,Member,Female,Electronic accessories,28.45,5,142.25,7.1125,174.36,25.00,3/21/2025,10:17,Credit card,9.46674611
898-04-2717,A,Trichy,Normal,Male,Fashion accessories,76.4,10,687.6,34.38,761.98,40.00,3/19/2025,15:49,Ewallet,7.802263277
692-27-8933,B,karur,Normal,Female,Sports and travel,57.95,6,347.7,17.385,375.09,10.00,2/24/2025,13:02,Cash,5.409569206
633-09-3463,C,Chennai,Normal,Female,Electronic accessories,47.65,3,142.95,7.1475,166.10,16.00,3/28/2025,12:58,Credit card,9.882866818
374-17-3652,B,karur,Member,Female,Food and beverages,42.82,10,385.38,19.269,436.65,32.00,5/2/2025,15:26,Credit card,9.258685756
378-07-7001,B,karur,Member,Male,Electronic accessories,48.09,3,144.27,7.2135,196.48,45.00,10/2/2025,18:23,Credit card,8.114353809
433-75-6987,B,karur,Member,Female,Health and beauty,55.97,8,391.79,19.5895,449.38,38.00,5/3/2025,19:06,Ewallet,9.258685756
873-95-4984,B,karur,Member,Female,Health and beauty,76.9,8,538.3,26.915,607.22,42.00,2/15/2025,20:21,Cash,8.010323632
416-13-5917,C,Chennai,Normal,Female,Food and beverages,97.03,5,485.15,24.2575,522.41,13.00,1/30/2025,16:24,Ewallet,9.674806464
150-89-8043,A,Trichy,Normal,Male,Sports and travel,44.65,3,133.95,6.6975,173.65,33.00,2/14/2025,15:04,Cash,6.449870976
135-84-8019,A,Trichy,Normal,Female,Fashion accessories,77.93,10,701.37,35.0685,778.44,42.00,2/27/2025,16:10,Ewallet,7.906293455
441-94-7118,A,Trichy,Member,Male,Electronic accessories,71.95,1,71.95,3.5975,94.55,19.00,4/2/2025,12:14,Cash,7.594202923
725-96-3778,C,Chennai,Member,Female,Home and lifestyle,89.25,9,714,35.7,783.70,34.00,1/20/2025,10:13,Cash,4.889418321
531-80-1784,A,Trichy,Normal,Male,Electronic accessories,26.02,8,182.14,9.107,236.25,45.00,3/28/2025,17:38,Cash,5.305539029
400-45-1220,B,karur,Normal,Female,Health and beauty,13.5,11,135,6.75,174.75,33.00,2/27/2025,11:06,Credit card,4.993448498
860-79-0874,C,Chennai,Member,Female,Fashion accessories,99.3,11,993,49.65,1089.65,47.00,2/15/2025,14:53,Credit card,6.865991684
834-61-8124,A,Trichy,Normal,Male,Electronic accessories,51.69,8,361.83,18.0915,418.92,39.00,1/26/2025,18:22,Cash,5.721659737
115-99-4379,B,karur,Member,Female,Fashion accessories,54.73,8,383.11,19.1555,442.27,40.00,3/14/2025,19:02,Credit card,8.842565048
565-67-6697,B,karur,Member,Male,Home and lifestyle,27,10,243,12.15,269.15,14.00,2/3/2025,14:16,Cash,4.993448498
320-49-6392,C,Chennai,Normal,Female,Electronic accessories,30.24,1,30.24,1.512,76.75,45.00,4/3/2025,15:44,Cash,8.738534871
889-04-9723,B,karur,Member,Female,Food and beverages,89.14,4,356.56,17.828,392.39,18.00,7/1/2025,12:20,Credit card,8.114353809
632-90-0281,C,Chennai,Normal,Female,Fashion accessories,37.55,11,375.5,18.775,444.28,50.00,8/3/2025,20:01,Credit card,9.674806464
554-42-2417,C,Chennai,Normal,Female,Sports and travel,95.44,11,954.4,47.72,1014.12,12.00,9/1/2025,13:45,Cash,5.409569206
453-63-6187,B,karur,Normal,Male,Electronic accessories,27.5,3,82.5,4.125,120.63,34.00,1/3/2025,15:40,Ewallet,6.761961507
578-80-7669,B,karur,Normal,Male,Sports and travel,74.97,1,74.97,3.7485,112.72,34.00,3/16/2025,16:58,Cash,5.825689914
612-36-5536,A,Trichy,Member,Male,Food and beverages,80.96,9,647.68,32.384,714.06,34.00,2/17/2025,11:12,Credit card,7.6982331
605-72-4132,C,Chennai,Normal,Female,Food and beverages,94.47,9,755.76,37.788,825.55,32.00,2/27/2025,15:12,Cash,9.46674611
471-41-2823,C,Chennai,Normal,Male,Food and beverages,99.79,2,199.58,9.979,240.56,31.00,7/3/2025,20:37,Ewallet,8.322414163
462-67-9126,A,Trichy,Normal,Male,Home and lifestyle,73.22,6,439.32,21.966,491.29,30.00,1/21/2025,17:44,Cash,7.490172746
272-27-9238,C,Chennai,Normal,Female,Food and beverages,41.24,4,164.96,8.248,202.21,29.00,2/19/2025,16:23,Cash,7.386142569
834-25-9262,C,Chennai,Normal,Female,Fashion accessories,81.68,4,326.72,16.336,356.06,13.00,6/1/2025,12:12,Cash,9.46674611
122-61-9553,C,Chennai,Normal,Female,Electronic accessories,51.32,10,461.88,23.094,499.97,15.00,3/14/2025,19:33,Cash,5.825689914
468-88-0009,A,Trichy,Member,Male,Home and lifestyle,65.94,4,263.76,13.188,325.95,49.00,3/24/2025,10:29,Cash,6.241810622
613-59-9758,C,Chennai,Normal,Female,Sports and travel,14.36,11,143.6,7.18,195.78,45.00,1/27/2025,14:28,Cash,5.61762956
254-31-0042,A,Trichy,Member,Male,Electronic accessories,21.5,10,193.5,9.675,241.18,38.00,6/3/2025,12:46,Credit card,8.114353809
201-86-2184,B,karur,Member,Female,Electronic accessories,26.26,8,183.82,9.191,208.01,15.00,2/2/2025,19:40,Cash,10
261-12-8671,B,karur,Normal,Female,Fashion accessories,60.96,2,121.92,6.096,173.02,45.00,1/25/2025,19:39,Credit card,5.097478675
730-70-9830,C,Chennai,Normal,Female,Home and lifestyle,70.11,6,420.66,21.033,455.69,14.00,3/14/2025,17:54,Ewallet,5.409569206
382-25-8917,C,Chennai,Normal,Male,Fashion accessories,42.08,6,252.48,12.624,283.10,18.00,1/29/2025,12:25,Cash,9.258685756
422-29-8786,A,Trichy,Normal,Female,Home and lifestyle,67.09,5,335.45,16.7725,392.22,40.00,3/1/2025,16:47,Credit card,9.46674611
667-23-5919,A,Trichy,Member,Female,Fashion accessories,96.7,5,483.5,24.175,535.68,28.00,1/14/2025,12:52,Ewallet,7.282112392
843-01-4703,B,karur,Member,Female,Home and lifestyle,35.38,10,318.42,15.921,378.34,44.00,5/1/2025,19:50,Credit card,9.986896995
743-88-1662,C,Chennai,Normal,Male,Sports and travel,95.49,8,668.43,33.4215,742.85,41.00,2/22/2025,18:17,Ewallet,9.050625402
595-86-2894,C,Chennai,Member,Male,Fashion accessories,96.98,4,387.92,19.396,448.32,41.00,6/2/2025,17:20,Ewallet,9.778836641
182-69-8360,B,karur,Normal,Female,Electronic accessories,23.65,4,94.6,4.73,118.33,19.00,1/30/2025,13:32,Credit card,4.161207081
289-15-7034,A,Trichy,Member,Male,Sports and travel,82.33,4,329.32,16.466,388.79,43.00,11/1/2025,10:37,Credit card,7.802263277
462-78-5240,C,Chennai,Normal,Female,Electronic accessories,26.61,2,53.22,2.661,90.88,35.00,3/19/2025,14:35,Cash,4.369267435
868-52-7573,B,karur,Normal,Female,Food and beverages,99.69,5,498.45,24.9225,550.37,27.00,1/14/2025,12:09,Cash,10
153-58-4872,C,Chennai,Member,Female,Food and beverages,74.89,4,299.56,14.978,358.54,44.00,1/3/2025,15:32,Ewallet,4.369267435
662-72-2873,A,Trichy,Normal,Female,Food and beverages,40.94,5,204.7,10.235,241.94,27.00,6/1/2025,13:58,Ewallet,10
525-88-7307,B,karur,Member,Male,Sports and travel,75.82,1,75.82,3.791,122.61,43.00,1/31/2025,13:19,Cash,6.033750268
689-16-9784,C,Chennai,Normal,Male,Food and beverages,46.77,6,280.62,14.031,339.65,45.00,11/3/2025,13:37,Cash,6.241810622
725-56-0833,A,Trichy,Normal,Female,Health and beauty,32.32,11,323.2,16.16,368.36,29.00,2/20/2025,16:49,Credit card,10
394-41-0748,C,Chennai,Member,Female,Fashion accessories,54.07,10,486.63,24.3315,523.96,13.00,1/27/2025,14:55,Ewallet,9.882866818
596-42-3999,B,karur,Normal,Male,Food and beverages,18.22,8,127.54,6.377,151.92,18.00,10/3/2025,14:04,Credit card,6.865991684
541-89-9860,C,Chennai,Member,Female,Fashion accessories,80.48,3,241.44,12.072,282.51,29.00,2/15/2025,12:31,Cash,8.42644434
173-82-9529,B,karur,Normal,Female,Fashion accessories,37.95,11,379.5,18.975,427.48,29.00,1/26/2025,14:51,Cash,10
563-36-9814,A,Trichy,Member,Male,Electronic accessories,76.82,1,76.82,3.841,108.66,28.00,2/13/2025,18:27,Ewallet,7.490172746
308-47-4913,A,Trichy,Member,Female,Sports and travel,52.26,11,522.6,26.13,590.73,42.00,9/3/2025,12:45,Credit card,6.449870976
885-17-6250,A,Trichy,Normal,Female,Health and beauty,79.74,1,79.74,3.987,128.73,45.00,6/3/2025,10:36,Ewallet,7.594202923
726-27-2396,A,Trichy,Normal,Female,Health and beauty,77.5,5,387.5,19.375,450.88,44.00,1/24/2025,20:36,Ewallet,4.473297612
316-01-3952,A,Trichy,Normal,Female,Food and beverages,54.27,5,271.35,13.5675,314.92,30.00,3/13/2025,14:16,Ewallet,4.785388144
760-54-1821,B,karur,Normal,Male,Home and lifestyle,13.59,10,122.31,6.1155,167.43,39.00,3/15/2025,10:26,Cash,6.033750268
793-10-3222,B,karur,Member,Female,Health and beauty,41.06,6,246.36,12.318,296.68,38.00,5/3/2025,13:30,Credit card,8.634504694
346-12-3257,B,karur,Member,Male,Electronic accessories,19.24,10,173.16,8.658,212.82,31.00,4/3/2025,16:28,Cash,8.322414163
110-05-6330,C,Chennai,Normal,Female,Food and beverages,39.43,6,236.58,11.829,290.41,42.00,3/25/2025,20:18,Credit card,9.778836641
651-61-0874,C,Chennai,Normal,Male,Home and lifestyle,46.22,4,184.88,9.244,241.12,47.00,12/3/2025,20:04,Credit card,6.449870976
236-86-3015,C,Chennai,Member,Male,Home and lifestyle,13.98,1,13.98,0.699,30.68,16.00,4/2/2025,13:38,Ewallet,10
831-64-0259,B,karur,Normal,Female,Fashion accessories,39.75,5,198.75,9.9375,226.69,18.00,2/22/2025,10:43,Ewallet,9.986896995
587-03-7455,C,Chennai,Member,Female,Fashion accessories,97.79,8,684.53,34.2265,744.76,26.00,2/16/2025,17:30,Ewallet,5.097478675
882-40-4577,A,Trichy,Member,Male,Sports and travel,67.26,4,269.04,13.452,310.49,28.00,1/19/2025,15:28,Credit card,8.322414163
732-67-5346,A,Trichy,Normal,Male,Food and beverages,13.79,5,68.95,3.4475,97.40,25.00,11/1/2025,19:07,Credit card,8.114353809
725-32-9708,B,karur,Member,Female,Fashion accessories,68.71,4,274.84,13.742,317.58,29.00,4/1/2025,19:01,Cash,4.265237258
256-08-8343,A,Trichy,Normal,Female,Home and lifestyle,56.53,4,226.12,11.306,268.43,31.00,4/3/2025,19:48,Ewallet,5.721659737
372-26-1506,C,Chennai,Normal,Female,Fashion accessories,23.82,5,119.1,5.955,171.06,46.00,1/28/2025,19:24,Ewallet,5.61762956
244-08-0162,B,karur,Normal,Female,Health and beauty,34.21,11,342.1,17.105,391.21,32.00,2/1/2025,13:00,Cash,5.305539029
569-71-4390,B,karur,Normal,Male,Sports and travel,21.87,2,43.74,2.187,92.93,47.00,1/25/2025,14:29,Ewallet,7.178082215
132-23-6451,A,Trichy,Member,Male,Health and beauty,20.97,5,104.85,5.2425,138.09,28.00,4/1/2025,13:21,Cash,8.114353809
696-90-2548,A,Trichy,Normal,Male,Sports and travel,25.84,3,77.52,3.876,98.40,17.00,10/3/2025,18:55,Ewallet,6.865991684
472-15-9636,A,Trichy,Normal,Male,Home and lifestyle,50.93,9,407.44,20.372,467.81,40.00,3/22/2025,19:36,Ewallet,9.570776287
268-03-6164,B,karur,Normal,Male,Health and beauty,96.11,1,96.11,4.8055,135.92,35.00,1/25/2025,16:28,Ewallet,8.114353809
750-57-9686,C,Chennai,Normal,Female,Home and lifestyle,45.38,4,181.52,9.076,218.60,28.00,8/1/2025,13:48,Credit card,9.050625402
186-09-3669,C,Chennai,Member,Female,Health and beauty,81.51,1,81.51,4.0755,96.59,11.00,1/22/2025,10:57,Ewallet,9.570776287
848-07-1692,B,karur,Normal,Female,Health and beauty,57.22,2,114.44,5.722,145.16,25.00,12/1/2025,17:13,Ewallet,8.634504694
745-71-3520,A,Trichy,Member,Female,Electronic accessories,25.22,8,176.54,8.827,223.37,38.00,4/2/2025,10:23,Cash,8.530474517
266-76-6436,C,Chennai,Member,Female,Food and beverages,38.6,3,115.8,5.79,140.59,19.00,3/28/2025,13:57,Ewallet,7.802263277
740-22-2500,C,Chennai,Normal,Female,Electronic accessories,84.05,3,252.15,12.6075,298.76,34.00,1/23/2025,13:29,Cash,10
271-88-8734,C,Chennai,Member,Female,Fashion accessories,97.21,11,972.1,48.605,1054.71,34.00,8/2/2025,13:00,Credit card,9.050625402
301-81-8610,B,karur,Member,Male,Fashion accessories,25.42,9,203.36,10.168,245.53,32.00,3/19/2025,19:42,Credit card,6.970021861
489-64-4354,C,Chennai,Normal,Male,Fashion accessories,16.28,1,16.28,0.814,31.09,14.00,9/3/2025,15:36,Cash,5.201508852
198-84-7132,B,karur,Member,Male,Fashion accessories,40.61,10,365.49,18.2745,425.76,42.00,2/1/2025,13:40,Cash,7.282112392
269-10-8440,A,Trichy,Member,Male,Health and beauty,53.17,8,372.19,18.6095,433.80,43.00,1/21/2025,18:01,Cash,9.258685756
650-98-6268,B,karur,Member,Female,Food and beverages,20.87,3,62.61,3.1305,114.74,49.00,3/20/2025,13:53,Credit card,8.322414163
741-73-3559,B,karur,Normal,Male,Sports and travel,67.27,5,336.35,16.8175,397.17,44.00,2/27/2025,17:27,Cash,7.178082215
325-77-6186,A,Trichy,Member,Female,Home and lifestyle,90.65,11,906.5,45.325,998.83,47.00,8/3/2025,10:53,Ewallet,7.594202923
286-75-7818,B,karur,Normal,Male,Fashion accessories,69.08,2,138.16,6.908,158.07,13.00,1/31/2025,19:48,Credit card,7.178082215
574-57-9721,C,Chennai,Normal,Male,Food and beverages,43.27,2,86.54,4.327,124.87,34.00,8/3/2025,16:53,Ewallet,5.929720091
459-50-7686,A,Trichy,Normal,Female,Electronic accessories,23.46,6,140.76,7.038,168.80,21.00,1/13/2025,19:14,Ewallet,6.65793133
616-87-0016,B,karur,Normal,Male,Fashion accessories,95.54,8,668.78,33.439,745.22,43.00,9/3/2025,14:36,Credit card,9.986896995
837-55-7229,B,karur,Normal,Female,Fashion accessories,47.44,1,47.44,2.372,89.81,40.00,2/22/2025,18:19,Credit card,7.074052038
751-69-0068,C,Chennai,Normal,Male,Sports and travel,99.24,10,893.16,44.658,981.82,44.00,3/19/2025,19:09,Ewallet,9.362715933
257-73-1380,C,Chennai,Member,Male,Sports and travel,82.93,4,331.72,16.586,376.31,28.00,1/20/2025,16:51,Ewallet,9.986896995
345-08-4992,A,Trichy,Normal,Male,Home and lifestyle,33.99,6,203.94,10.197,254.14,40.00,8/3/2025,15:37,Credit card,8.010323632
549-96-4200,C,Chennai,Member,Male,Food and beverages,17.04,4,68.16,3.408,111.57,40.00,8/3/2025,20:15,Ewallet,7.282112392
810-60-6344,C,Chennai,Normal,Female,Electronic accessories,40.86,9,326.88,16.344,392.22,49.00,7/2/2025,14:38,Credit card,6.761961507
450-28-2866,C,Chennai,Member,Male,Food and beverages,17.44,5,87.2,4.36,105.56,14.00,1/15/2025,19:25,Cash,8.42644434
394-30-3170,B,karur,Member,Female,Sports and travel,88.43,9,707.44,35.372,789.81,47.00,3/22/2025,19:35,Credit card,4.473297612
138-17-5109,A,Trichy,Member,Female,Home and lifestyle,89.21,10,802.89,40.1445,876.03,33.00,1/15/2025,15:42,Credit card,6.761961507
192-98-7397,C,Chennai,Normal,Male,Fashion accessories,12.78,1,12.78,0.639,37.42,24.00,8/1/2025,14:11,Ewallet,9.882866818
301-11-9629,A,Trichy,Normal,Female,Sports and travel,19.1,8,133.7,6.685,155.39,15.00,1/15/2025,10:43,Cash,10
390-80-5128,B,karur,Member,Female,Health and beauty,19.15,1,19.15,0.9575,59.11,39.00,1/28/2025,17:58,Credit card,9.882866818
235-46-8343,C,Chennai,Member,Male,Food and beverages,27.66,11,276.6,13.83,331.43,41.00,2/14/2025,11:26,Credit card,9.258685756
453-12-7053,C,Chennai,Normal,Male,Fashion accessories,45.74,3,137.22,6.861,155.08,11.00,10/3/2025,17:38,Credit card,6.761961507
296-11-7041,B,karur,Member,Female,Health and beauty,27.07,1,27.07,1.3535,51.42,23.00,12/1/2025,20:07,Credit card,5.513599383
449-27-2918,B,karur,Member,Female,Sports and travel,39.12,1,39.12,1.956,73.08,32.00,3/26/2025,11:02,Credit card,9.986896995
891-01-7034,B,karur,Normal,Female,Electronic accessories,74.71,6,448.26,22.413,483.67,13.00,1/1/2025,19:07,Cash,6.970021861
744-09-5786,B,karur,Normal,Male,Electronic accessories,22.01,6,132.06,6.603,162.66,24.00,2/1/2025,18:50,Cash,7.906293455
727-17-0390,A,Trichy,Normal,Female,Food and beverages,63.61,5,318.05,15.9025,381.95,48.00,3/16/2025,12:43,Ewallet,4.993448498
568-88-3448,A,Trichy,Normal,Male,Health and beauty,25,1,25,1.25,72.25,46.00,3/3/2025,15:09,Ewallet,5.721659737
187-83-5490,A,Trichy,Member,Male,Electronic accessories,20.77,4,83.08,4.154,119.23,32.00,1/31/2025,13:47,Cash,4.889418321
767-54-1907,B,karur,Member,Female,Fashion accessories,29.56,5,147.8,7.39,190.19,35.00,2/13/2025,16:59,Cash,7.178082215
710-46-4433,B,karur,Member,Female,Food and beverages,77.4,10,696.6,34.83,756.43,25.00,2/15/2025,14:15,Credit card,4.681357966
533-33-5337,B,karur,Normal,Male,Electronic accessories,79.39,11,793.9,39.695,863.60,30.00,7/2/2025,20:24,Cash,6.449870976
325-90-8763,C,Chennai,Member,Female,Electronic accessories,46.57,11,465.7,23.285,503.99,15.00,1/27/2025,13:58,Cash,7.906293455
729-46-7422,C,Chennai,Normal,Male,Food and beverages,35.89,1,35.89,1.7945,52.68,15.00,2/23/2025,16:52,Credit card,8.218383986
639-76-1242,C,Chennai,Normal,Male,Food and beverages,40.52,5,202.6,10.13,259.73,47.00,3/2/2025,15:19,Cash,4.681357966
234-03-4040,B,karur,Member,Female,Food and beverages,73.05,11,730.5,36.525,814.03,47.00,3/3/2025,12:25,Credit card,9.050625402
326-71-2155,C,Chennai,Normal,Female,Sports and travel,73.95,4,295.8,14.79,354.59,44.00,3/2/2025,10:02,Cash,6.345840799
320-32-8842,C,Chennai,Member,Female,Food and beverages,22.62,1,22.62,1.131,58.75,35.00,3/17/2025,18:58,Cash,6.65793133
470-32-9057,A,Trichy,Member,Male,Food and beverages,51.34,5,256.7,12.835,294.54,25.00,3/28/2025,15:31,Credit card,9.46674611
878-30-2331,C,Chennai,Member,Female,Sports and travel,54.55,11,545.5,27.275,595.78,23.00,2/3/2025,11:22,Credit card,7.386142569
440-59-5691,C,Chennai,Member,Female,Health and beauty,37.15,8,260.05,13.0025,294.05,21.00,8/2/2025,13:12,Credit card,8.010323632
554-53-3790,B,karur,Normal,Male,Sports and travel,37.02,6,222.12,11.106,257.23,24.00,3/22/2025,18:33,Cash,4.681357966
746-19-0921,C,Chennai,Normal,Male,Food and beverages,21.58,1,21.58,1.079,57.66,35.00,9/2/2025,10:02,Ewallet,7.490172746
233-34-0817,C,Chennai,Member,Female,Electronic accessories,98.84,1,98.84,4.942,121.78,18.00,2/15/2025,11:21,Cash,8.738534871
767-05-1286,C,Chennai,Member,Female,Home and lifestyle,83.77,6,502.62,25.131,544.75,17.00,1/23/2025,12:10,Ewallet,5.61762956
340-21-9136,A,Trichy,Member,Female,Sports and travel,40.05,4,160.2,8.01,179.21,11.00,1/25/2025,11:40,Cash,10
405-31-3305,A,Trichy,Member,Male,Fashion accessories,43.13,11,431.3,21.565,493.87,41.00,2/2/2025,18:31,Credit card,5.721659737
731-59-7531,B,karur,Member,Male,Health and beauty,72.57,9,580.56,29.028,633.59,24.00,3/30/2025,17:58,Cash,4.785388144
676-39-6028,A,Trichy,Member,Female,Electronic accessories,64.44,5,322.2,16.11,367.31,29.00,3/30/2025,17:04,Cash,6.865991684
502-05-1910,A,Trichy,Normal,Male,Health and beauty,65.18,3,195.54,9.777,220.32,15.00,2/25/2025,20:35,Credit card,6.553901153
485-30-8700,A,Trichy,Normal,Female,Sports and travel,33.26,5,166.3,8.315,204.62,30.00,3/18/2025,16:10,Credit card,4.369267435
598-47-9715,C,Chennai,Normal,Male,Electronic accessories,84.07,4,336.28,16.814,402.09,49.00,7/3/2025,16:54,Ewallet,4.577327789
701-69-8742,B,karur,Normal,Male,Sports and travel,34.37,11,343.7,17.185,379.89,19.00,3/16/2025,10:11,Ewallet,6.970021861
575-67-1508,A,Trichy,Normal,Male,Electronic accessories,38.6,1,38.6,1.93,84.53,44.00,1/29/2025,11:26,Ewallet,6.970021861
541-08-3113,C,Chennai,Normal,Male,Food and beverages,65.97,9,527.76,26.388,604.15,50.00,2/2/2025,20:29,Cash,8.738534871
246-11-3901,C,Chennai,Normal,Female,Electronic accessories,32.8,11,328,16.4,384.40,40.00,2/15/2025,12:12,Cash,6.449870976
674-15-9296,A,Trichy,Normal,Male,Sports and travel,37.14,5,185.7,9.285,230.99,36.00,8/1/2025,13:05,Ewallet,5.201508852
305-18-3552,B,karur,Member,Male,Home and lifestyle,60.38,11,603.8,30.19,660.99,27.00,12/2/2025,16:19,Cash,6.241810622
493-65-6248,C,Chennai,Member,Female,Sports and travel,36.98,11,369.8,18.49,421.29,33.00,1/1/2025,19:48,Credit card,7.282112392
438-01-4015,B,karur,Member,Female,Sports and travel,49.49,4,197.96,9.898,221.86,14.00,3/21/2025,15:25,Ewallet,6.865991684
709-58-4068,B,karur,Normal,Female,Fashion accessories,41.09,11,410.9,20.545,471.45,40.00,2/28/2025,14:42,Cash,7.594202923
795-49-7276,A,Trichy,Normal,Male,Fashion accessories,37.15,4,148.6,7.43,196.03,40.00,3/23/2025,18:59,Ewallet,8.634504694
556-72-8512,C,Chennai,Normal,Male,Home and lifestyle,22.96,1,22.96,1.148,42.11,18.00,1/30/2025,20:47,Cash,4.473297612
627-95-3243,B,karur,Member,Female,Home and lifestyle,77.68,10,699.12,34.956,770.08,36.00,4/2/2025,13:21,Ewallet,10
686-41-0932,B,karur,Normal,Female,Fashion accessories,34.7,2,69.4,3.47,91.87,19.00,3/13/2025,19:48,Ewallet,8.530474517
510-09-5628,A,Trichy,Member,Female,Fashion accessories,19.66,11,196.6,9.83,246.43,40.00,3/15/2025,18:20,Credit card,7.490172746
608-04-3797,B,karur,Member,Female,Health and beauty,25.32,9,202.56,10.128,247.69,35.00,5/3/2025,20:24,Ewallet,9.050625402
148-82-2527,C,Chennai,Member,Female,Home and lifestyle,12.12,11,121.2,6.06,144.26,17.00,5/3/2025,13:44,Credit card,8.738534871
437-53-3084,B,karur,Normal,Male,Fashion accessories,99.89,2,199.78,9.989,230.77,21.00,2/26/2025,11:48,Ewallet,7.386142569
632-32-4574,B,karur,Normal,Male,Sports and travel,75.92,9,607.36,30.368,656.73,19.00,3/20/2025,14:14,Cash,5.721659737
556-97-7101,C,Chennai,Normal,Female,Electronic accessories,63.22,2,126.44,6.322,153.76,21.00,1/1/2025,15:51,Cash,8.842565048
862-59-8517,C,Chennai,Normal,Female,Food and beverages,90.24,6,541.44,27.072,588.51,20.00,1/27/2025,11:17,Cash,6.449870976
401-18-8016,B,karur,Member,Female,Sports and travel,98.13,1,98.13,4.9065,120.04,17.00,1/21/2025,17:36,Cash,9.258685756
420-18-8989,A,Trichy,Member,Female,Sports and travel,51.52,9,412.16,20.608,471.77,39.00,2/2/2025,15:47,Cash,9.986896995
277-63-2961,B,karur,Member,Male,Sports and travel,73.97,1,73.97,3.6985,127.67,50.00,3/2/2025,15:53,Credit card,5.61762956
573-98-8548,C,Chennai,Member,Female,Fashion accessories,31.9,1,31.9,1.595,43.50,10.00,5/1/2025,12:40,Ewallet,9.46674611
620-02-2046,C,Chennai,Normal,Male,Home and lifestyle,69.4,2,138.8,6.94,172.74,27.00,1/27/2025,19:48,Ewallet,9.362715933
282-35-2475,B,karur,Normal,Female,Sports and travel,93.31,2,186.62,9.331,223.95,28.00,3/25/2025,17:53,Cash,6.553901153
511-54-3087,B,karur,Normal,Male,Sports and travel,88.45,1,88.45,4.4225,135.87,43.00,2/25/2025,16:36,Credit card,9.882866818
726-29-6793,A,Trichy,Member,Male,Electronic accessories,24.18,9,193.44,9.672,243.11,40.00,1/28/2025,20:54,Ewallet,10
387-49-4215,B,karur,Member,Female,Sports and travel,48.5,3,145.5,7.275,179.78,27.00,8/1/2025,12:50,Cash,6.970021861
862-17-9201,B,karur,Normal,Female,Food and beverages,84.05,6,504.3,25.215,553.52,24.00,1/29/2025,10:48,Credit card,8.010323632
291-21-5991,B,karur,Member,Male,Health and beauty,61.29,5,306.45,15.3225,338.77,17.00,3/29/2025,14:28,Cash,7.282112392
602-80-9671,C,Chennai,Member,Female,Home and lifestyle,15.95,6,95.7,4.785,110.49,10.00,9/2/2025,17:15,Credit card,5.305539029
347-72-6115,B,karur,Member,Female,Sports and travel,90.74,8,635.18,31.759,715.94,49.00,1/16/2025,18:03,Credit card,6.449870976
209-61-0206,A,Trichy,Normal,Female,Home and lifestyle,42.91,5,214.55,10.7275,266.28,41.00,5/1/2025,17:29,Ewallet,6.345840799
595-27-4851,A,Trichy,Normal,Female,Fashion accessories,54.28,8,379.96,18.998,444.96,46.00,1/27/2025,18:05,Ewallet,9.674806464
189-52-0236,A,Trichy,Normal,Male,Electronic accessories,99.55,8,696.85,34.8425,746.69,15.00,3/14/2025,12:07,Cash,7.906293455
503-07-0930,C,Chennai,Member,Male,Sports and travel,58.39,8,408.73,20.4365,464.17,35.00,2/23/2025,19:49,Credit card,8.530474517
413-20-6708,C,Chennai,Member,Female,Fashion accessories,51.47,1,51.47,2.5735,103.04,49.00,3/18/2025,15:52,Ewallet,8.842565048
425-85-2085,B,karur,Member,Male,Health and beauty,54.86,5,274.3,13.715,301.02,13.00,3/29/2025,16:48,Ewallet,10
521-18-7827,C,Chennai,Member,Male,Home and lifestyle,39.39,5,196.95,9.8475,232.80,26.00,1/22/2025,20:46,Credit card,9.050625402
220-28-1851,A,Trichy,Normal,Male,Home and lifestyle,34.73,2,69.46,3.473,119.93,47.00,1/3/2025,18:14,Ewallet,10
600-38-9738,C,Chennai,Member,Male,Sports and travel,71.92,5,359.6,17.98,396.58,19.00,1/17/2025,15:05,Credit card,4.473297612
734-91-1155,B,karur,Normal,Female,Electronic accessories,45.71,3,137.13,6.8565,175.99,32.00,3/26/2025,10:34,Credit card,8.010323632
451-28-5717,C,Chennai,Member,Female,Home and lifestyle,83.17,6,499.02,24.951,568.97,45.00,3/20/2025,11:23,Cash,7.594202923
609-81-8548,A,Trichy,Member,Female,Home and lifestyle,37.44,6,224.64,11.232,282.87,47.00,6/2/2025,13:55,Credit card,6.137780445
133-14-7229,C,Chennai,Normal,Male,Health and beauty,62.87,2,125.74,6.287,157.03,25.00,1/1/2025,11:43,Cash,5.201508852
534-01-4457,A,Trichy,Normal,Male,Food and beverages,81.71,6,490.26,24.513,535.77,21.00,1/27/2025,14:36,Credit card,8.322414163
719-89-8991,A,Trichy,Member,Female,Sports and travel,91.41,5,457.05,22.8525,521.90,42.00,2/25/2025,16:03,Ewallet,7.386142569
286-62-6248,B,karur,Normal,Male,Fashion accessories,39.21,4,156.84,7.842,202.68,38.00,1/16/2025,20:03,Credit card,9.362715933
339-38-9982,B,karur,Member,Male,Fashion accessories,59.86,2,119.72,5.986,138.71,13.00,1/13/2025,14:55,Ewallet,6.970021861
827-44-5872,B,karur,Member,Female,Food and beverages,54.36,11,543.6,27.18,620.78,50.00,7/2/2025,11:28,Credit card,6.345840799
827-77-7633,A,Trichy,Normal,Male,Sports and travel,98.09,10,882.81,44.1405,950.95,24.00,2/17/2025,19:41,Cash,9.674806464
287-83-1405,A,Trichy,Normal,Male,Health and beauty,25.43,6,152.58,7.629,208.21,48.00,12/2/2025,19:01,Ewallet,7.282112392
435-13-4908,A,Trichy,Member,Male,Fashion accessories,86.68,9,693.44,34.672,764.11,36.00,1/24/2025,18:04,Credit card,7.490172746
857-67-9057,B,karur,Normal,Male,Electronic accessories,22.95,11,229.5,11.475,260.98,20.00,6/2/2025,19:20,Ewallet,8.530474517
236-27-1144,C,Chennai,Normal,Female,Food and beverages,16.31,10,146.79,7.3395,191.13,37.00,3/26/2025,10:31,Ewallet,8.738534871
892-05-6689,A,Trichy,Normal,Female,Home and lifestyle,28.32,5,141.6,7.08,183.68,35.00,11/3/2025,13:28,Ewallet,6.449870976
583-41-4548,C,Chennai,Normal,Male,Home and lifestyle,16.67,8,116.69,5.8345,143.52,21.00,7/2/2025,11:36,Ewallet,7.6982331
339-12-4827,B,karur,Member,Female,Fashion accessories,73.96,1,73.96,3.698,127.66,50.00,5/1/2025,11:32,Credit card,5.201508852
643-38-7867,A,Trichy,Normal,Male,Home and lifestyle,97.94,1,97.94,4.897,139.84,37.00,7/3/2025,11:44,Ewallet,7.178082215
308-81-0538,A,Trichy,Normal,Female,Fashion accessories,73.05,4,292.2,14.61,340.81,34.00,2/25/2025,17:16,Credit card,5.097478675
358-88-9262,C,Chennai,Member,Female,Food and beverages,87.48,6,524.88,26.244,568.12,17.00,1/2/2025,18:43,Ewallet,5.305539029
460-35-4390,A,Trichy,Normal,Male,Home and lifestyle,30.68,3,92.04,4.602,136.64,40.00,1/22/2025,11:00,Ewallet,9.46674611
343-87-0864,C,Chennai,Member,Male,Health and beauty,75.88,1,75.88,3.794,113.67,34.00,3/1/2025,10:30,Credit card,7.386142569
173-50-1108,B,karur,Member,Female,Sports and travel,20.18,4,80.72,4.036,106.76,22.00,2/13/2025,12:14,Credit card,5.201508852
243-47-2663,C,Chennai,Member,Male,Electronic accessories,18.77,6,112.62,5.631,161.25,43.00,1/28/2025,16:43,Credit card,5.721659737
841-18-8232,B,karur,Normal,Female,Food and beverages,71.2,1,71.2,3.56,89.76,15.00,5/1/2025,20:40,Credit card,9.570776287
701-23-5550,B,karur,Member,Male,Home and lifestyle,38.81,4,155.24,7.762,205.00,42.00,3/19/2025,13:40,Ewallet,5.097478675
647-50-1224,A,Trichy,Normal,Female,Fashion accessories,29.42,11,294.2,14.71,349.91,41.00,12/1/2025,16:23,Ewallet,9.258685756
541-48-8554,A,Trichy,Normal,Male,Sports and travel,60.95,10,548.55,27.4275,620.98,45.00,7/1/2025,12:08,Credit card,6.241810622
539-21-7227,B,karur,Normal,Female,Sports and travel,51.54,5,257.7,12.885,309.59,39.00,1/26/2025,17:45,Cash,4.369267435
213-32-1216,A,Trichy,Normal,Female,Electronic accessories,66.06,6,396.36,19.818,433.18,17.00,1/23/2025,10:28,Cash,7.594202923
747-58-7183,B,karur,Normal,Male,Fashion accessories,57.27,3,171.81,8.5905,194.40,14.00,9/2/2025,20:31,Ewallet,6.761961507
582-52-8065,B,karur,Normal,Female,Fashion accessories,54.31,10,488.79,24.4395,558.23,45.00,2/22/2025,10:49,Cash,9.258685756
210-57-1719,B,karur,Normal,Female,Health and beauty,58.24,10,524.16,26.208,579.37,29.00,5/2/2025,12:34,Cash,10
399-69-4630,C,Chennai,Normal,Male,Electronic accessories,22.21,6,133.26,6.663,178.92,39.00,7/3/2025,10:23,Credit card,8.946595225
134-75-2619,A,Trichy,Member,Male,Electronic accessories,19.32,8,135.24,6.762,165.00,23.00,3/25/2025,18:51,Cash,7.178082215
356-44-8813,B,karur,Normal,Male,Home and lifestyle,37.48,3,112.44,5.622,165.06,47.00,1/20/2025,13:45,Credit card,8.010323632
198-66-9832,B,karur,Member,Female,Fashion accessories,72.04,2,144.08,7.204,196.28,45.00,4/2/2025,19:38,Cash,9.882866818
283-26-5248,C,Chennai,Member,Female,Food and beverages,98.52,11,985.2,49.26,1077.46,43.00,1/30/2025,20:23,Ewallet,4.681357966
712-39-0363,A,Trichy,Member,Male,Food and beverages,41.66,6,249.96,12.498,288.46,26.00,2/1/2025,15:24,Ewallet,5.825689914
218-59-9410,A,Trichy,Member,Female,Home and lifestyle,72.42,3,217.26,10.863,247.12,19.00,3/29/2025,16:54,Ewallet,8.530474517
174-75-0888,B,karur,Normal,Male,Electronic accessories,21.58,10,194.22,9.711,253.93,50.00,3/14/2025,12:32,Cash,7.594202923
866-99-7614,C,Chennai,Normal,Male,Food and beverages,89.2,11,892,44.6,977.60,41.00,11/2/2025,15:42,Credit card,4.577327789
134-54-4720,B,karur,Normal,Female,Electronic accessories,42.42,9,339.36,16.968,368.33,12.00,1/30/2025,13:58,Ewallet,5.929720091
760-90-2357,A,Trichy,Member,Male,Electronic accessories,74.51,6,447.06,22.353,483.41,14.00,3/20/2025,15:08,Ewallet,5.201508852
514-37-2845,B,karur,Normal,Male,Fashion accessories,99.25,2,198.5,9.925,255.43,47.00,3/20/2025,13:02,Cash,9.362715933
698-98-5964,A,Trichy,Normal,Female,Food and beverages,81.21,11,812.1,40.605,893.71,41.00,1/17/2025,13:01,Credit card,6.553901153
718-57-9773,C,Chennai,Normal,Female,Sports and travel,49.33,11,493.3,24.665,531.97,14.00,3/2/2025,16:40,Credit card,9.778836641
651-88-7328,A,Trichy,Normal,Female,Fashion accessories,65.74,10,591.66,29.583,665.24,44.00,1/1/2025,13:55,Cash,8.010323632
241-11-2261,B,karur,Normal,Female,Fashion accessories,79.86,8,559.02,27.951,600.97,14.00,10/1/2025,10:33,Credit card,5.721659737
408-26-9866,C,Chennai,Normal,Female,Sports and travel,73.98,8,517.86,25.893,592.75,49.00,2/3/2025,16:42,Ewallet,4.265237258
834-83-1826,B,karur,Member,Female,Home and lifestyle,82.04,5,410.2,20.51,460.71,30.00,2/25/2025,17:16,Credit card,7.906293455
343-61-3544,B,karur,Member,Male,Sports and travel,26.67,11,266.7,13.335,313.04,33.00,1/29/2025,11:48,Cash,8.946595225
239-48-4278,A,Trichy,Member,Male,Food and beverages,10.13,8,70.91,3.5455,118.46,44.00,10/3/2025,19:35,Ewallet,8.634504694
355-34-6244,B,karur,Normal,Male,Food and beverages,72.39,2,144.78,7.239,195.02,43.00,1/13/2025,19:55,Credit card,8.42644434
550-84-8664,A,Trichy,Normal,Male,Sports and travel,85.91,5,429.55,21.4775,500.03,49.00,3/22/2025,14:33,Credit card,8.946595225
339-96-8318,B,karur,Member,Male,Fashion accessories,81.31,8,569.17,28.4585,619.63,22.00,1/3/2025,19:49,Ewallet,6.553901153
458-61-0011,B,karur,Normal,Male,Food and beverages,60.3,4,241.2,12.06,266.26,13.00,2/20/2025,18:43,Cash,6.033750268
592-34-6155,C,Chennai,Normal,Male,Food and beverages,31.77,4,127.08,6.354,164.43,31.00,1/14/2025,14:43,Ewallet,6.449870976
797-88-0493,A,Trichy,Normal,Female,Health and beauty,64.27,4,257.08,12.854,282.93,13.00,3/26/2025,13:54,Cash,8.010323632
207-73-1363,B,karur,Normal,Male,Health and beauty,69.51,2,139.02,6.951,190.97,45.00,1/3/2025,12:15,Ewallet,8.42644434
390-31-6381,C,Chennai,Normal,Male,Food and beverages,27.22,3,81.66,4.083,96.74,11.00,7/1/2025,12:37,Cash,7.594202923
443-82-0585,A,Trichy,Member,Female,Health and beauty,77.68,4,310.72,15.536,363.26,37.00,1/2/2025,19:54,Cash,8.738534871
339-18-7061,C,Chennai,Member,Female,Fashion accessories,92.98,2,185.96,9.298,221.26,26.00,2/13/2025,15:06,Credit card,8.322414163
359-90-3665,B,karur,Member,Female,Fashion accessories,18.08,4,72.32,3.616,89.94,14.00,1/14/2025,18:03,Credit card,9.882866818
375-72-3056,B,karur,Normal,Male,Sports and travel,63.06,3,189.18,9.459,227.64,29.00,1/19/2025,15:58,Ewallet,7.282112392
127-47-6963,A,Trichy,Normal,Male,Health and beauty,51.71,4,206.84,10.342,256.18,39.00,9/3/2025,13:53,Credit card,10
278-86-2735,A,Trichy,Normal,Female,Food and beverages,52.34,3,157.02,7.851,200.87,36.00,3/27/2025,14:03,Cash,9.570776287
695-28-6250,A,Trichy,Normal,Female,Sports and travel,43.06,5,215.3,10.765,260.07,34.00,4/2/2025,16:38,Ewallet,8.010323632
379-17-6588,C,Chennai,Normal,Male,Fashion accessories,59.61,11,596.1,29.805,655.91,30.00,3/14/2025,11:07,Cash,5.513599383
227-50-3718,A,Trichy,Normal,Male,Health and beauty,14.62,5,73.1,3.655,109.76,33.00,4/3/2025,12:23,Cash,4.577327789
302-15-2162,C,Chennai,Member,Male,Health and beauty,46.53,6,279.18,13.959,307.14,14.00,3/3/2025,10:54,Credit card,4.473297612
788-07-8452,C,Chennai,Member,Female,Home and lifestyle,24.24,8,169.68,8.484,227.16,49.00,1/27/2025,17:38,Ewallet,9.778836641
560-49-6611,A,Trichy,Member,Female,Sports and travel,45.58,1,45.58,2.279,67.86,20.00,7/2/2025,14:13,Cash,10
880-35-0356,A,Trichy,Member,Female,Sports and travel,75.2,3,225.6,11.28,269.88,33.00,5/2/2025,11:51,Ewallet,4.993448498
585-11-6748,B,karur,Member,Male,Sports and travel,96.8,3,290.4,14.52,344.92,40.00,3/15/2025,13:05,Cash,5.513599383
470-31-3286,B,karur,Normal,Male,Health and beauty,14.82,3,44.46,2.223,78.68,32.00,1/3/2025,11:30,Credit card,9.050625402
152-68-2907,A,Trichy,Normal,Male,Food and beverages,52.2,3,156.6,7.83,174.43,10.00,2/15/2025,13:30,Credit card,9.882866818
123-35-4896,C,Chennai,Normal,Female,Sports and travel,46.66,10,419.94,20.997,472.94,32.00,2/17/2025,19:11,Ewallet,5.513599383
258-69-7810,C,Chennai,Normal,Female,Fashion accessories,36.85,5,184.25,9.2125,231.46,38.00,1/26/2025,18:53,Cash,9.570776287
334-64-2006,A,Trichy,Member,Female,Home and lifestyle,70.32,2,140.64,7.032,176.67,29.00,3/24/2025,14:22,Ewallet,9.986896995
219-61-4139,C,Chennai,Normal,Male,Electronic accessories,83.08,1,83.08,4.154,110.23,23.00,1/23/2025,17:16,Ewallet,6.65793133
881-41-7302,C,Chennai,Normal,Female,Fashion accessories,64.99,1,64.99,3.2495,100.24,32.00,1/26/2025,10:06,Credit card,4.681357966
373-09-4567,C,Chennai,Normal,Male,Food and beverages,77.56,11,775.6,38.78,840.38,26.00,3/14/2025,20:35,Ewallet,7.178082215
642-30-6693,B,karur,Normal,Female,Sports and travel,54.51,6,327.06,16.353,386.41,43.00,3/17/2025,13:54,Ewallet,8.114353809
484-22-8230,C,Chennai,Member,Female,Fashion accessories,51.89,8,363.23,18.1615,414.39,33.00,8/1/2025,20:08,Cash,4.681357966
830-58-2383,B,karur,Normal,Male,Home and lifestyle,31.75,4,127,6.35,162.35,29.00,8/2/2025,15:26,Cash,8.946595225
559-98-9873,A,Trichy,Member,Female,Fashion accessories,53.65,8,375.55,18.7775,409.33,15.00,10/2/2025,12:56,Ewallet,5.409569206
544-32-5024,C,Chennai,Member,Female,Food and beverages,49.79,4,199.16,9.958,219.12,10.00,3/28/2025,19:16,Credit card,6.65793133
318-12-0304,A,Trichy,Normal,Male,Fashion accessories,30.61,1,30.61,1.5305,52.14,20.00,1/23/2025,12:20,Ewallet,5.409569206
349-97-8902,B,karur,Member,Male,Food and beverages,57.89,2,115.78,5.789,163.57,42.00,1/17/2025,10:37,Ewallet,9.258685756
421-95-9805,A,Trichy,Normal,Female,Electronic accessories,28.96,1,28.96,1.448,44.41,14.00,7/2/2025,10:18,Credit card,6.449870976
277-35-5865,C,Chennai,Member,Female,Food and beverages,98.97,10,890.73,44.5365,981.27,46.00,9/3/2025,11:23,Cash,6.970021861
789-23-8625,B,karur,Member,Male,Fashion accessories,93.22,3,279.66,13.983,343.64,50.00,1/24/2025,11:45,Cash,7.490172746
284-54-4231,C,Chennai,Member,Male,Sports and travel,80.93,1,80.93,4.0465,110.98,26.00,1/19/2025,16:08,Credit card,9.362715933
443-59-0061,A,Trichy,Member,Male,Food and beverages,67.45,11,674.5,33.725,746.23,38.00,3/2/2025,11:25,Ewallet,4.369267435
509-29-3912,A,Trichy,Member,Female,Sports and travel,38.72,10,348.48,17.424,395.90,30.00,3/20/2025,12:24,Ewallet,4.369267435
327-40-9673,B,karur,Member,Male,Sports and travel,72.6,6,435.6,21.78,500.38,43.00,1/13/2025,19:51,Cash,7.178082215
840-19-2096,C,Chennai,Member,Male,Electronic accessories,87.91,5,439.55,21.9775,472.53,11.00,3/14/2025,18:10,Ewallet,4.577327789
828-46-6863,A,Trichy,Member,Male,Food and beverages,98.53,6,591.18,29.559,650.74,30.00,1/23/2025,11:22,Credit card,4.161207081
641-96-3695,C,Chennai,Member,Female,Fashion accessories,43.46,6,260.76,13.038,307.80,34.00,7/2/2025,17:55,Ewallet,8.842565048
420-97-3340,A,Trichy,Normal,Female,Food and beverages,71.68,3,215.04,10.752,267.79,42.00,3/28/2025,15:30,Credit card,9.570776287
436-54-4512,A,Trichy,Member,Female,Food and beverages,91.61,1,91.61,4.5805,115.19,19.00,3/20/2025,19:44,Cash,10
670-79-6321,B,karur,Member,Female,Home and lifestyle,94.59,8,662.13,33.1065,707.24,12.00,1/17/2025,15:27,Credit card,5.097478675
852-62-7105,B,karur,Normal,Female,Fashion accessories,83.25,11,832.5,41.625,890.13,16.00,12/1/2025,11:25,Credit card,4.577327789
598-06-7312,B,karur,Member,Male,Fashion accessories,91.35,1,91.35,4.5675,111.92,16.00,2/16/2025,15:42,Cash,7.074052038
135-13-8269,B,karur,Member,Female,Food and beverages,78.88,2,157.76,7.888,184.65,19.00,1/26/2025,16:04,Cash,9.46674611
816-57-2053,A,Trichy,Normal,Male,Sports and travel,60.87,2,121.74,6.087,161.83,34.00,9/3/2025,12:37,Ewallet,9.050625402
628-90-8624,B,karur,Member,Male,Health and beauty,82.58,11,825.8,41.29,903.09,36.00,3/14/2025,14:41,Cash,5.201508852
856-66-2701,A,Trichy,Member,Male,Home and lifestyle,53.3,3,159.9,7.995,207.90,40.00,1/25/2025,14:19,Ewallet,7.802263277
308-39-1707,A,Trichy,Normal,Female,Fashion accessories,12.09,1,12.09,0.6045,49.69,37.00,1/26/2025,18:19,Credit card,8.530474517
149-61-1929,A,Trichy,Normal,Male,Sports and travel,64.19,11,641.9,32.095,700.00,26.00,1/19/2025,14:08,Credit card,6.970021861
655-07-2265,A,Trichy,Normal,Male,Electronic accessories,78.31,3,234.93,11.7465,261.68,15.00,5/3/2025,16:38,Ewallet,5.61762956
589-02-8023,A,Trichy,Member,Male,Food and beverages,83.77,2,167.54,8.377,219.92,44.00,1/15/2025,10:54,Credit card,7.282112392
420-04-7590,B,karur,Normal,Male,Home and lifestyle,99.7,3,299.1,14.955,345.06,31.00,3/18/2025,11:29,Ewallet,4.889418321
182-88-2763,B,karur,Member,Male,Food and beverages,79.91,3,239.73,11.9865,273.72,22.00,3/20/2025,19:28,Credit card,5.201508852
188-55-0967,B,karur,Member,Male,Health and beauty,66.47,11,664.7,33.235,734.94,37.00,1/15/2025,15:01,Credit card,5.201508852
610-46-4100,A,Trichy,Normal,Male,Health and beauty,28.95,8,202.65,10.1325,237.78,25.00,3/3/2025,20:31,Credit card,6.241810622
318-81-2368,C,Chennai,Normal,Female,Electronic accessories,46.2,1,46.2,2.31,88.51,40.00,3/19/2025,12:16,Cash,6.553901153
364-33-8584,B,karur,Member,Female,Food and beverages,17.63,5,88.15,4.4075,141.56,49.00,8/3/2025,15:27,Cash,8.842565048
665-63-9737,B,karur,Normal,Male,Fashion accessories,52.42,3,157.26,7.863,184.12,19.00,2/27/2025,17:36,Ewallet,7.802263277
695-09-5146,B,karur,Member,Female,Food and beverages,98.79,3,296.37,14.8185,354.19,43.00,2/23/2025,20:00,Ewallet,6.65793133
155-45-3814,C,Chennai,Member,Female,Electronic accessories,88.55,9,708.4,35.42,784.82,41.00,3/19/2025,15:29,Ewallet,4.889418321
794-32-2436,B,karur,Member,Male,Electronic accessories,55.67,2,111.34,5.567,150.91,34.00,3/27/2025,15:08,Ewallet,6.241810622
131-15-8856,C,Chennai,Member,Female,Food and beverages,72.52,9,580.16,29.008,639.17,30.00,3/30/2025,19:26,Credit card,4.161207081
273-84-2164,C,Chennai,Member,Male,Electronic accessories,12.05,5,60.25,3.0125,111.26,48.00,2/16/2025,15:53,Ewallet,5.721659737
706-36-6154,A,Trichy,Member,Male,Home and lifestyle,19.36,10,174.24,8.712,198.95,16.00,1/18/2025,18:43,Ewallet,9.050625402
778-89-7974,C,Chennai,Normal,Male,Health and beauty,70.21,6,421.26,21.063,484.32,42.00,3/30/2025,14:58,Cash,7.6982331
574-31-8277,B,karur,Member,Male,Fashion accessories,33.63,1,33.63,1.6815,76.31,41.00,3/20/2025,19:55,Cash,5.825689914
859-71-0933,C,Chennai,Member,Female,Sports and travel,15.49,2,30.98,1.549,47.53,15.00,1/16/2025,15:10,Cash,6.553901153
740-11-5257,C,Chennai,Normal,Male,Electronic accessories,24.74,11,247.4,12.37,298.77,39.00,2/24/2025,16:44,Cash,7.386142569
369-82-2676,B,karur,Normal,Male,Electronic accessories,75.66,5,378.3,18.915,428.22,31.00,1/15/2025,18:22,Ewallet,8.114353809
563-47-4072,B,karur,Normal,Female,Health and beauty,55.81,6,334.86,16.743,371.60,20.00,1/22/2025,11:52,Cash,10
742-04-5161,A,Trichy,Member,Male,Home and lifestyle,72.78,11,727.8,36.39,805.19,41.00,3/2/2025,17:24,Cash,7.594202923
149-15-7606,B,karur,Member,Male,Sports and travel,37.32,10,335.88,16.794,399.67,47.00,6/3/2025,15:31,Ewallet,5.305539029
133-77-3154,B,karur,Member,Male,Fashion accessories,60.18,4,240.72,12.036,302.76,50.00,2/16/2025,18:04,Credit card,9.778836641
169-52-4504,A,Trichy,Normal,Female,Electronic accessories,15.69,3,47.07,2.3535,80.42,31.00,3/14/2025,14:13,Credit card,6.033750268
250-81-7186,C,Chennai,Normal,Female,Electronic accessories,99.69,1,99.69,4.9845,133.67,29.00,2/27/2025,10:23,Credit card,8.322414163
562-12-5430,A,Trichy,Member,Female,Fashion accessories,88.15,3,264.45,13.2225,295.67,18.00,1/18/2025,10:11,Ewallet,8.218383986
816-72-8853,A,Trichy,Member,Female,Sports and travel,27.93,5,139.65,6.9825,179.63,33.00,1/29/2025,15:48,Cash,6.137780445
491-38-3499,A,Trichy,Member,Male,Fashion accessories,55.45,1,55.45,2.7725,107.22,49.00,2/26/2025,17:46,Credit card,5.097478675
322-02-2271,B,karur,Normal,Female,Sports and travel,42.97,3,128.91,6.4455,180.36,45.00,3/2/2025,11:46,Cash,9.674806464
842-29-4695,C,Chennai,Member,Male,Sports and travel,17.14,8,119.98,5.999,156.98,31.00,1/16/2025,12:07,Credit card,8.218383986
725-67-2480,B,karur,Member,Female,Fashion accessories,58.75,6,352.5,17.625,383.13,13.00,3/24/2025,18:14,Credit card,6.137780445
641-51-2661,C,Chennai,Member,Female,Food and beverages,87.1,11,871,43.55,952.55,38.00,12/2/2025,14:45,Credit card,10
714-02-3114,C,Chennai,Normal,Female,Sports and travel,98.8,2,197.6,9.88,250.48,43.00,2/21/2025,11:39,Cash,8.010323632
518-17-2983,A,Trichy,Normal,Female,Fashion accessories,48.63,4,194.52,9.726,227.25,23.00,4/2/2025,15:44,Ewallet,7.906293455
779-42-2410,B,karur,Member,Male,Food and beverages,57.74,3,173.22,8.661,198.88,17.00,2/20/2025,13:06,Ewallet,8.010323632
190-14-3147,B,karur,Normal,Female,Health and beauty,17.97,4,71.88,3.594,114.47,39.00,2/23/2025,20:43,Ewallet,6.65793133
408-66-6712,C,Chennai,Member,Female,Health and beauty,47.71,6,286.26,14.313,316.57,16.00,2/16/2025,14:19,Ewallet,4.577327789
679-22-6530,B,karur,Normal,Female,Sports and travel,40.62,2,81.24,4.062,124.30,39.00,1/17/2025,10:01,Credit card,4.265237258
588-47-8641,A,Trichy,Member,Male,Fashion accessories,56.04,11,560.4,28.02,625.42,37.00,1/14/2025,19:30,Ewallet,4.577327789
642-61-4706,B,karur,Member,Male,Food and beverages,93.4,2,186.8,9.34,214.14,18.00,3/30/2025,16:34,Cash,5.721659737
576-31-4774,B,karur,Normal,Female,Health and beauty,73.41,3,220.23,11.0115,258.24,27.00,2/3/2025,13:10,Ewallet,4.161207081
556-41-6224,C,Chennai,Normal,Male,Health and beauty,33.64,9,269.12,13.456,308.58,26.00,2/15/2025,17:10,Credit card,9.674806464
811-03-8790,A,Trichy,Normal,Female,Electronic accessories,45.48,11,454.8,22.74,487.54,10.00,1/3/2025,10:22,Credit card,4.993448498
242-11-3142,B,karur,Member,Male,Fashion accessories,83.77,2,167.54,8.377,223.92,48.00,2/24/2025,19:57,Cash,4.785388144
752-23-3760,B,karur,Member,Female,Sports and travel,64.08,8,448.56,22.428,516.99,46.00,2/19/2025,19:29,Credit card,7.594202923
274-05-5470,A,Trichy,Member,Female,Food and beverages,73.47,4,293.88,14.694,319.57,11.00,2/23/2025,18:30,Cash,6.241810622
648-94-3045,C,Chennai,Normal,Male,Health and beauty,58.95,11,589.5,29.475,645.98,27.00,7/2/2025,14:27,Ewallet,8.42644434
130-67-4723,A,Trichy,Member,Male,Food and beverages,48.5,6,291,14.55,325.55,20.00,11/1/2025,13:57,Ewallet,9.778836641
528-87-5606,B,karur,Member,Female,Electronic accessories,39.48,1,39.48,1.974,58.45,17.00,12/2/2025,19:43,Cash,6.761961507
320-85-2052,B,karur,Normal,Female,Sports and travel,34.81,1,34.81,1.7405,71.55,35.00,1/14/2025,10:11,Credit card,7.282112392
370-96-0655,C,Chennai,Normal,Female,Fashion accessories,49.32,6,295.92,14.796,342.72,32.00,9/1/2025,13:46,Ewallet,7.386142569
105-10-6182,A,Trichy,Member,Male,Fashion accessories,21.48,2,42.96,2.148,60.11,15.00,2/27/2025,12:22,Ewallet,6.865991684
510-79-0415,B,karur,Member,Female,Sports and travel,23.08,6,138.48,6.924,159.40,14.00,1/24/2025,19:20,Ewallet,5.097478675
241-96-5076,B,karur,Member,Female,Home and lifestyle,49.1,2,98.2,4.91,133.11,30.00,8/1/2025,12:58,Credit card,6.65793133
767-97-4650,B,karur,Member,Female,Sports and travel,64.83,2,129.66,6.483,160.14,24.00,8/1/2025,11:59,Credit card,8.322414163
648-83-1321,A,Trichy,Member,Male,Home and lifestyle,63.56,11,635.6,31.78,703.38,36.00,1/16/2025,17:59,Cash,4.473297612
173-57-2300,C,Chennai,Member,Male,Sports and travel,72.88,2,145.76,7.288,178.05,25.00,3/13/2025,12:51,Cash,6.345840799
305-03-2383,A,Trichy,Normal,Female,Food and beverages,67.1,3,201.3,10.065,252.37,41.00,2/15/2025,10:36,Cash,7.802263277
394-55-6384,C,Chennai,Member,Female,Sports and travel,70.19,10,631.71,31.5855,696.30,33.00,1/25/2025,13:38,Cash,6.970021861
266-20-6657,C,Chennai,Member,Male,Food and beverages,55.04,8,385.28,19.264,421.54,17.00,12/3/2025,19:39,Ewallet,5.409569206
689-05-1884,A,Trichy,Member,Male,Health and beauty,48.63,11,486.3,24.315,529.62,19.00,4/3/2025,12:44,Cash,9.154655579
196-01-2849,C,Chennai,Member,Female,Fashion accessories,73.38,8,513.66,25.683,569.34,30.00,10/2/2025,13:56,Cash,9.882866818
372-62-5264,C,Chennai,Normal,Female,Food and beverages,52.6,10,473.4,23.67,509.07,12.00,1/16/2025,14:42,Cash,7.906293455
800-09-8606,A,Trichy,Member,Female,Home and lifestyle,87.37,5,436.85,21.8425,480.69,22.00,1/29/2025,19:45,Cash,6.865991684
182-52-7000,A,Trichy,Member,Female,Sports and travel,27.04,4,108.16,5.408,124.57,11.00,1/1/2025,20:26,Ewallet,7.178082215
826-58-8051,B,karur,Normal,Male,Home and lifestyle,62.19,4,248.76,12.438,300.20,39.00,6/1/2025,19:46,Ewallet,4.473297612
868-06-0466,A,Trichy,Member,Male,Electronic accessories,69.58,10,626.22,31.311,703.53,46.00,2/19/2025,19:38,Credit card,8.114353809
751-41-9720,C,Chennai,Normal,Male,Home and lifestyle,97.5,11,975,48.75,1059.75,36.00,12/1/2025,16:18,Ewallet,8.322414163
626-43-7888,C,Chennai,Normal,Female,Fashion accessories,60.41,9,483.28,24.164,556.44,49.00,7/2/2025,12:23,Ewallet,9.986896995
176-64-7711,B,karur,Normal,Male,Food and beverages,32.32,3,96.96,4.848,145.81,44.00,3/27/2025,19:11,Credit card,4.473297612
191-29-0321,B,karur,Member,Female,Fashion accessories,19.77,11,197.7,9.885,233.59,26.00,2/27/2025,18:57,Credit card,5.201508852
729-06-2010,B,karur,Member,Male,Health and beauty,80.47,10,724.23,36.2115,800.44,40.00,6/1/2025,11:18,Cash,9.570776287
640-48-5028,B,karur,Member,Female,Home and lifestyle,88.39,10,795.51,39.7755,863.29,28.00,2/3/2025,12:40,Cash,6.553901153
186-79-9562,B,karur,Normal,Male,Health and beauty,71.77,8,502.39,25.1195,555.51,28.00,3/29/2025,14:06,Cash,9.258685756
834-45-5519,B,karur,Normal,Female,Electronic accessories,43,4,172,8.6,200.60,20.00,1/31/2025,20:48,Ewallet,7.906293455
162-65-8559,C,Chennai,Member,Male,Food and beverages,68.98,1,68.98,3.449,95.43,23.00,1/21/2025,20:13,Cash,4.993448498
760-27-5490,C,Chennai,Normal,Male,Fashion accessories,15.62,9,124.96,6.248,174.21,43.00,1/20/2025,20:37,Ewallet,9.46674611
445-30-9252,A,Trichy,Normal,Male,Sports and travel,25.7,3,77.1,3.855,116.96,36.00,1/17/2025,17:59,Ewallet,6.345840799
786-94-2700,A,Trichy,Member,Male,Food and beverages,80.62,6,483.72,24.186,519.91,12.00,2/28/2025,20:18,Cash,9.46674611
728-88-7867,C,Chennai,Member,Female,Home and lifestyle,75.53,4,302.12,15.106,362.23,45.00,3/19/2025,15:52,Ewallet,8.634504694
183-21-3799,C,Chennai,Normal,Female,Electronic accessories,77.63,10,698.67,34.9335,773.60,40.00,2/19/2025,15:14,Ewallet,7.490172746
268-20-3585,C,Chennai,Normal,Female,Health and beauty,13.85,10,124.65,6.2325,177.88,47.00,4/2/2025,12:50,Ewallet,6.241810622
735-32-9839,C,Chennai,Member,Male,Fashion accessories,98.7,9,789.6,39.48,877.08,48.00,1/31/2025,10:36,Ewallet,8.842565048
258-92-7466,A,Trichy,Normal,Female,Health and beauty,35.68,5,178.4,8.92,235.32,48.00,6/2/2025,18:33,Credit card,6.865991684
857-16-3520,A,Trichy,Member,Female,Fashion accessories,71.46,8,500.22,25.011,542.23,17.00,3/28/2025,16:06,Ewallet,4.681357966
482-17-1179,A,Trichy,Member,Male,Electronic accessories,11.94,3,35.82,1.791,65.61,28.00,1/19/2025,12:47,Credit card,8.42644434
788-21-5741,A,Trichy,Normal,Male,Fashion accessories,45.38,3,136.14,6.807,188.95,46.00,2/17/2025,13:34,Credit card,7.490172746
821-14-9046,B,karur,Member,Female,Fashion accessories,17.48,6,104.88,5.244,135.12,25.00,1/18/2025,15:04,Credit card,6.345840799
418-05-0656,B,karur,Normal,Female,Fashion accessories,25.56,8,178.92,8.946,205.87,18.00,2/2/2025,20:42,Cash,7.386142569
678-79-0726,C,Chennai,Member,Female,Sports and travel,90.63,10,815.67,40.7835,888.45,32.00,1/18/2025,15:28,Cash,5.305539029
776-68-1096,B,karur,Normal,Male,Home and lifestyle,44.12,3,132.36,6.618,177.98,39.00,3/18/2025,13:45,Credit card,8.218383986
592-46-1692,C,Chennai,Member,Female,Food and beverages,36.77,8,257.39,12.8695,302.26,32.00,11/1/2025,20:10,Cash,7.6982331
434-35-9162,B,karur,Member,Male,Food and beverages,23.34,4,93.36,4.668,113.03,15.00,4/2/2025,18:53,Ewallet,7.6982331
149-14-0304,C,Chennai,Member,Female,Health and beauty,28.5,9,228,11.4,255.40,16.00,6/2/2025,14:24,Cash,6.865991684
442-44-6497,C,Chennai,Member,Male,Home and lifestyle,55.57,3,166.71,8.3355,197.05,22.00,8/1/2025,11:42,Credit card,6.137780445
174-64-0215,B,karur,Normal,Male,Sports and travel,69.74,11,697.4,34.87,765.27,33.00,5/3/2025,17:49,Credit card,9.258685756
210-74-9613,C,Chennai,Normal,Male,Fashion accessories,97.26,4,389.04,19.452,437.49,29.00,3/16/2025,15:33,Ewallet,7.074052038
299-29-0180,B,karur,Member,Female,Home and lifestyle,52.18,8,365.26,18.263,396.52,13.00,9/3/2025,10:54,Cash,9.674806464
247-11-2470,A,Trichy,Member,Female,Fashion accessories,22.32,4,89.28,4.464,131.74,38.00,1/3/2025,16:23,Credit card,4.577327789
635-28-5728,A,Trichy,Normal,Male,Health and beauty,56,3,168,8.4,224.40,48.00,2/28/2025,19:33,Ewallet,4.993448498
756-49-0168,A,Trichy,Member,Male,Fashion accessories,19.7,1,19.7,0.985,49.69,29.00,8/2/2025,11:39,Ewallet,9.882866818
438-23-1242,B,karur,Normal,Male,Electronic accessories,75.88,8,531.16,26.558,571.72,14.00,1/24/2025,10:38,Ewallet,9.258685756
238-45-6950,B,karur,Member,Male,Food and beverages,53.72,1,53.72,2.686,90.41,34.00,1/3/2025,20:03,Ewallet,6.65793133
607-65-2441,C,Chennai,Member,Male,Health and beauty,81.95,11,819.5,40.975,876.48,16.00,10/3/2025,12:39,Credit card,6.241810622
386-27-7606,C,Chennai,Member,Female,Home and lifestyle,81.2,8,568.4,28.42,623.82,27.00,3/23/2025,15:59,Credit card,8.42644434
137-63-5492,C,Chennai,Normal,Male,Electronic accessories,58.76,11,587.6,29.38,640.98,24.00,1/29/2025,14:26,Ewallet,9.362715933
197-77-7132,B,karur,Member,Male,Electronic accessories,91.56,9,732.48,36.624,814.10,45.00,12/1/2025,18:22,Ewallet,6.241810622
805-86-0265,A,Trichy,Normal,Male,Home and lifestyle,93.96,10,845.64,42.282,900.92,13.00,3/20/2025,11:32,Cash,10
733-29-1227,C,Chennai,Normal,Male,Home and lifestyle,55.61,8,389.27,19.4635,445.73,37.00,3/23/2025,12:41,Cash,8.842565048
451-73-2711,C,Chennai,Normal,Male,Food and beverages,84.83,1,84.83,4.2415,109.07,20.00,1/14/2025,15:20,Ewallet,9.154655579
373-14-0504,A,Trichy,Member,Female,Sports and travel,71.63,2,143.26,7.163,186.42,36.00,12/2/2025,14:33,Ewallet,9.154655579
546-80-2899,A,Trichy,Member,Male,Home and lifestyle,37.69,2,75.38,3.769,103.15,24.00,2/20/2025,15:29,Ewallet,9.882866818
345-68-9016,C,Chennai,Member,Female,Sports and travel,31.67,9,253.36,12.668,287.03,21.00,2/1/2025,16:19,Credit card,5.825689914
390-17-5806,C,Chennai,Member,Female,Food and beverages,38.42,1,38.42,1.921,88.34,48.00,2/2/2025,16:33,Cash,8.946595225
457-13-1708,B,karur,Member,Male,Fashion accessories,65.23,11,652.3,32.615,698.92,14.00,8/1/2025,19:07,Credit card,5.409569206
664-14-2882,C,Chennai,Member,Female,Home and lifestyle,10.53,5,52.65,2.6325,97.28,42.00,1/30/2025,14:43,Credit card,6.033750268
487-79-6868,B,karur,Member,Female,Home and lifestyle,12.29,10,110.61,5.5305,147.14,31.00,3/26/2025,19:28,Credit card,8.322414163
314-23-4520,C,Chennai,Member,Male,Health and beauty,81.23,8,568.61,28.4305,635.04,38.00,1/15/2025,20:44,Cash,9.362715933
210-30-7976,B,karur,Member,Female,Fashion accessories,22.32,4,89.28,4.464,122.74,29.00,3/14/2025,11:16,Ewallet,4.265237258
585-86-8361,A,Trichy,Normal,Female,Food and beverages,27.28,5,136.4,6.82,191.22,48.00,3/2/2025,10:31,Credit card,8.946595225
807-14-7833,A,Trichy,Member,Female,Electronic accessories,17.42,11,174.2,8.71,204.91,22.00,2/22/2025,12:30,Ewallet,7.282112392
775-72-1988,B,karur,Normal,Male,Home and lifestyle,73.28,5,366.4,18.32,433.72,49.00,1/24/2025,15:05,Ewallet,8.738534871
288-38-3758,C,Chennai,Member,Female,Fashion accessories,84.87,3,254.61,12.7305,281.34,14.00,1/25/2025,18:30,Ewallet,7.6982331
652-43-6591,A,Trichy,Normal,Female,Fashion accessories,97.29,9,778.32,38.916,859.24,42.00,9/3/2025,13:18,Credit card,6.449870976
785-96-0615,B,karur,Member,Female,Electronic accessories,35.74,9,285.92,14.296,319.22,19.00,2/17/2025,15:28,Ewallet,5.097478675
406-46-7107,A,Trichy,Normal,Female,Home and lifestyle,96.52,6,579.12,28.956,633.08,25.00,11/1/2025,11:52,Cash,4.681357966
250-17-5703,A,Trichy,Member,Male,Food and beverages,18.85,11,188.5,9.425,211.93,14.00,2/27/2025,18:24,Ewallet,5.825689914
156-95-3964,A,Trichy,Normal,Female,Food and beverages,55.39,4,221.56,11.078,248.64,16.00,3/25/2025,15:19,Ewallet,8.322414163
842-40-8179,B,karur,Member,Female,Food and beverages,77.2,11,772,38.6,837.60,27.00,11/2/2025,10:38,Credit card,5.825689914
525-09-8450,B,karur,Normal,Male,Electronic accessories,72.13,11,721.3,36.065,783.37,26.00,1/31/2025,15:12,Credit card,4.369267435
410-67-1709,A,Trichy,Member,Female,Fashion accessories,63.88,9,511.04,25.552,550.59,14.00,1/20/2025,17:48,Ewallet,10
587-73-4862,A,Trichy,Member,Female,Health and beauty,10.69,5,53.45,2.6725,100.12,44.00,3/26/2025,11:07,Ewallet,7.906293455
787-87-2010,A,Trichy,Member,Male,Health and beauty,55.5,4,222,11.1,274.10,41.00,1/20/2025,15:48,Credit card,6.865991684
593-14-4239,B,karur,Normal,Female,Home and lifestyle,95.46,9,763.68,38.184,816.86,15.00,5/3/2025,19:40,Ewallet,4.889418321
801-88-0346,C,Chennai,Normal,Female,Fashion accessories,76.06,3,228.18,11.409,273.59,34.00,5/1/2025,20:30,Credit card,10
388-76-2555,B,karur,Normal,Male,Sports and travel,13.69,6,82.14,4.107,129.25,43.00,2/13/2025,13:59,Cash,6.553901153
711-31-1234,B,karur,Normal,Female,Electronic accessories,95.64,4,382.56,19.128,432.69,31.00,3/16/2025,18:51,Cash,8.218383986
886-54-6089,A,Trichy,Normal,Female,Home and lifestyle,11.43,6,68.58,3.429,99.01,27.00,1/15/2025,17:24,Cash,8.010323632
707-32-7409,B,karur,Member,Female,Sports and travel,95.54,4,382.16,19.108,440.27,39.00,2/26/2025,11:58,Ewallet,4.681357966
759-98-4285,C,Chennai,Member,Female,Health and beauty,85.87,8,601.09,30.0545,658.14,27.00,2/27/2025,19:01,Credit card,8.322414163
201-63-8275,C,Chennai,Member,Female,Sports and travel,67.99,8,475.93,23.7965,539.73,40.00,2/17/2025,16:50,Ewallet,5.929720091
471-06-8611,C,Chennai,Normal,Female,Food and beverages,52.42,1,52.42,2.621,83.04,28.00,6/2/2025,10:22,Credit card,6.553901153
200-16-5952,C,Chennai,Member,Male,Food and beverages,65.65,2,131.3,6.565,150.87,13.00,1/17/2025,16:46,Cash,6.241810622
120-54-2248,B,karur,Normal,Female,Food and beverages,28.86,5,144.3,7.215,188.52,37.00,1/22/2025,18:08,Credit card,8.322414163
102-77-2261,C,Chennai,Member,Male,Health and beauty,65.31,8,457.17,22.8585,491.03,11.00,5/3/2025,18:02,Credit card,4.369267435
875-31-8302,B,karur,Normal,Male,Sports and travel,93.38,1,93.38,4.669,116.05,18.00,3/1/2025,13:07,Cash,9.986896995
102-06-2002,C,Chennai,Member,Male,Sports and travel,25.25,5,126.25,6.3125,165.56,33.00,3/20/2025,17:52,Cash,6.345840799
457-94-0464,B,karur,Member,Male,Electronic accessories,87.87,10,790.83,39.5415,861.37,31.00,1/31/2025,20:32,Ewallet,5.825689914
629-42-4133,C,Chennai,Normal,Male,Health and beauty,21.8,9,174.4,8.72,195.12,12.00,2/19/2025,19:24,Cash,8.634504694
534-53-3526,A,Trichy,Normal,Female,Sports and travel,94.76,4,379.04,18.952,421.99,24.00,11/2/2025,16:06,Ewallet,8.114353809
307-04-2070,A,Trichy,Member,Female,Fashion accessories,30.62,1,30.62,1.531,53.15,21.00,5/2/2025,14:14,Credit card,4.265237258
468-99-7231,C,Chennai,Normal,Female,Home and lifestyle,44.01,9,352.08,17.604,416.68,47.00,3/3/2025,17:36,Cash,9.154655579
516-77-6464,C,Chennai,Member,Female,Health and beauty,10.16,5,50.8,2.54,72.34,19.00,2/24/2025,13:08,Ewallet,4.265237258
404-91-5964,A,Trichy,Normal,Male,Electronic accessories,74.58,8,522.06,26.103,562.16,14.00,4/2/2025,16:09,Credit card,9.362715933
886-77-9084,C,Chennai,Normal,Male,Electronic accessories,71.89,9,575.12,28.756,618.88,15.00,2/19/2025,11:33,Ewallet,5.721659737
790-38-4466,C,Chennai,Normal,Female,Health and beauty,10.99,5,54.95,2.7475,100.70,43.00,1/23/2025,10:18,Credit card,9.674806464
704-10-4056,C,Chennai,Member,Male,Health and beauty,60.47,3,181.41,9.0705,230.48,40.00,1/14/2025,10:55,Credit card,5.825689914
497-37-6538,A,Trichy,Normal,Male,Sports and travel,58.91,8,412.37,20.6185,475.99,43.00,1/17/2025,15:15,Ewallet,10
651-96-5970,A,Trichy,Normal,Male,Fashion accessories,46.41,1,46.41,2.3205,87.73,39.00,3/3/2025,20:06,Credit card,4.161207081
400-80-4065,C,Chennai,Member,Male,Health and beauty,68.55,4,274.2,13.71,324.91,37.00,2/15/2025,20:21,Credit card,9.570776287
744-16-7898,B,karur,Normal,Female,Home and lifestyle,97.37,11,973.7,48.685,1054.39,32.00,1/15/2025,13:48,Credit card,5.097478675
263-12-5321,A,Trichy,Member,Male,Electronic accessories,92.6,8,648.2,32.41,696.61,16.00,2/27/2025,12:52,Credit card,9.674806464
702-72-0487,A,Trichy,Normal,Female,Electronic accessories,46.61,2,93.22,4.661,137.88,40.00,2/26/2025,12:28,Credit card,6.865991684
605-83-1050,B,karur,Normal,Male,Fashion accessories,27.18,2,54.36,2.718,100.08,43.00,3/15/2025,16:26,Ewallet,4.473297612
443-60-9639,C,Chennai,Member,Female,Home and lifestyle,60.87,1,60.87,3.0435,90.91,27.00,1/24/2025,13:24,Cash,5.721659737
864-24-7918,A,Trichy,Member,Female,Sports and travel,24.49,11,244.9,12.245,299.15,42.00,2/22/2025,15:15,Cash,8.42644434
359-94-5395,B,karur,Normal,Male,Health and beauty,92.78,1,92.78,4.639,144.42,47.00,3/15/2025,10:50,Credit card,10
401-09-4232,C,Chennai,Member,Male,Home and lifestyle,86.69,5,433.45,21.6725,489.12,34.00,11/2/2025,18:38,Ewallet,9.778836641
751-15-6198,B,karur,Normal,Male,Sports and travel,23.01,6,138.06,6.903,189.96,45.00,12/1/2025,16:45,Ewallet,8.218383986
324-41-6833,C,Chennai,Member,Female,Electronic accessories,30.2,9,241.6,12.08,297.68,44.00,3/3/2025,19:30,Ewallet,5.305539029
474-33-8305,C,Chennai,Member,Male,Fashion accessories,67.39,8,471.73,23.5865,515.32,20.00,3/23/2025,13:23,Ewallet,7.178082215
759-29-9521,A,Trichy,Member,Female,Fashion accessories,48.96,10,440.64,22.032,497.67,35.00,4/3/2025,11:27,Cash,8.322414163
831-81-6575,B,karur,Member,Female,Electronic accessories,75.59,10,680.31,34.0155,759.33,45.00,2/23/2025,11:12,Cash,8.322414163
220-68-6701,A,Trichy,Normal,Female,Home and lifestyle,77.47,4,309.88,15.494,343.37,18.00,3/17/2025,16:36,Cash,4.369267435
618-34-8551,A,Trichy,Normal,Female,Sports and travel,93.18,2,186.36,9.318,242.68,47.00,1/16/2025,18:41,Credit card,8.842565048
257-60-7754,A,Trichy,Normal,Female,Electronic accessories,50.23,4,200.92,10.046,248.97,38.00,8/1/2025,17:12,Cash,9.362715933
559-61-5987,B,karur,Normal,Female,Health and beauty,17.75,1,17.75,0.8875,53.64,35.00,1/14/2025,10:38,Cash,8.946595225
189-55-2313,C,Chennai,Normal,Female,Fashion accessories,62.18,11,621.8,31.09,665.89,13.00,1/31/2025,10:33,Ewallet,6.241810622
565-91-4567,B,karur,Normal,Male,Health and beauty,10.75,9,86,4.3,132.30,42.00,3/15/2025,14:38,Ewallet,6.449870976
380-60-5336,A,Trichy,Normal,Female,Electronic accessories,40.26,11,402.6,20.13,433.73,11.00,2/24/2025,18:06,Credit card,5.201508852
815-04-6282,C,Chennai,Member,Female,Sports and travel,64.97,5,324.85,16.2425,362.09,21.00,8/2/2025,12:52,Credit card,6.761961507
674-56-6360,A,Trichy,Normal,Male,Electronic accessories,95.15,1,95.15,4.7575,131.91,32.00,3/22/2025,14:00,Cash,6.241810622
778-34-2523,A,Trichy,Member,Female,Electronic accessories,48.62,9,388.96,19.448,440.41,32.00,1/24/2025,10:57,Cash,5.201508852
499-27-7781,B,karur,Normal,Female,Food and beverages,53.21,9,425.68,21.284,496.96,50.00,3/14/2025,16:45,Ewallet,5.201508852
477-59-2456,C,Chennai,Normal,Female,Fashion accessories,45.44,8,318.08,15.904,376.98,43.00,1/23/2025,11:15,Cash,9.570776287
832-51-6761,A,Trichy,Normal,Male,Food and beverages,33.88,9,271.04,13.552,313.59,29.00,1/19/2025,20:29,Ewallet,9.986896995
869-11-3082,B,karur,Member,Male,Health and beauty,96.16,4,384.64,19.232,439.87,36.00,1/27/2025,20:03,Credit card,8.738534871
190-59-3964,B,karur,Member,Male,Food and beverages,47.16,5,235.8,11.79,282.59,35.00,3/2/2025,14:35,Credit card,6.241810622
366-43-6862,B,karur,Normal,Male,Electronic accessories,52.89,4,211.56,10.578,243.14,21.00,3/25/2025,16:32,Ewallet,6.970021861
186-43-8965,A,Trichy,Member,Female,Home and lifestyle,47.68,2,95.36,4.768,144.13,44.00,2/24/2025,10:10,Credit card,4.265237258
784-21-9238,C,Chennai,Member,Male,Sports and travel,10.17,1,10.17,0.5085,56.68,46.00,7/2/2025,14:15,Cash,6.137780445
276-75-6884,A,Trichy,Normal,Female,Health and beauty,68.71,3,206.13,10.3065,251.44,35.00,4/3/2025,10:05,Cash,9.050625402
109-86-4363,B,karur,Member,Female,Sports and travel,60.08,8,420.56,21.028,481.59,40.00,2/14/2025,11:36,Credit card,4.681357966
569-76-2760,A,Trichy,Member,Female,Sports and travel,22.01,4,88.04,4.402,131.44,39.00,1/29/2025,18:15,Credit card,6.865991684
222-42-0244,B,karur,Member,Female,Health and beauty,72.11,10,648.99,32.4495,698.44,17.00,1/28/2025,13:53,Credit card,8.010323632
760-53-9233,A,Trichy,Member,Male,Fashion accessories,41.28,3,123.84,6.192,174.03,44.00,3/26/2025,18:37,Credit card,8.842565048
538-22-0304,C,Chennai,Normal,Male,Electronic accessories,64.95,11,649.5,32.475,708.98,27.00,3/24/2025,18:27,Cash,5.409569206
416-17-9926,A,Trichy,Member,Female,Electronic accessories,74.22,11,742.2,37.11,819.31,40.00,1/1/2025,14:42,Credit card,4.473297612
237-44-6163,A,Trichy,Normal,Male,Electronic accessories,10.56,9,84.48,4.224,128.70,40.00,1/24/2025,17:43,Cash,7.906293455
636-17-0325,B,karur,Normal,Male,Health and beauty,62.57,4,250.28,12.514,307.79,45.00,2/25/2025,18:37,Cash,9.882866818
343-75-9322,B,karur,Member,Female,Sports and travel,11.85,9,94.8,4.74,124.54,25.00,9/1/2025,16:34,Cash,4.265237258
528-14-9470,A,Trichy,Member,Male,Health and beauty,91.3,1,91.3,4.565,115.87,20.00,2/14/2025,14:42,Ewallet,9.570776287
427-45-9297,B,karur,Member,Female,Home and lifestyle,40.73,8,285.11,14.2555,348.37,49.00,12/3/2025,11:01,Ewallet,5.61762956
807-34-3742,A,Trichy,Normal,Male,Fashion accessories,52.38,1,52.38,2.619,79.00,24.00,3/26/2025,19:44,Cash,6.033750268
288-62-1085,A,Trichy,Member,Male,Fashion accessories,38.54,5,192.7,9.635,227.34,25.00,9/1/2025,13:34,Ewallet,5.825689914
670-71-7306,B,karur,Normal,Male,Sports and travel,44.63,6,267.78,13.389,305.17,24.00,2/1/2025,20:08,Credit card,5.305539029
660-29-7083,C,Chennai,Normal,Male,Electronic accessories,55.87,11,558.7,27.935,612.64,26.00,1/15/2025,15:01,Cash,6.033750268
271-77-8740,C,Chennai,Member,Female,Sports and travel,29.22,6,175.32,8.766,220.09,36.00,1/1/2025,11:40,Ewallet,5.201508852
497-36-0989,A,Trichy,Normal,Male,Fashion accessories,51.94,3,155.82,7.791,174.61,11.00,2/15/2025,15:21,Cash,8.218383986
291-59-1384,B,karur,Normal,Male,Electronic accessories,60.3,1,60.3,3.015,97.32,34.00,2/28/2025,17:38,Cash,6.241810622
860-73-6466,A,Trichy,Member,Female,Sports and travel,39.47,2,78.94,3.947,109.89,27.00,2/3/2025,16:16,Credit card,5.201508852
549-23-9016,C,Chennai,Member,Female,Food and beverages,14.87,2,29.74,1.487,68.23,37.00,2/13/2025,18:15,Credit card,9.258685756
896-34-0956,A,Trichy,Normal,Male,Fashion accessories,21.32,1,21.32,1.066,69.39,47.00,1/26/2025,12:43,Cash,6.137780445
804-38-3935,A,Trichy,Member,Male,Electronic accessories,93.78,3,281.34,14.067,327.41,32.00,1/30/2025,11:32,Credit card,6.137780445
585-90-0249,A,Trichy,Member,Male,Electronic accessories,73.26,1,73.26,3.663,111.92,35.00,1/27/2025,18:08,Ewallet,10
862-29-5914,C,Chennai,Normal,Female,Sports and travel,22.38,1,22.38,1.119,51.50,28.00,1/30/2025,17:08,Credit card,8.946595225
845-94-6841,C,Chennai,Member,Female,Food and beverages,72.88,10,655.92,32.796,734.72,46.00,8/1/2025,19:38,Cash,4.161207081
125-45-2293,A,Trichy,Normal,Female,Fashion accessories,99.1,6,594.6,29.73,666.33,42.00,1/19/2025,13:11,Cash,4.369267435
843-73-4724,A,Trichy,Normal,Male,Fashion accessories,74.1,1,74.1,3.705,119.81,42.00,1/25/2025,11:05,Cash,9.570776287
409-33-9708,A,Trichy,Normal,Female,Fashion accessories,98.48,2,196.96,9.848,252.81,46.00,2/19/2025,10:12,Ewallet,9.570776287
658-66-3967,C,Chennai,Normal,Male,Health and beauty,53.19,8,372.33,18.6165,413.95,23.00,1/14/2025,15:42,Ewallet,5.201508852
866-70-2814,B,karur,Normal,Female,Electronic accessories,52.79,11,527.9,26.395,586.30,32.00,2/25/2025,11:58,Ewallet,10
160-22-2687,A,Trichy,Member,Female,Health and beauty,95.95,5,479.75,23.9875,529.74,26.00,1/23/2025,14:21,Ewallet,9.154655579
895-03-6665,B,karur,Normal,Female,Fashion accessories,36.51,10,328.59,16.4295,369.02,24.00,2/16/2025,10:52,Cash,4.369267435
770-42-8960,B,karur,Normal,Male,Food and beverages,21.12,9,168.96,8.448,205.41,28.00,1/1/2025,19:31,Cash,6.553901153
748-45-2862,A,Trichy,Member,Female,Home and lifestyle,28.31,4,113.24,5.662,161.90,43.00,7/3/2025,18:35,Cash,8.530474517
234-36-2483,B,karur,Normal,Male,Health and beauty,57.59,6,345.54,17.277,401.82,39.00,2/15/2025,13:51,Cash,5.305539029
316-66-3011,A,Trichy,Member,Female,Food and beverages,47.63,10,428.67,21.4335,487.10,37.00,1/23/2025,12:35,Cash,5.201508852
848-95-6252,C,Chennai,Member,Female,Home and lifestyle,86.27,1,86.27,4.3135,110.58,20.00,2/20/2025,13:24,Ewallet,7.282112392
840-76-5966,A,Trichy,Member,Male,Sports and travel,12.76,2,25.52,1.276,65.80,39.00,8/1/2025,18:06,Ewallet,8.114353809
152-03-4217,B,karur,Normal,Female,Home and lifestyle,11.28,10,101.52,5.076,134.60,28.00,3/17/2025,11:55,Credit card,4.473297612
533-66-5566,B,karur,Normal,Female,Home and lifestyle,51.07,8,357.49,17.8745,394.36,19.00,12/1/2025,11:42,Cash,7.282112392
124-31-1458,A,Trichy,Member,Female,Electronic accessories,79.59,3,238.77,11.9385,271.71,21.00,8/1/2025,14:30,Cash,6.865991684
176-78-1170,C,Chennai,Member,Male,Health and beauty,33.81,3,101.43,5.0715,131.50,25.00,1/26/2025,15:11,Ewallet,7.594202923
361-59-0574,B,karur,Member,Male,Sports and travel,90.53,9,724.24,36.212,810.45,50.00,3/15/2025,14:48,Credit card,6.761961507
101-81-4070,C,Chennai,Member,Female,Health and beauty,62.82,2,125.64,6.282,172.92,41.00,1/17/2025,12:36,Ewallet,5.097478675
631-34-1880,C,Chennai,Member,Male,Food and beverages,24.31,3,72.93,3.6465,90.58,14.00,8/1/2025,19:09,Credit card,4.473297612
852-82-2749,A,Trichy,Normal,Male,Sports and travel,64.59,4,258.36,12.918,303.28,32.00,6/1/2025,13:35,Ewallet,9.674806464
873-14-6353,A,Trichy,Member,Male,Food and beverages,24.82,8,173.74,8.687,228.43,46.00,2/16/2025,10:33,Credit card,7.386142569
584-66-4073,C,Chennai,Normal,Male,Fashion accessories,56.5,1,56.5,2.825,95.33,36.00,3/13/2025,15:45,Ewallet,9.986896995
544-55-9589,B,karur,Member,Female,Electronic accessories,21.43,11,214.3,10.715,258.02,33.00,1/28/2025,11:51,Cash,6.449870976
166-19-2553,A,Trichy,Member,Male,Sports and travel,89.06,6,534.36,26.718,575.08,14.00,1/18/2025,17:26,Cash,10
737-88-5876,A,Trichy,Member,Male,Home and lifestyle,23.29,4,93.16,4.658,138.82,41.00,3/19/2025,11:52,Credit card,6.137780445
154-87-7367,C,Chennai,Normal,Male,Home and lifestyle,65.26,9,522.08,26.104,592.18,44.00,3/15/2025,14:04,Ewallet,6.553901153
885-56-0389,C,Chennai,Member,Male,Fashion accessories,52.35,1,52.35,2.6175,64.97,10.00,12/2/2025,17:49,Cash,4.161207081
608-05-3804,B,karur,Member,Male,Electronic accessories,39.75,1,39.75,1.9875,90.74,49.00,2/25/2025,20:19,Cash,6.345840799
448-61-3783,A,Trichy,Normal,Female,Electronic accessories,90.02,9,720.16,36.008,800.17,44.00,3/21/2025,16:08,Credit card,4.681357966
761-49-0439,B,karur,Member,Female,Electronic accessories,12.1,9,96.8,4.84,113.64,12.00,1/19/2025,10:17,Ewallet,8.946595225
490-95-0021,B,karur,Member,Female,Food and beverages,33.21,11,332.1,16.605,378.71,30.00,8/1/2025,14:25,Ewallet,6.241810622
115-38-7388,C,Chennai,Member,Female,Fashion accessories,10.18,9,81.44,4.072,120.51,35.00,3/30/2025,12:51,Credit card,9.882866818
311-13-6971,B,karur,Member,Male,Sports and travel,31.99,11,319.9,15.995,373.90,38.00,2/20/2025,15:18,Credit card,10
291-55-6563,A,Trichy,Member,Female,Home and lifestyle,34.42,6,206.52,10.326,243.85,27.00,3/30/2025,12:45,Ewallet,7.802263277
548-48-3156,A,Trichy,Member,Female,Food and beverages,83.34,2,166.68,8.334,200.01,25.00,3/19/2025,13:37,Cash,7.906293455
460-93-5834,A,Trichy,Normal,Male,Sports and travel,45.58,8,319.06,15.953,382.01,47.00,1/13/2025,10:03,Cash,5.201508852
325-89-4209,A,Trichy,Member,Male,Food and beverages,87.9,1,87.9,4.395,138.30,46.00,5/2/2025,19:42,Ewallet,6.970021861
884-80-6021,A,Trichy,Member,Female,Electronic accessories,73.47,11,734.7,36.735,818.44,47.00,3/23/2025,13:14,Ewallet,9.882866818
137-74-8729,C,Chennai,Normal,Female,Fashion accessories,12.19,9,97.52,4.876,112.40,10.00,3/13/2025,12:47,Ewallet,7.074052038
880-46-5796,A,Trichy,Member,Male,Sports and travel,76.92,11,769.2,38.46,855.66,48.00,3/17/2025,19:53,Ewallet,5.825689914
389-70-2397,C,Chennai,Normal,Female,Health and beauty,83.66,5,418.3,20.915,478.22,39.00,2/21/2025,10:26,Cash,7.490172746
114-35-5271,B,karur,Normal,Female,Electronic accessories,57.91,9,463.28,23.164,516.44,30.00,7/2/2025,15:06,Cash,8.42644434
607-76-6216,C,Chennai,Member,Female,Fashion accessories,92.49,5,462.45,23.1225,529.57,44.00,2/3/2025,16:35,Credit card,8.946595225
715-20-1673,B,karur,Normal,Male,Electronic accessories,28.38,5,141.9,7.095,166.00,17.00,6/3/2025,20:57,Cash,9.778836641
811-35-1094,B,karur,Member,Male,Electronic accessories,50.45,6,302.7,15.135,365.84,48.00,6/2/2025,15:16,Credit card,9.258685756
699-88-1972,B,karur,Normal,Male,Health and beauty,99.16,9,793.28,39.664,863.94,31.00,1/28/2025,17:47,Credit card,4.369267435
781-84-8059,C,Chennai,Normal,Male,Fashion accessories,60.74,8,425.18,21.259,493.44,47.00,1/18/2025,16:23,Ewallet,5.201508852
409-49-6995,C,Chennai,Member,Female,Food and beverages,47.27,6,283.62,14.181,311.80,14.00,5/2/2025,10:17,Cash,9.154655579
725-54-0677,C,Chennai,Member,Male,Health and beauty,85.6,8,599.2,29.96,655.16,26.00,2/3/2025,13:50,Cash,5.513599383
146-09-5432,A,Trichy,Member,Male,Food and beverages,35.04,10,315.36,15.768,380.13,49.00,9/2/2025,19:17,Ewallet,4.785388144
377-79-7592,C,Chennai,Member,Female,Electronic accessories,44.84,10,403.56,20.178,467.74,44.00,1/14/2025,14:00,Credit card,7.802263277
509-10-0516,B,karur,Normal,Male,Home and lifestyle,45.97,4,183.88,9.194,221.07,28.00,9/2/2025,12:02,Ewallet,5.305539029
595-94-9924,A,Trichy,Member,Female,Health and beauty,27.73,5,138.65,6.9325,168.58,23.00,3/26/2025,20:21,Credit card,4.369267435
865-41-9075,A,Trichy,Normal,Male,Food and beverages,11.53,8,80.71,4.0355,106.75,22.00,1/28/2025,17:35,Cash,8.42644434
545-07-8534,C,Chennai,Normal,Female,Health and beauty,58.32,2,116.64,5.832,170.47,48.00,2/14/2025,12:42,Ewallet,6.241810622
118-62-1812,C,Chennai,Member,Female,Home and lifestyle,78.38,4,313.52,15.676,366.20,37.00,3/24/2025,17:56,Cash,8.218383986
450-42-3339,C,Chennai,Normal,Male,Health and beauty,84.61,11,846.1,42.305,900.41,12.00,9/2/2025,18:58,Credit card,9.154655579
851-98-3555,B,karur,Normal,Female,Health and beauty,82.88,5,414.4,20.72,460.12,25.00,3/24/2025,14:08,Credit card,6.865991684
186-71-5196,A,Trichy,Member,Female,Food and beverages,79.54,2,159.08,7.954,209.03,42.00,3/27/2025,16:30,Ewallet,6.449870976
624-01-8356,B,karur,Normal,Female,Home and lifestyle,49.01,11,490.1,24.505,555.61,41.00,1/27/2025,10:44,Credit card,4.369267435
313-66-9943,B,karur,Member,Female,Food and beverages,29.15,3,87.45,4.3725,126.82,35.00,3/27/2025,20:29,Credit card,7.594202923
151-27-8496,C,Chennai,Normal,Female,Electronic accessories,56.13,4,224.52,11.226,260.75,25.00,1/19/2025,11:43,Ewallet,8.946595225
453-33-6436,A,Trichy,Normal,Female,Home and lifestyle,93.12,9,744.96,37.248,796.21,14.00,7/2/2025,10:09,Cash,7.074052038
522-57-8364,A,Trichy,Member,Male,Fashion accessories,51.34,9,410.72,20.536,463.26,32.00,1/31/2025,10:00,Ewallet,7.906293455
459-45-2396,A,Trichy,Member,Female,Food and beverages,99.6,3,298.8,14.94,336.74,23.00,2/25/2025,18:45,Cash,6.033750268
717-96-4189,C,Chennai,Normal,Female,Electronic accessories,35.49,6,212.94,10.647,238.59,15.00,2/2/2025,12:40,Cash,4.265237258
722-13-2115,C,Chennai,Member,Male,Sports and travel,42.85,1,42.85,2.1425,78.99,34.00,3/14/2025,15:36,Credit card,9.674806464
749-81-8133,A,Trichy,Normal,Female,Fashion accessories,94.67,4,378.68,18.934,421.61,24.00,11/3/2025,12:04,Cash,7.074052038
777-67-2495,B,karur,Normal,Male,Home and lifestyle,68.97,3,206.91,10.3455,234.26,17.00,2/22/2025,11:26,Ewallet,9.050625402
636-98-3364,B,karur,Member,Female,Electronic accessories,26.26,3,78.78,3.939,103.72,21.00,2/3/2025,12:36,Ewallet,6.553901153
246-55-6923,C,Chennai,Member,Female,Home and lifestyle,35.79,10,322.11,16.1055,360.22,22.00,10/3/2025,15:06,Credit card,5.305539029
181-82-6255,B,karur,Normal,Female,Home and lifestyle,16.37,6,98.22,4.911,135.13,32.00,8/2/2025,10:58,Cash,7.282112392
838-02-1821,C,Chennai,Member,Female,Home and lifestyle,12.73,2,25.46,1.273,68.73,42.00,2/22/2025,12:10,Credit card,5.409569206
887-42-0517,C,Chennai,Normal,Female,Sports and travel,83.14,8,581.98,29.099,660.08,49.00,10/1/2025,10:31,Credit card,6.865991684
457-12-0244,C,Chennai,Member,Female,Sports and travel,35.22,6,211.32,10.566,259.89,38.00,3/14/2025,13:49,Ewallet,6.761961507
226-34-0034,B,karur,Normal,Female,Electronic accessories,13.78,4,55.12,2.756,102.88,45.00,10/1/2025,11:10,Ewallet,9.362715933
321-49-7382,B,karur,Member,Male,Sports and travel,88.31,1,88.31,4.4155,130.73,38.00,2/15/2025,17:38,Credit card,5.409569206
397-25-8725,A,Trichy,Member,Female,Health and beauty,39.62,10,356.58,17.829,407.41,33.00,1/13/2025,17:54,Credit card,7.074052038
431-66-2305,B,karur,Normal,Female,Electronic accessories,88.25,10,794.25,39.7125,850.96,17.00,2/15/2025,20:51,Credit card,7.906293455
825-94-5922,B,karur,Normal,Male,Sports and travel,25.31,2,50.62,2.531,103.15,50.00,2/3/2025,19:26,Ewallet,7.490172746
641-62-7288,B,karur,Normal,Male,Home and lifestyle,99.92,6,599.52,29.976,650.50,21.00,3/24/2025,13:33,Ewallet,7.386142569
756-93-1854,C,Chennai,Member,Female,Fashion accessories,83.35,2,166.7,8.335,199.04,24.00,2/2/2025,14:05,Credit card,9.882866818
243-55-8457,A,Trichy,Normal,Female,Food and beverages,74.44,11,744.4,37.22,809.62,28.00,2/27/2025,11:40,Ewallet,5.305539029
458-10-8612,C,Chennai,Normal,Male,Health and beauty,64.08,8,448.56,22.428,514.99,44.00,1/20/2025,12:27,Ewallet,7.906293455
501-61-1753,B,karur,Normal,Female,Home and lifestyle,63.15,6,378.9,18.945,439.85,42.00,3/1/2025,20:24,Ewallet,10
235-06-8510,C,Chennai,Member,Male,Home and lifestyle,85.72,3,257.16,12.858,297.02,27.00,1/24/2025,20:59,Ewallet,5.305539029
433-08-7822,C,Chennai,Normal,Female,Health and beauty,78.89,8,552.23,27.6115,600.84,21.00,5/1/2025,19:48,Ewallet,7.802263277
361-85-2571,A,Trichy,Normal,Female,Sports and travel,89.48,5,447.4,22.37,487.77,18.00,3/30/2025,10:18,Cash,7.6982331
131-70-8179,A,Trichy,Member,Female,Health and beauty,92.09,3,276.27,13.8135,328.08,38.00,2/17/2025,16:27,Cash,4.369267435
500-02-2261,C,Chennai,Normal,Female,Food and beverages,57.29,6,343.74,17.187,391.93,31.00,3/21/2025,17:04,Ewallet,6.137780445
720-72-2436,A,Trichy,Normal,Male,Food and beverages,66.52,4,266.08,13.304,320.38,41.00,2/3/2025,18:14,Ewallet,7.178082215
702-83-5291,C,Chennai,Member,Male,Fashion accessories,99.82,10,898.38,44.919,982.30,39.00,3/27/2025,10:43,Cash,6.865991684
809-69-9497,A,Trichy,Normal,Female,Home and lifestyle,45.68,11,456.8,22.84,499.64,20.00,1/19/2025,19:30,Ewallet,5.929720091
449-16-6770,A,Trichy,Normal,Male,Health and beauty,50.79,5,253.95,12.6975,302.65,36.00,2/19/2025,14:53,Credit card,5.513599383
333-23-2632,A,Trichy,Member,Male,Health and beauty,10.08,8,70.56,3.528,121.09,47.00,3/28/2025,20:14,Cash,4.369267435
489-82-1237,A,Trichy,Normal,Female,Electronic accessories,93.88,8,657.16,32.858,702.02,12.00,5/1/2025,11:51,Credit card,7.594202923
859-97-6048,C,Chennai,Member,Male,Electronic accessories,84.25,2,168.5,8.425,224.93,48.00,3/26/2025,14:13,Credit card,5.513599383
676-10-2200,B,karur,Member,Male,Fashion accessories,53.78,1,53.78,2.689,81.47,25.00,3/2/2025,20:13,Ewallet,4.889418321
373-88-1424,C,Chennai,Member,Male,Home and lifestyle,35.81,5,179.05,8.9525,237.00,49.00,6/2/2025,18:44,Ewallet,8.218383986
365-16-4334,B,karur,Normal,Female,Food and beverages,26.43,9,211.44,10.572,261.01,39.00,2/24/2025,14:26,Ewallet,9.258685756
503-21-4385,B,karur,Member,Male,Health and beauty,39.91,3,119.73,5.9865,159.72,34.00,2/21/2025,12:40,Ewallet,9.674806464
305-89-2768,B,karur,Member,Female,Home and lifestyle,21.9,3,65.7,3.285,104.99,36.00,9/1/2025,18:43,Ewallet,4.889418321
574-80-1489,B,karur,Member,Female,Food and beverages,62.85,4,251.4,12.57,288.97,25.00,2/25/2025,13:22,Ewallet,9.050625402
784-08-0310,C,Chennai,Member,Female,Food and beverages,21.04,4,84.16,4.208,132.37,44.00,1/13/2025,13:58,Cash,7.906293455
200-40-6154,B,karur,Member,Male,Home and lifestyle,65.91,6,395.46,19.773,443.23,28.00,9/2/2025,11:45,Cash,5.929720091
846-10-0341,A,Trichy,Normal,Female,Fashion accessories,42.57,8,297.99,14.8995,328.89,16.00,6/1/2025,11:51,Cash,7.074052038
577-34-7579,C,Chennai,Member,Male,Food and beverages,50.49,10,454.41,22.7205,499.13,22.00,10/1/2025,17:16,Cash,5.61762956
430-02-3888,B,karur,Normal,Male,Electronic accessories,46.02,6,276.12,13.806,326.93,37.00,7/2/2025,15:55,Cash,7.386142569
867-47-1948,C,Chennai,Normal,Female,Home and lifestyle,15.8,11,158,7.9,192.90,27.00,9/1/2025,12:07,Cash,8.114353809
384-59-6655,A,Trichy,Member,Female,Food and beverages,98.66,10,887.94,44.397,943.34,11.00,2/19/2025,15:07,Cash,8.738534871
256-58-3609,C,Chennai,Member,Male,Fashion accessories,91.98,1,91.98,4.599,120.58,24.00,3/18/2025,15:29,Cash,10
324-92-3863,A,Trichy,Member,Male,Electronic accessories,20.89,2,41.78,2.089,63.87,20.00,5/2/2025,18:45,Cash,10
593-08-5916,A,Trichy,Normal,Female,Fashion accessories,15.5,1,15.5,0.775,30.28,14.00,3/19/2025,15:23,Credit card,7.6982331
364-34-2972,C,Chennai,Member,Male,Electronic accessories,96.82,3,290.46,14.523,333.98,29.00,3/30/2025,20:37,Cash,6.970021861
794-42-3736,B,karur,Normal,Male,Food and beverages,33.33,2,66.66,3.333,93.99,24.00,1/26/2025,14:41,Credit card,6.65793133
172-42-8274,B,karur,Normal,Female,Electronic accessories,38.27,2,76.54,3.827,109.37,29.00,2/3/2025,18:18,Credit card,6.033750268
558-60-5016,A,Trichy,Normal,Female,Home and lifestyle,33.3,10,299.7,14.985,337.69,23.00,4/3/2025,15:27,Ewallet,7.490172746
195-06-0432,A,Trichy,Member,Male,Home and lifestyle,81.01,3,243.03,12.1515,290.18,35.00,1/13/2025,12:55,Credit card,9.674806464
605-03-2706,A,Trichy,Normal,Female,Health and beauty,15.8,3,47.4,2.37,89.77,40.00,3/25/2025,18:02,Cash,9.882866818
214-30-2776,B,karur,Member,Female,Electronic accessories,34.49,5,172.45,8.6225,224.07,43.00,11/3/2025,19:44,Credit card,9.362715933
746-04-1077,B,karur,Member,Female,Food and beverages,84.63,11,846.3,42.315,921.62,33.00,1/1/2025,11:36,Credit card,9.362715933
448-34-8700,B,karur,Member,Male,Home and lifestyle,36.91,8,258.37,12.9185,295.29,24.00,10/2/2025,13:51,Ewallet,6.970021861
452-04-8808,B,karur,Normal,Male,Electronic accessories,87.08,8,609.56,30.478,690.04,50.00,1/26/2025,15:17,Cash,5.721659737
531-56-4728,A,Trichy,Normal,Male,Home and lifestyle,80.08,3,240.24,12.012,273.25,21.00,11/2/2025,15:29,Cash,5.61762956
744-82-9138,C,Chennai,Normal,Male,Fashion accessories,86.13,2,172.26,8.613,213.87,33.00,7/2/2025,17:59,Cash,8.530474517
883-69-1285,B,karur,Member,Male,Fashion accessories,49.92,2,99.84,4.992,148.83,44.00,6/3/2025,11:55,Credit card,7.282112392
221-25-5073,A,Trichy,Normal,Female,Food and beverages,74.66,4,298.64,14.932,325.57,12.00,4/3/2025,10:39,Cash,8.842565048
518-71-6847,B,karur,Member,Male,Food and beverages,26.6,6,159.6,7.98,200.58,33.00,2/26/2025,15:10,Ewallet,5.097478675
156-20-0370,B,karur,Normal,Female,Electronic accessories,25.45,1,25.45,1.2725,73.72,47.00,10/3/2025,18:10,Credit card,5.305539029
151-33-7434,B,karur,Normal,Female,Food and beverages,67.77,1,67.77,3.3885,96.16,25.00,4/2/2025,20:43,Credit card,6.761961507
728-47-9078,C,Chennai,Member,Male,Food and beverages,59.59,4,238.36,11.918,261.28,11.00,1/19/2025,12:46,Cash,10
809-46-1866,A,Trichy,Normal,Male,Health and beauty,58.15,4,232.6,11.63,279.23,35.00,1/23/2025,17:44,Cash,8.738534871
139-32-4183,A,Trichy,Member,Female,Sports and travel,97.48,10,877.32,43.866,931.19,10.00,3/14/2025,14:19,Ewallet,7.6982331
148-41-7930,C,Chennai,Normal,Male,Health and beauty,99.96,8,699.72,34.986,775.71,41.00,1/23/2025,10:33,Cash,6.345840799
189-40-5216,C,Chennai,Normal,Male,Electronic accessories,96.37,8,674.59,33.7295,733.32,25.00,9/1/2025,11:40,Cash,6.241810622
374-38-5555,B,karur,Normal,Female,Fashion accessories,63.71,5,318.55,15.9275,353.48,19.00,7/2/2025,19:30,Ewallet,8.842565048
764-44-8999,B,karur,Normal,Female,Health and beauty,14.76,2,29.52,1.476,57.00,26.00,2/18/2025,14:42,Ewallet,4.473297612
552-44-5977,B,karur,Member,Male,Health and beauty,62,9,496,24.8,536.80,16.00,3/1/2025,19:08,Credit card,6.449870976
267-62-7380,C,Chennai,Member,Male,Electronic accessories,82.34,11,823.4,41.17,898.57,34.00,3/29/2025,19:12,Ewallet,4.473297612
430-53-4718,B,karur,Member,Male,Health and beauty,75.37,9,602.96,30.148,681.11,48.00,1/28/2025,15:46,Credit card,8.738534871
886-18-2897,A,Trichy,Normal,Female,Food and beverages,56.56,5,282.8,14.14,332.94,36.00,3/22/2025,19:06,Credit card,4.681357966
602-16-6955,B,karur,Normal,Female,Sports and travel,76.6,11,766,38.3,829.30,25.00,1/24/2025,18:10,Ewallet,6.241810622
745-74-0715,A,Trichy,Normal,Male,Electronic accessories,58.03,2,116.06,5.803,164.86,43.00,10/3/2025,20:46,Ewallet,9.154655579
690-01-6631,B,karur,Normal,Male,Fashion accessories,17.49,11,174.9,8.745,199.65,16.00,2/22/2025,18:35,Ewallet,6.865991684
652-49-6720,C,Chennai,Member,Female,Electronic accessories,60.95,1,60.95,3.0475,109.00,45.00,2/18/2025,11:40,Ewallet,6.137780445
233-67-5758,C,Chennai,Normal,Male,Health and beauty,40.35,1,40.35,2.0175,89.37,47.00,1/29/2025,13:46,Ewallet,6.449870976
303-96-2227,B,karur,Normal,Female,Home and lifestyle,97.38,11,973.8,48.69,1057.49,35.00,2/3/2025,17:16,Ewallet,4.577327789
727-02-1313,A,Trichy,Member,Male,Food and beverages,31.84,1,31.84,1.592,77.43,44.00,9/2/2025,13:22,Cash,8.010323632
347-56-2442,A,Trichy,Normal,Male,Home and lifestyle,65.82,1,65.82,3.291,100.11,31.00,2/22/2025,15:33,Cash,4.265237258
849-09-3807,A,Trichy,Member,Female,Fashion accessories,88.34,8,618.38,30.919,675.30,26.00,2/18/2025,13:28,Cash,6.865991684
